model_pair,draft_model,benchmark,run,item_id,correct,construct,analysis_source
Qwen2.5-0.5B→Qwen2.5-7B,Qwen/Qwen2.5-0.5B,gsm8k,0,gsm8k_0,0,math_reasoning,projected
Qwen2.5-0.5B→Qwen2.5-7B,Qwen/Qwen2.5-0.5B,gsm8k,0,gsm8k_1,0,math_reasoning,projected
Qwen2.5-0.5B→Qwen2.5-7B,Qwen/Qwen2.5-0.5B,gsm8k,0,gsm8k_2,0,math_reasoning,projected
Qwen2.5-0.5B→Qwen2.5-7B,Qwen/Qwen2.5-0.5B,gsm8k,0,gsm8k_3,1,math_reasoning,projected
Qwen2.5-0.5B→Qwen2.5-7B,Qwen/Qwen2.5-0.5B,gsm8k,0,gsm8k_4,0,math_reasoning,projected
Qwen2.5-0.5B→Qwen2.5-7B,Qwen/Qwen2.5-0.5B,gsm8k,0,gsm8k_5,0,math_reasoning,projected
Qwen2.5-0.5B→Qwen2.5-7B,Qwen/Qwen2.5-0.5B,gsm8k,0,gsm8k_6,0,math_reasoning,projected
Qwen2.5-0.5B→Qwen2.5-7B,Qwen/Qwen2.5-0.5B,gsm8k,0,gsm8k_7,0,math_reasoning,projected
Qwen2.5-0.5B→Qwen2.5-7B,Qwen/Qwen2.5-0.5B,gsm8k,0,gsm8k_8,0,math_reasoning,projected
Qwen2.5-0.5B→Qwen2.5-7B,Qwen/Qwen2.5-0.5B,gsm8k,0,gsm8k_9,0,math_reasoning,projected
Qwen2.5-0.5B→Qwen2.5-7B,Qwen/Qwen2.5-0.5B,gsm8k,0,gsm8k_10,0,math_reasoning,projected
Qwen2.5-0.5B→Qwen2.5-7B,Qwen/Qwen2.5-0.5B,gsm8k,0,gsm8k_11,0,math_reasoning,projected
Qwen2.5-0.5B→Qwen2.5-7B,Qwen/Qwen2.5-0.5B,gsm8k,0,gsm8k_12,0,math_reasoning,projected
Qwen2.5-0.5B→Qwen2.5-7B,Qwen/Qwen2.5-0.5B,gsm8k,0,gsm8k_13,0,math_reasoning,projected
Qwen2.5-0.5B→Qwen2.5-7B,Qwen/Qwen2.5-0.5B,gsm8k,0,gsm8k_14,0,math_reasoning,projected
Qwen2.5-0.5B→Qwen2.5-7B,Qwen/Qwen2.5-0.5B,gsm8k,0,gsm8k_15,0,math_reasoning,projected
Qwen2.5-0.5B→Qwen2.5-7B,Qwen/Qwen2.5-0.5B,gsm8k,0,gsm8k_16,0,math_reasoning,projected
Qwen2.5-0.5B→Qwen2.5-7B,Qwen/Qwen2.5-0.5B,gsm8k,0,gsm8k_17,1,math_reasoning,projected
Qwen2.5-0.5B→Qwen2.5-7B,Qwen/Qwen2.5-0.5B,gsm8k,0,gsm8k_18,0,math_reasoning,projected
Qwen2.5-0.5B→Qwen2.5-7B,Qwen/Qwen2.5-0.5B,gsm8k,0,gsm8k_19,0,math_reasoning,projected
Qwen2.5-0.5B→Qwen2.5-7B,Qwen/Qwen2.5-0.5B,mmlu,0,mmlu_0,0,knowledge_reasoning,observed_full
Qwen2.5-0.5B→Qwen2.5-7B,Qwen/Qwen2.5-0.5B,mmlu,0,mmlu_1,0,knowledge_reasoning,observed_full
Qwen2.5-0.5B→Qwen2.5-7B,Qwen/Qwen2.5-0.5B,mmlu,0,mmlu_2,1,knowledge_reasoning,observed_full
Qwen2.5-0.5B→Qwen2.5-7B,Qwen/Qwen2.5-0.5B,mmlu,0,mmlu_3,1,knowledge_reasoning,observed_full
Qwen2.5-0.5B→Qwen2.5-7B,Qwen/Qwen2.5-0.5B,mmlu,0,mmlu_4,1,knowledge_reasoning,observed_full
Qwen2.5-0.5B→Qwen2.5-7B,Qwen/Qwen2.5-0.5B,mmlu,0,mmlu_5,0,knowledge_reasoning,observed_full
Qwen2.5-0.5B→Qwen2.5-7B,Qwen/Qwen2.5-0.5B,mmlu,0,mmlu_6,0,knowledge_reasoning,observed_full
Qwen2.5-0.5B→Qwen2.5-7B,Qwen/Qwen2.5-0.5B,mmlu,0,mmlu_7,1,knowledge_reasoning,observed_full
Qwen2.5-0.5B→Qwen2.5-7B,Qwen/Qwen2.5-0.5B,mmlu,0,mmlu_8,0,knowledge_reasoning,observed_full
Qwen2.5-0.5B→Qwen2.5-7B,Qwen/Qwen2.5-0.5B,mmlu,0,mmlu_9,0,knowledge_reasoning,observed_full
Qwen2.5-0.5B→Qwen2.5-7B,Qwen/Qwen2.5-0.5B,mmlu,0,mmlu_10,0,knowledge_reasoning,observed_full
Qwen2.5-0.5B→Qwen2.5-7B,Qwen/Qwen2.5-0.5B,mmlu,0,mmlu_11,0,knowledge_reasoning,observed_full
Qwen2.5-0.5B→Qwen2.5-7B,Qwen/Qwen2.5-0.5B,mmlu,0,mmlu_12,1,knowledge_reasoning,observed_full
Qwen2.5-0.5B→Qwen2.5-7B,Qwen/Qwen2.5-0.5B,mmlu,0,mmlu_13,0,knowledge_reasoning,observed_full
Qwen2.5-0.5B→Qwen2.5-7B,Qwen/Qwen2.5-0.5B,mmlu,0,mmlu_14,0,knowledge_reasoning,observed_full
Qwen2.5-0.5B→Qwen2.5-7B,Qwen/Qwen2.5-0.5B,mmlu,0,mmlu_15,0,knowledge_reasoning,observed_full
Qwen2.5-0.5B→Qwen2.5-7B,Qwen/Qwen2.5-0.5B,mmlu,0,mmlu_16,0,knowledge_reasoning,observed_full
Qwen2.5-0.5B→Qwen2.5-7B,Qwen/Qwen2.5-0.5B,mmlu,0,mmlu_17,0,knowledge_reasoning,observed_full
Qwen2.5-0.5B→Qwen2.5-7B,Qwen/Qwen2.5-0.5B,mmlu,0,mmlu_18,0,knowledge_reasoning,observed_full
Qwen2.5-0.5B→Qwen2.5-7B,Qwen/Qwen2.5-0.5B,mmlu,0,mmlu_19,1,knowledge_reasoning,observed_full
Qwen2.5-0.5B→Qwen2.5-7B,Qwen/Qwen2.5-0.5B,mmlu,0,mmlu_20,0,knowledge_reasoning,observed_full
Qwen2.5-0.5B→Qwen2.5-7B,Qwen/Qwen2.5-0.5B,mmlu,0,mmlu_21,0,knowledge_reasoning,observed_full
Qwen2.5-0.5B→Qwen2.5-7B,Qwen/Qwen2.5-0.5B,mmlu,0,mmlu_22,1,knowledge_reasoning,observed_full
Qwen2.5-0.5B→Qwen2.5-7B,Qwen/Qwen2.5-0.5B,mmlu,0,mmlu_23,0,knowledge_reasoning,observed_full
Qwen2.5-0.5B→Qwen2.5-7B,Qwen/Qwen2.5-0.5B,mmlu,0,mmlu_24,1,knowledge_reasoning,observed_full
Qwen2.5-0.5B→Qwen2.5-7B,Qwen/Qwen2.5-0.5B,mmlu,0,mmlu_25,0,knowledge_reasoning,observed_full
Qwen2.5-0.5B→Qwen2.5-7B,Qwen/Qwen2.5-0.5B,mmlu,0,mmlu_26,0,knowledge_reasoning,observed_full
Qwen2.5-0.5B→Qwen2.5-7B,Qwen/Qwen2.5-0.5B,mmlu,0,mmlu_27,1,knowledge_reasoning,observed_full
Qwen2.5-0.5B→Qwen2.5-7B,Qwen/Qwen2.5-0.5B,mmlu,0,mmlu_28,1,knowledge_reasoning,observed_full
Qwen2.5-0.5B→Qwen2.5-7B,Qwen/Qwen2.5-0.5B,mmlu,0,mmlu_29,1,knowledge_reasoning,observed_full
Qwen2.5-0.5B→Qwen2.5-7B,Qwen/Qwen2.5-0.5B,mmlu,0,mmlu_30,0,knowledge_reasoning,observed_full
Qwen2.5-0.5B→Qwen2.5-7B,Qwen/Qwen2.5-0.5B,mmlu,0,mmlu_31,0,knowledge_reasoning,observed_full
Qwen2.5-0.5B→Qwen2.5-7B,Qwen/Qwen2.5-0.5B,mmlu,0,mmlu_32,0,knowledge_reasoning,observed_full
Qwen2.5-0.5B→Qwen2.5-7B,Qwen/Qwen2.5-0.5B,mmlu,0,mmlu_33,0,knowledge_reasoning,observed_full
Qwen2.5-0.5B→Qwen2.5-7B,Qwen/Qwen2.5-0.5B,mmlu,0,mmlu_34,1,knowledge_reasoning,observed_full
Qwen2.5-0.5B→Qwen2.5-7B,Qwen/Qwen2.5-0.5B,mmlu,0,mmlu_35,1,knowledge_reasoning,observed_full
Qwen2.5-0.5B→Qwen2.5-7B,Qwen/Qwen2.5-0.5B,mmlu,0,mmlu_36,0,knowledge_reasoning,observed_full
Qwen2.5-0.5B→Qwen2.5-7B,Qwen/Qwen2.5-0.5B,mmlu,0,mmlu_37,0,knowledge_reasoning,observed_full
Qwen2.5-0.5B→Qwen2.5-7B,Qwen/Qwen2.5-0.5B,mmlu,0,mmlu_38,0,knowledge_reasoning,observed_full
Qwen2.5-0.5B→Qwen2.5-7B,Qwen/Qwen2.5-0.5B,mmlu,0,mmlu_39,0,knowledge_reasoning,observed_full
Qwen2.5-0.5B→Qwen2.5-7B,Qwen/Qwen2.5-0.5B,mmlu,0,mmlu_40,0,knowledge_reasoning,observed_full
Qwen2.5-0.5B→Qwen2.5-7B,Qwen/Qwen2.5-0.5B,mmlu,0,mmlu_41,0,knowledge_reasoning,observed_full
Qwen2.5-0.5B→Qwen2.5-7B,Qwen/Qwen2.5-0.5B,mmlu,0,mmlu_42,0,knowledge_reasoning,observed_full
Qwen2.5-0.5B→Qwen2.5-7B,Qwen/Qwen2.5-0.5B,mmlu,0,mmlu_43,0,knowledge_reasoning,observed_full
Qwen2.5-0.5B→Qwen2.5-7B,Qwen/Qwen2.5-0.5B,mmlu,0,mmlu_44,0,knowledge_reasoning,observed_full
Qwen2.5-0.5B→Qwen2.5-7B,Qwen/Qwen2.5-0.5B,mmlu,0,mmlu_45,1,knowledge_reasoning,observed_full
Qwen2.5-0.5B→Qwen2.5-7B,Qwen/Qwen2.5-0.5B,mmlu,0,mmlu_46,1,knowledge_reasoning,observed_full
Qwen2.5-0.5B→Qwen2.5-7B,Qwen/Qwen2.5-0.5B,mmlu,0,mmlu_47,0,knowledge_reasoning,observed_full
Qwen2.5-0.5B→Qwen2.5-7B,Qwen/Qwen2.5-0.5B,mmlu,0,mmlu_48,1,knowledge_reasoning,observed_full
Qwen2.5-0.5B→Qwen2.5-7B,Qwen/Qwen2.5-0.5B,mmlu,0,mmlu_49,1,knowledge_reasoning,observed_full
Qwen2.5-0.5B→Qwen2.5-7B,Qwen/Qwen2.5-0.5B,mmlu,0,mmlu_50,1,knowledge_reasoning,observed_full
Qwen2.5-0.5B→Qwen2.5-7B,Qwen/Qwen2.5-0.5B,mmlu,0,mmlu_51,1,knowledge_reasoning,observed_full
Qwen2.5-0.5B→Qwen2.5-7B,Qwen/Qwen2.5-0.5B,mmlu,0,mmlu_52,1,knowledge_reasoning,observed_full
Qwen2.5-0.5B→Qwen2.5-7B,Qwen/Qwen2.5-0.5B,mmlu,0,mmlu_53,0,knowledge_reasoning,observed_full
Qwen2.5-0.5B→Qwen2.5-7B,Qwen/Qwen2.5-0.5B,mmlu,0,mmlu_54,1,knowledge_reasoning,observed_full
Qwen2.5-0.5B→Qwen2.5-7B,Qwen/Qwen2.5-0.5B,mmlu,0,mmlu_55,0,knowledge_reasoning,observed_full
Qwen2.5-0.5B→Qwen2.5-7B,Qwen/Qwen2.5-0.5B,mmlu,0,mmlu_56,0,knowledge_reasoning,observed_full
Qwen2.5-0.5B→Qwen2.5-7B,Qwen/Qwen2.5-0.5B,mmlu,0,mmlu_57,1,knowledge_reasoning,observed_full
Qwen2.5-0.5B→Qwen2.5-7B,Qwen/Qwen2.5-0.5B,mmlu,0,mmlu_58,1,knowledge_reasoning,observed_full
Qwen2.5-0.5B→Qwen2.5-7B,Qwen/Qwen2.5-0.5B,mmlu,0,mmlu_59,0,knowledge_reasoning,observed_full
Qwen2.5-0.5B→Qwen2.5-7B,Qwen/Qwen2.5-0.5B,mmlu,0,mmlu_60,0,knowledge_reasoning,observed_full
Qwen2.5-0.5B→Qwen2.5-7B,Qwen/Qwen2.5-0.5B,mmlu,0,mmlu_61,1,knowledge_reasoning,observed_full
Qwen2.5-0.5B→Qwen2.5-7B,Qwen/Qwen2.5-0.5B,mmlu,0,mmlu_62,1,knowledge_reasoning,observed_full
Qwen2.5-0.5B→Qwen2.5-7B,Qwen/Qwen2.5-0.5B,mmlu,0,mmlu_63,1,knowledge_reasoning,observed_full
Qwen2.5-0.5B→Qwen2.5-7B,Qwen/Qwen2.5-0.5B,mmlu,0,mmlu_64,1,knowledge_reasoning,observed_full
Qwen2.5-0.5B→Qwen2.5-7B,Qwen/Qwen2.5-0.5B,mmlu,0,mmlu_65,0,knowledge_reasoning,observed_full
Qwen2.5-0.5B→Qwen2.5-7B,Qwen/Qwen2.5-0.5B,mmlu,0,mmlu_66,1,knowledge_reasoning,observed_full
Qwen2.5-0.5B→Qwen2.5-7B,Qwen/Qwen2.5-0.5B,mmlu,0,mmlu_67,1,knowledge_reasoning,observed_full
Qwen2.5-0.5B→Qwen2.5-7B,Qwen/Qwen2.5-0.5B,mmlu,0,mmlu_68,0,knowledge_reasoning,observed_full
Qwen2.5-0.5B→Qwen2.5-7B,Qwen/Qwen2.5-0.5B,mmlu,0,mmlu_69,0,knowledge_reasoning,observed_full
Qwen2.5-0.5B→Qwen2.5-7B,Qwen/Qwen2.5-0.5B,mmlu,0,mmlu_70,0,knowledge_reasoning,observed_full
Qwen2.5-0.5B→Qwen2.5-7B,Qwen/Qwen2.5-0.5B,mmlu,0,mmlu_71,1,knowledge_reasoning,observed_full
Qwen2.5-0.5B→Qwen2.5-7B,Qwen/Qwen2.5-0.5B,mmlu,0,mmlu_72,1,knowledge_reasoning,observed_full
Qwen2.5-0.5B→Qwen2.5-7B,Qwen/Qwen2.5-0.5B,mmlu,0,mmlu_73,1,knowledge_reasoning,observed_full
Qwen2.5-0.5B→Qwen2.5-7B,Qwen/Qwen2.5-0.5B,mmlu,0,mmlu_74,1,knowledge_reasoning,observed_full
Qwen2.5-0.5B→Qwen2.5-7B,Qwen/Qwen2.5-0.5B,mmlu,0,mmlu_75,1,knowledge_reasoning,observed_full
Qwen2.5-0.5B→Qwen2.5-7B,Qwen/Qwen2.5-0.5B,mmlu,0,mmlu_76,1,knowledge_reasoning,observed_full
Qwen2.5-0.5B→Qwen2.5-7B,Qwen/Qwen2.5-0.5B,mmlu,0,mmlu_77,1,knowledge_reasoning,observed_full
Qwen2.5-0.5B→Qwen2.5-7B,Qwen/Qwen2.5-0.5B,mmlu,0,mmlu_78,0,knowledge_reasoning,observed_full
Qwen2.5-0.5B→Qwen2.5-7B,Qwen/Qwen2.5-0.5B,mmlu,0,mmlu_79,1,knowledge_reasoning,observed_full
Qwen2.5-0.5B→Qwen2.5-7B,Qwen/Qwen2.5-0.5B,mmlu,0,mmlu_80,1,knowledge_reasoning,observed_full
Qwen2.5-0.5B→Qwen2.5-7B,Qwen/Qwen2.5-0.5B,mmlu,0,mmlu_81,0,knowledge_reasoning,observed_full
Qwen2.5-0.5B→Qwen2.5-7B,Qwen/Qwen2.5-0.5B,mmlu,0,mmlu_82,0,knowledge_reasoning,observed_full
Qwen2.5-0.5B→Qwen2.5-7B,Qwen/Qwen2.5-0.5B,mmlu,0,mmlu_83,0,knowledge_reasoning,observed_full
Qwen2.5-0.5B→Qwen2.5-7B,Qwen/Qwen2.5-0.5B,mmlu,0,mmlu_84,1,knowledge_reasoning,observed_full
Qwen2.5-0.5B→Qwen2.5-7B,Qwen/Qwen2.5-0.5B,mmlu,0,mmlu_85,0,knowledge_reasoning,observed_full
Qwen2.5-0.5B→Qwen2.5-7B,Qwen/Qwen2.5-0.5B,mmlu,0,mmlu_86,0,knowledge_reasoning,observed_full
Qwen2.5-0.5B→Qwen2.5-7B,Qwen/Qwen2.5-0.5B,mmlu,0,mmlu_87,1,knowledge_reasoning,observed_full
Qwen2.5-0.5B→Qwen2.5-7B,Qwen/Qwen2.5-0.5B,mmlu,0,mmlu_88,0,knowledge_reasoning,observed_full
Qwen2.5-0.5B→Qwen2.5-7B,Qwen/Qwen2.5-0.5B,mmlu,0,mmlu_89,0,knowledge_reasoning,observed_full
Qwen2.5-0.5B→Qwen2.5-7B,Qwen/Qwen2.5-0.5B,mmlu,0,mmlu_90,0,knowledge_reasoning,observed_full
Qwen2.5-0.5B→Qwen2.5-7B,Qwen/Qwen2.5-0.5B,mmlu,0,mmlu_91,1,knowledge_reasoning,observed_full
Qwen2.5-0.5B→Qwen2.5-7B,Qwen/Qwen2.5-0.5B,mmlu,0,mmlu_92,0,knowledge_reasoning,observed_full
Qwen2.5-0.5B→Qwen2.5-7B,Qwen/Qwen2.5-0.5B,mmlu,0,mmlu_93,0,knowledge_reasoning,observed_full
Qwen2.5-0.5B→Qwen2.5-7B,Qwen/Qwen2.5-0.5B,mmlu,0,mmlu_94,0,knowledge_reasoning,observed_full
Qwen2.5-0.5B→Qwen2.5-7B,Qwen/Qwen2.5-0.5B,mmlu,0,mmlu_95,1,knowledge_reasoning,observed_full
Qwen2.5-0.5B→Qwen2.5-7B,Qwen/Qwen2.5-0.5B,mmlu,0,mmlu_96,1,knowledge_reasoning,observed_full
Qwen2.5-0.5B→Qwen2.5-7B,Qwen/Qwen2.5-0.5B,mmlu,0,mmlu_97,0,knowledge_reasoning,observed_full
Qwen2.5-0.5B→Qwen2.5-7B,Qwen/Qwen2.5-0.5B,mmlu,0,mmlu_98,0,knowledge_reasoning,observed_full
Qwen2.5-0.5B→Qwen2.5-7B,Qwen/Qwen2.5-0.5B,mmlu,0,mmlu_99,1,knowledge_reasoning,observed_full
Qwen2.5-0.5B→Qwen2.5-7B,Qwen/Qwen2.5-0.5B,mmlu,0,mmlu_100,0,knowledge_reasoning,observed_full
Qwen2.5-0.5B→Qwen2.5-7B,Qwen/Qwen2.5-0.5B,mmlu,0,mmlu_101,1,knowledge_reasoning,observed_full
Qwen2.5-0.5B→Qwen2.5-7B,Qwen/Qwen2.5-0.5B,mmlu,0,mmlu_102,0,knowledge_reasoning,observed_full
Qwen2.5-0.5B→Qwen2.5-7B,Qwen/Qwen2.5-0.5B,mmlu,0,mmlu_103,0,knowledge_reasoning,observed_full
Qwen2.5-0.5B→Qwen2.5-7B,Qwen/Qwen2.5-0.5B,mmlu,0,mmlu_104,1,knowledge_reasoning,observed_full
Qwen2.5-0.5B→Qwen2.5-7B,Qwen/Qwen2.5-0.5B,mmlu,0,mmlu_105,0,knowledge_reasoning,observed_full
Qwen2.5-0.5B→Qwen2.5-7B,Qwen/Qwen2.5-0.5B,mmlu,0,mmlu_106,0,knowledge_reasoning,observed_full
Qwen2.5-0.5B→Qwen2.5-7B,Qwen/Qwen2.5-0.5B,mmlu,0,mmlu_107,1,knowledge_reasoning,observed_full
Qwen2.5-0.5B→Qwen2.5-7B,Qwen/Qwen2.5-0.5B,mmlu,0,mmlu_108,0,knowledge_reasoning,observed_full
Qwen2.5-0.5B→Qwen2.5-7B,Qwen/Qwen2.5-0.5B,mmlu,0,mmlu_109,0,knowledge_reasoning,observed_full
Qwen2.5-0.5B→Qwen2.5-7B,Qwen/Qwen2.5-0.5B,mmlu,0,mmlu_110,1,knowledge_reasoning,observed_full
Qwen2.5-0.5B→Qwen2.5-7B,Qwen/Qwen2.5-0.5B,mmlu,0,mmlu_111,1,knowledge_reasoning,observed_full
Qwen2.5-0.5B→Qwen2.5-7B,Qwen/Qwen2.5-0.5B,mmlu,0,mmlu_112,1,knowledge_reasoning,observed_full
Qwen2.5-0.5B→Qwen2.5-7B,Qwen/Qwen2.5-0.5B,mmlu,0,mmlu_113,0,knowledge_reasoning,observed_full
Qwen2.5-0.5B→Qwen2.5-7B,Qwen/Qwen2.5-0.5B,mmlu,0,mmlu_114,0,knowledge_reasoning,observed_full
Qwen2.5-0.5B→Qwen2.5-7B,Qwen/Qwen2.5-0.5B,mmlu,0,mmlu_115,0,knowledge_reasoning,observed_full
Qwen2.5-0.5B→Qwen2.5-7B,Qwen/Qwen2.5-0.5B,mmlu,0,mmlu_116,1,knowledge_reasoning,observed_full
Qwen2.5-0.5B→Qwen2.5-7B,Qwen/Qwen2.5-0.5B,mmlu,0,mmlu_117,1,knowledge_reasoning,observed_full
Qwen2.5-0.5B→Qwen2.5-7B,Qwen/Qwen2.5-0.5B,mmlu,0,mmlu_118,1,knowledge_reasoning,observed_full
Qwen2.5-0.5B→Qwen2.5-7B,Qwen/Qwen2.5-0.5B,mmlu,0,mmlu_119,1,knowledge_reasoning,observed_full
Qwen2.5-0.5B→Qwen2.5-7B,Qwen/Qwen2.5-0.5B,mmlu,0,mmlu_120,0,knowledge_reasoning,observed_full
Qwen2.5-0.5B→Qwen2.5-7B,Qwen/Qwen2.5-0.5B,mmlu,0,mmlu_121,1,knowledge_reasoning,observed_full
Qwen2.5-0.5B→Qwen2.5-7B,Qwen/Qwen2.5-0.5B,mmlu,0,mmlu_122,0,knowledge_reasoning,observed_full
Qwen2.5-0.5B→Qwen2.5-7B,Qwen/Qwen2.5-0.5B,mmlu,0,mmlu_123,0,knowledge_reasoning,observed_full
Qwen2.5-0.5B→Qwen2.5-7B,Qwen/Qwen2.5-0.5B,mmlu,0,mmlu_124,0,knowledge_reasoning,observed_full
Qwen2.5-0.5B→Qwen2.5-7B,Qwen/Qwen2.5-0.5B,mmlu,0,mmlu_125,1,knowledge_reasoning,observed_full
Qwen2.5-0.5B→Qwen2.5-7B,Qwen/Qwen2.5-0.5B,mmlu,0,mmlu_126,0,knowledge_reasoning,observed_full
Qwen2.5-0.5B→Qwen2.5-7B,Qwen/Qwen2.5-0.5B,mmlu,0,mmlu_127,1,knowledge_reasoning,observed_full
Qwen2.5-0.5B→Qwen2.5-7B,Qwen/Qwen2.5-0.5B,mmlu,0,mmlu_128,1,knowledge_reasoning,observed_full
Qwen2.5-0.5B→Qwen2.5-7B,Qwen/Qwen2.5-0.5B,mmlu,0,mmlu_129,0,knowledge_reasoning,observed_full
Qwen2.5-0.5B→Qwen2.5-7B,Qwen/Qwen2.5-0.5B,mmlu,0,mmlu_130,1,knowledge_reasoning,observed_full
Qwen2.5-0.5B→Qwen2.5-7B,Qwen/Qwen2.5-0.5B,mmlu,0,mmlu_131,1,knowledge_reasoning,observed_full
Qwen2.5-0.5B→Qwen2.5-7B,Qwen/Qwen2.5-0.5B,mmlu,0,mmlu_132,1,knowledge_reasoning,observed_full
Qwen2.5-0.5B→Qwen2.5-7B,Qwen/Qwen2.5-0.5B,mmlu,0,mmlu_133,1,knowledge_reasoning,observed_full
Qwen2.5-0.5B→Qwen2.5-7B,Qwen/Qwen2.5-0.5B,mmlu,0,mmlu_134,0,knowledge_reasoning,observed_full
Qwen2.5-0.5B→Qwen2.5-7B,Qwen/Qwen2.5-0.5B,mmlu,0,mmlu_135,1,knowledge_reasoning,observed_full
Qwen2.5-0.5B→Qwen2.5-7B,Qwen/Qwen2.5-0.5B,mmlu,0,mmlu_136,1,knowledge_reasoning,observed_full
Qwen2.5-0.5B→Qwen2.5-7B,Qwen/Qwen2.5-0.5B,mmlu,0,mmlu_137,0,knowledge_reasoning,observed_full
Qwen2.5-0.5B→Qwen2.5-7B,Qwen/Qwen2.5-0.5B,mmlu,0,mmlu_138,1,knowledge_reasoning,observed_full
Qwen2.5-0.5B→Qwen2.5-7B,Qwen/Qwen2.5-0.5B,mmlu,0,mmlu_139,0,knowledge_reasoning,observed_full
Qwen2.5-0.5B→Qwen2.5-7B,Qwen/Qwen2.5-0.5B,mmlu,0,mmlu_140,0,knowledge_reasoning,observed_full
Qwen2.5-0.5B→Qwen2.5-7B,Qwen/Qwen2.5-0.5B,mmlu,0,mmlu_141,1,knowledge_reasoning,observed_full
Qwen2.5-0.5B→Qwen2.5-7B,Qwen/Qwen2.5-0.5B,mmlu,0,mmlu_142,0,knowledge_reasoning,observed_full
Qwen2.5-0.5B→Qwen2.5-7B,Qwen/Qwen2.5-0.5B,mmlu,0,mmlu_143,0,knowledge_reasoning,observed_full
Qwen2.5-0.5B→Qwen2.5-7B,Qwen/Qwen2.5-0.5B,mmlu,0,mmlu_144,0,knowledge_reasoning,observed_full
Qwen2.5-0.5B→Qwen2.5-7B,Qwen/Qwen2.5-0.5B,mmlu,0,mmlu_145,0,knowledge_reasoning,observed_full
Qwen2.5-0.5B→Qwen2.5-7B,Qwen/Qwen2.5-0.5B,mmlu,0,mmlu_146,1,knowledge_reasoning,observed_full
Qwen2.5-0.5B→Qwen2.5-7B,Qwen/Qwen2.5-0.5B,mmlu,0,mmlu_147,1,knowledge_reasoning,observed_full
Qwen2.5-0.5B→Qwen2.5-7B,Qwen/Qwen2.5-0.5B,mmlu,0,mmlu_148,0,knowledge_reasoning,observed_full
Qwen2.5-0.5B→Qwen2.5-7B,Qwen/Qwen2.5-0.5B,mmlu,0,mmlu_149,0,knowledge_reasoning,observed_full
Qwen2.5-0.5B→Qwen2.5-7B,Qwen/Qwen2.5-0.5B,mmlu,0,mmlu_150,0,knowledge_reasoning,observed_full
Qwen2.5-0.5B→Qwen2.5-7B,Qwen/Qwen2.5-0.5B,mmlu,0,mmlu_151,0,knowledge_reasoning,observed_full
Qwen2.5-0.5B→Qwen2.5-7B,Qwen/Qwen2.5-0.5B,mmlu,0,mmlu_152,1,knowledge_reasoning,observed_full
Qwen2.5-0.5B→Qwen2.5-7B,Qwen/Qwen2.5-0.5B,mmlu,0,mmlu_153,0,knowledge_reasoning,observed_full
Qwen2.5-0.5B→Qwen2.5-7B,Qwen/Qwen2.5-0.5B,mmlu,0,mmlu_154,0,knowledge_reasoning,observed_full
Qwen2.5-0.5B→Qwen2.5-7B,Qwen/Qwen2.5-0.5B,mmlu,0,mmlu_155,0,knowledge_reasoning,observed_full
Qwen2.5-0.5B→Qwen2.5-7B,Qwen/Qwen2.5-0.5B,mmlu,0,mmlu_156,0,knowledge_reasoning,observed_full
Qwen2.5-0.5B→Qwen2.5-7B,Qwen/Qwen2.5-0.5B,mmlu,0,mmlu_157,0,knowledge_reasoning,observed_full
Qwen2.5-0.5B→Qwen2.5-7B,Qwen/Qwen2.5-0.5B,mmlu,0,mmlu_158,1,knowledge_reasoning,observed_full
Qwen2.5-0.5B→Qwen2.5-7B,Qwen/Qwen2.5-0.5B,mmlu,0,mmlu_159,1,knowledge_reasoning,observed_full
Qwen2.5-0.5B→Qwen2.5-7B,Qwen/Qwen2.5-0.5B,mmlu,0,mmlu_160,0,knowledge_reasoning,observed_full
Qwen2.5-0.5B→Qwen2.5-7B,Qwen/Qwen2.5-0.5B,mmlu,0,mmlu_161,0,knowledge_reasoning,observed_full
Qwen2.5-0.5B→Qwen2.5-7B,Qwen/Qwen2.5-0.5B,mmlu,0,mmlu_162,0,knowledge_reasoning,observed_full
Qwen2.5-0.5B→Qwen2.5-7B,Qwen/Qwen2.5-0.5B,mmlu,0,mmlu_163,0,knowledge_reasoning,observed_full
Qwen2.5-0.5B→Qwen2.5-7B,Qwen/Qwen2.5-0.5B,mmlu,0,mmlu_164,1,knowledge_reasoning,observed_full
Qwen2.5-0.5B→Qwen2.5-7B,Qwen/Qwen2.5-0.5B,mmlu,0,mmlu_165,1,knowledge_reasoning,observed_full
Qwen2.5-0.5B→Qwen2.5-7B,Qwen/Qwen2.5-0.5B,mmlu,0,mmlu_166,1,knowledge_reasoning,observed_full
Qwen2.5-0.5B→Qwen2.5-7B,Qwen/Qwen2.5-0.5B,mmlu,0,mmlu_167,0,knowledge_reasoning,observed_full
Qwen2.5-0.5B→Qwen2.5-7B,Qwen/Qwen2.5-0.5B,mmlu,0,mmlu_168,0,knowledge_reasoning,observed_full
Qwen2.5-0.5B→Qwen2.5-7B,Qwen/Qwen2.5-0.5B,mmlu,0,mmlu_169,0,knowledge_reasoning,observed_full
Qwen2.5-0.5B→Qwen2.5-7B,Qwen/Qwen2.5-0.5B,mmlu,0,mmlu_170,0,knowledge_reasoning,observed_full
Qwen2.5-0.5B→Qwen2.5-7B,Qwen/Qwen2.5-0.5B,mmlu,0,mmlu_171,0,knowledge_reasoning,observed_full
Qwen2.5-0.5B→Qwen2.5-7B,Qwen/Qwen2.5-0.5B,mmlu,0,mmlu_172,1,knowledge_reasoning,observed_full
Qwen2.5-0.5B→Qwen2.5-7B,Qwen/Qwen2.5-0.5B,mmlu,0,mmlu_173,0,knowledge_reasoning,observed_full
Qwen2.5-0.5B→Qwen2.5-7B,Qwen/Qwen2.5-0.5B,mmlu,0,mmlu_174,0,knowledge_reasoning,observed_full
Qwen2.5-0.5B→Qwen2.5-7B,Qwen/Qwen2.5-0.5B,mmlu,0,mmlu_175,1,knowledge_reasoning,observed_full
Qwen2.5-0.5B→Qwen2.5-7B,Qwen/Qwen2.5-0.5B,mmlu,0,mmlu_176,0,knowledge_reasoning,observed_full
Qwen2.5-0.5B→Qwen2.5-7B,Qwen/Qwen2.5-0.5B,mmlu,0,mmlu_177,1,knowledge_reasoning,observed_full
Qwen2.5-0.5B→Qwen2.5-7B,Qwen/Qwen2.5-0.5B,mmlu,0,mmlu_178,0,knowledge_reasoning,observed_full
Qwen2.5-0.5B→Qwen2.5-7B,Qwen/Qwen2.5-0.5B,mmlu,0,mmlu_179,0,knowledge_reasoning,observed_full
Qwen2.5-0.5B→Qwen2.5-7B,Qwen/Qwen2.5-0.5B,mmlu,0,mmlu_180,0,knowledge_reasoning,observed_full
Qwen2.5-0.5B→Qwen2.5-7B,Qwen/Qwen2.5-0.5B,mmlu,0,mmlu_181,1,knowledge_reasoning,observed_full
Qwen2.5-0.5B→Qwen2.5-7B,Qwen/Qwen2.5-0.5B,mmlu,0,mmlu_182,1,knowledge_reasoning,observed_full
Qwen2.5-0.5B→Qwen2.5-7B,Qwen/Qwen2.5-0.5B,mmlu,0,mmlu_183,1,knowledge_reasoning,observed_full
Qwen2.5-0.5B→Qwen2.5-7B,Qwen/Qwen2.5-0.5B,mmlu,0,mmlu_184,0,knowledge_reasoning,observed_full
Qwen2.5-0.5B→Qwen2.5-7B,Qwen/Qwen2.5-0.5B,mmlu,0,mmlu_185,1,knowledge_reasoning,observed_full
Qwen2.5-0.5B→Qwen2.5-7B,Qwen/Qwen2.5-0.5B,mmlu,0,mmlu_186,0,knowledge_reasoning,observed_full
Qwen2.5-0.5B→Qwen2.5-7B,Qwen/Qwen2.5-0.5B,mmlu,0,mmlu_187,1,knowledge_reasoning,observed_full
Qwen2.5-0.5B→Qwen2.5-7B,Qwen/Qwen2.5-0.5B,mmlu,0,mmlu_188,0,knowledge_reasoning,observed_full
Qwen2.5-0.5B→Qwen2.5-7B,Qwen/Qwen2.5-0.5B,mmlu,0,mmlu_189,1,knowledge_reasoning,observed_full
Qwen2.5-0.5B→Qwen2.5-7B,Qwen/Qwen2.5-0.5B,mmlu,0,mmlu_190,0,knowledge_reasoning,observed_full
Qwen2.5-0.5B→Qwen2.5-7B,Qwen/Qwen2.5-0.5B,mmlu,0,mmlu_191,0,knowledge_reasoning,observed_full
Qwen2.5-0.5B→Qwen2.5-7B,Qwen/Qwen2.5-0.5B,mmlu,0,mmlu_192,0,knowledge_reasoning,observed_full
Qwen2.5-0.5B→Qwen2.5-7B,Qwen/Qwen2.5-0.5B,mmlu,0,mmlu_193,0,knowledge_reasoning,observed_full
Qwen2.5-0.5B→Qwen2.5-7B,Qwen/Qwen2.5-0.5B,mmlu,0,mmlu_194,0,knowledge_reasoning,observed_full
Qwen2.5-0.5B→Qwen2.5-7B,Qwen/Qwen2.5-0.5B,mmlu,0,mmlu_195,0,knowledge_reasoning,observed_full
Qwen2.5-0.5B→Qwen2.5-7B,Qwen/Qwen2.5-0.5B,mmlu,0,mmlu_196,1,knowledge_reasoning,observed_full
Qwen2.5-0.5B→Qwen2.5-7B,Qwen/Qwen2.5-0.5B,mmlu,0,mmlu_197,1,knowledge_reasoning,observed_full
Qwen2.5-0.5B→Qwen2.5-7B,Qwen/Qwen2.5-0.5B,mmlu,0,mmlu_198,1,knowledge_reasoning,observed_full
Qwen2.5-0.5B→Qwen2.5-7B,Qwen/Qwen2.5-0.5B,mmlu,0,mmlu_199,1,knowledge_reasoning,observed_full
Qwen2.5-0.5B→Qwen2.5-7B,Qwen/Qwen2.5-0.5B,mmlu,0,mmlu_200,1,knowledge_reasoning,observed_full
Qwen2.5-0.5B→Qwen2.5-7B,Qwen/Qwen2.5-0.5B,mmlu,0,mmlu_201,1,knowledge_reasoning,observed_full
Qwen2.5-0.5B→Qwen2.5-7B,Qwen/Qwen2.5-0.5B,mmlu,0,mmlu_202,1,knowledge_reasoning,observed_full
Qwen2.5-0.5B→Qwen2.5-7B,Qwen/Qwen2.5-0.5B,mmlu,0,mmlu_203,1,knowledge_reasoning,observed_full
Qwen2.5-0.5B→Qwen2.5-7B,Qwen/Qwen2.5-0.5B,mmlu,0,mmlu_204,0,knowledge_reasoning,observed_full
Qwen2.5-0.5B→Qwen2.5-7B,Qwen/Qwen2.5-0.5B,mmlu,0,mmlu_205,1,knowledge_reasoning,observed_full
Qwen2.5-0.5B→Qwen2.5-7B,Qwen/Qwen2.5-0.5B,mmlu,0,mmlu_206,0,knowledge_reasoning,observed_full
Qwen2.5-0.5B→Qwen2.5-7B,Qwen/Qwen2.5-0.5B,mmlu,0,mmlu_207,0,knowledge_reasoning,observed_full
Qwen2.5-0.5B→Qwen2.5-7B,Qwen/Qwen2.5-0.5B,mmlu,0,mmlu_208,1,knowledge_reasoning,observed_full
Qwen2.5-0.5B→Qwen2.5-7B,Qwen/Qwen2.5-0.5B,mmlu,0,mmlu_209,0,knowledge_reasoning,observed_full
Qwen2.5-0.5B→Qwen2.5-7B,Qwen/Qwen2.5-0.5B,mmlu,0,mmlu_210,0,knowledge_reasoning,observed_full
Qwen2.5-0.5B→Qwen2.5-7B,Qwen/Qwen2.5-0.5B,mmlu,0,mmlu_211,0,knowledge_reasoning,observed_full
Qwen2.5-0.5B→Qwen2.5-7B,Qwen/Qwen2.5-0.5B,mmlu,0,mmlu_212,0,knowledge_reasoning,observed_full
Qwen2.5-0.5B→Qwen2.5-7B,Qwen/Qwen2.5-0.5B,mmlu,0,mmlu_213,1,knowledge_reasoning,observed_full
Qwen2.5-0.5B→Qwen2.5-7B,Qwen/Qwen2.5-0.5B,mmlu,0,mmlu_214,0,knowledge_reasoning,observed_full
Qwen2.5-0.5B→Qwen2.5-7B,Qwen/Qwen2.5-0.5B,mmlu,0,mmlu_215,1,knowledge_reasoning,observed_full
Qwen2.5-0.5B→Qwen2.5-7B,Qwen/Qwen2.5-0.5B,mmlu,0,mmlu_216,0,knowledge_reasoning,observed_full
Qwen2.5-0.5B→Qwen2.5-7B,Qwen/Qwen2.5-0.5B,mmlu,0,mmlu_217,0,knowledge_reasoning,observed_full
Qwen2.5-0.5B→Qwen2.5-7B,Qwen/Qwen2.5-0.5B,mmlu,0,mmlu_218,0,knowledge_reasoning,observed_full
Qwen2.5-0.5B→Qwen2.5-7B,Qwen/Qwen2.5-0.5B,mmlu,0,mmlu_219,0,knowledge_reasoning,observed_full
Qwen2.5-0.5B→Qwen2.5-7B,Qwen/Qwen2.5-0.5B,mmlu,0,mmlu_220,1,knowledge_reasoning,observed_full
Qwen2.5-0.5B→Qwen2.5-7B,Qwen/Qwen2.5-0.5B,mmlu,0,mmlu_221,1,knowledge_reasoning,observed_full
Qwen2.5-0.5B→Qwen2.5-7B,Qwen/Qwen2.5-0.5B,mmlu,0,mmlu_222,0,knowledge_reasoning,observed_full
Qwen2.5-0.5B→Qwen2.5-7B,Qwen/Qwen2.5-0.5B,mmlu,0,mmlu_223,0,knowledge_reasoning,observed_full
Qwen2.5-0.5B→Qwen2.5-7B,Qwen/Qwen2.5-0.5B,mmlu,0,mmlu_224,1,knowledge_reasoning,observed_full
Qwen2.5-0.5B→Qwen2.5-7B,Qwen/Qwen2.5-0.5B,mmlu,0,mmlu_225,0,knowledge_reasoning,observed_full
Qwen2.5-0.5B→Qwen2.5-7B,Qwen/Qwen2.5-0.5B,mmlu,0,mmlu_226,1,knowledge_reasoning,observed_full
Qwen2.5-0.5B→Qwen2.5-7B,Qwen/Qwen2.5-0.5B,mmlu,0,mmlu_227,0,knowledge_reasoning,observed_full
Qwen2.5-0.5B→Qwen2.5-7B,Qwen/Qwen2.5-0.5B,mmlu,0,mmlu_228,0,knowledge_reasoning,observed_full
Qwen2.5-0.5B→Qwen2.5-7B,Qwen/Qwen2.5-0.5B,mmlu,0,mmlu_229,0,knowledge_reasoning,observed_full
Qwen2.5-0.5B→Qwen2.5-7B,Qwen/Qwen2.5-0.5B,mmlu,0,mmlu_230,0,knowledge_reasoning,observed_full
Qwen2.5-0.5B→Qwen2.5-7B,Qwen/Qwen2.5-0.5B,mmlu,0,mmlu_231,1,knowledge_reasoning,observed_full
Qwen2.5-0.5B→Qwen2.5-7B,Qwen/Qwen2.5-0.5B,mmlu,0,mmlu_232,0,knowledge_reasoning,observed_full
Qwen2.5-0.5B→Qwen2.5-7B,Qwen/Qwen2.5-0.5B,mmlu,0,mmlu_233,0,knowledge_reasoning,observed_full
Qwen2.5-0.5B→Qwen2.5-7B,Qwen/Qwen2.5-0.5B,mmlu,0,mmlu_234,0,knowledge_reasoning,observed_full
Qwen2.5-0.5B→Qwen2.5-7B,Qwen/Qwen2.5-0.5B,mmlu,0,mmlu_235,0,knowledge_reasoning,observed_full
Qwen2.5-0.5B→Qwen2.5-7B,Qwen/Qwen2.5-0.5B,mmlu,0,mmlu_236,0,knowledge_reasoning,observed_full
Qwen2.5-0.5B→Qwen2.5-7B,Qwen/Qwen2.5-0.5B,mmlu,0,mmlu_237,0,knowledge_reasoning,observed_full
Qwen2.5-0.5B→Qwen2.5-7B,Qwen/Qwen2.5-0.5B,mmlu,0,mmlu_238,0,knowledge_reasoning,observed_full
Qwen2.5-0.5B→Qwen2.5-7B,Qwen/Qwen2.5-0.5B,mmlu,0,mmlu_239,0,knowledge_reasoning,observed_full
Qwen2.5-0.5B→Qwen2.5-7B,Qwen/Qwen2.5-0.5B,mmlu,0,mmlu_240,1,knowledge_reasoning,observed_full
Qwen2.5-0.5B→Qwen2.5-7B,Qwen/Qwen2.5-0.5B,mmlu,0,mmlu_241,1,knowledge_reasoning,observed_full
Qwen2.5-0.5B→Qwen2.5-7B,Qwen/Qwen2.5-0.5B,mmlu,0,mmlu_242,1,knowledge_reasoning,observed_full
Qwen2.5-0.5B→Qwen2.5-7B,Qwen/Qwen2.5-0.5B,mmlu,0,mmlu_243,1,knowledge_reasoning,observed_full
Qwen2.5-0.5B→Qwen2.5-7B,Qwen/Qwen2.5-0.5B,mmlu,0,mmlu_244,0,knowledge_reasoning,observed_full
Qwen2.5-0.5B→Qwen2.5-7B,Qwen/Qwen2.5-0.5B,mmlu,0,mmlu_245,1,knowledge_reasoning,observed_full
Qwen2.5-0.5B→Qwen2.5-7B,Qwen/Qwen2.5-0.5B,mmlu,0,mmlu_246,0,knowledge_reasoning,observed_full
Qwen2.5-0.5B→Qwen2.5-7B,Qwen/Qwen2.5-0.5B,mmlu,0,mmlu_247,1,knowledge_reasoning,observed_full
Qwen2.5-0.5B→Qwen2.5-7B,Qwen/Qwen2.5-0.5B,mmlu,0,mmlu_248,0,knowledge_reasoning,observed_full
Qwen2.5-0.5B→Qwen2.5-7B,Qwen/Qwen2.5-0.5B,mmlu,0,mmlu_249,1,knowledge_reasoning,observed_full
Qwen2.5-0.5B→Qwen2.5-7B,Qwen/Qwen2.5-0.5B,mmlu,0,mmlu_250,1,knowledge_reasoning,observed_full
Qwen2.5-0.5B→Qwen2.5-7B,Qwen/Qwen2.5-0.5B,mmlu,0,mmlu_251,0,knowledge_reasoning,observed_full
Qwen2.5-0.5B→Qwen2.5-7B,Qwen/Qwen2.5-0.5B,mmlu,0,mmlu_252,1,knowledge_reasoning,observed_full
Qwen2.5-0.5B→Qwen2.5-7B,Qwen/Qwen2.5-0.5B,mmlu,0,mmlu_253,0,knowledge_reasoning,observed_full
Qwen2.5-0.5B→Qwen2.5-7B,Qwen/Qwen2.5-0.5B,mmlu,0,mmlu_254,1,knowledge_reasoning,observed_full
Qwen2.5-0.5B→Qwen2.5-7B,Qwen/Qwen2.5-0.5B,mmlu,0,mmlu_255,1,knowledge_reasoning,observed_full
Qwen2.5-0.5B→Qwen2.5-7B,Qwen/Qwen2.5-0.5B,mmlu,0,mmlu_256,0,knowledge_reasoning,observed_full
Qwen2.5-0.5B→Qwen2.5-7B,Qwen/Qwen2.5-0.5B,mmlu,0,mmlu_257,0,knowledge_reasoning,observed_full
Qwen2.5-0.5B→Qwen2.5-7B,Qwen/Qwen2.5-0.5B,mmlu,0,mmlu_258,0,knowledge_reasoning,observed_full
Qwen2.5-0.5B→Qwen2.5-7B,Qwen/Qwen2.5-0.5B,mmlu,0,mmlu_259,0,knowledge_reasoning,observed_full
Qwen2.5-0.5B→Qwen2.5-7B,Qwen/Qwen2.5-0.5B,mmlu,0,mmlu_260,0,knowledge_reasoning,observed_full
Qwen2.5-0.5B→Qwen2.5-7B,Qwen/Qwen2.5-0.5B,mmlu,0,mmlu_261,0,knowledge_reasoning,observed_full
Qwen2.5-0.5B→Qwen2.5-7B,Qwen/Qwen2.5-0.5B,mmlu,0,mmlu_262,0,knowledge_reasoning,observed_full
Qwen2.5-0.5B→Qwen2.5-7B,Qwen/Qwen2.5-0.5B,mmlu,0,mmlu_263,1,knowledge_reasoning,observed_full
Qwen2.5-0.5B→Qwen2.5-7B,Qwen/Qwen2.5-0.5B,mmlu,0,mmlu_264,0,knowledge_reasoning,observed_full
Qwen2.5-0.5B→Qwen2.5-7B,Qwen/Qwen2.5-0.5B,mmlu,0,mmlu_265,0,knowledge_reasoning,observed_full
Qwen2.5-0.5B→Qwen2.5-7B,Qwen/Qwen2.5-0.5B,mmlu,0,mmlu_266,0,knowledge_reasoning,observed_full
Qwen2.5-0.5B→Qwen2.5-7B,Qwen/Qwen2.5-0.5B,mmlu,0,mmlu_267,1,knowledge_reasoning,observed_full
Qwen2.5-0.5B→Qwen2.5-7B,Qwen/Qwen2.5-0.5B,mmlu,0,mmlu_268,0,knowledge_reasoning,observed_full
Qwen2.5-0.5B→Qwen2.5-7B,Qwen/Qwen2.5-0.5B,mmlu,0,mmlu_269,1,knowledge_reasoning,observed_full
Qwen2.5-0.5B→Qwen2.5-7B,Qwen/Qwen2.5-0.5B,mmlu,0,mmlu_270,0,knowledge_reasoning,observed_full
Qwen2.5-0.5B→Qwen2.5-7B,Qwen/Qwen2.5-0.5B,mmlu,0,mmlu_271,1,knowledge_reasoning,observed_full
Qwen2.5-0.5B→Qwen2.5-7B,Qwen/Qwen2.5-0.5B,mmlu,0,mmlu_272,0,knowledge_reasoning,observed_full
Qwen2.5-0.5B→Qwen2.5-7B,Qwen/Qwen2.5-0.5B,mmlu,0,mmlu_273,1,knowledge_reasoning,observed_full
Qwen2.5-0.5B→Qwen2.5-7B,Qwen/Qwen2.5-0.5B,mmlu,0,mmlu_274,0,knowledge_reasoning,observed_full
Qwen2.5-0.5B→Qwen2.5-7B,Qwen/Qwen2.5-0.5B,mmlu,0,mmlu_275,0,knowledge_reasoning,observed_full
Qwen2.5-0.5B→Qwen2.5-7B,Qwen/Qwen2.5-0.5B,mmlu,0,mmlu_276,0,knowledge_reasoning,observed_full
Qwen2.5-0.5B→Qwen2.5-7B,Qwen/Qwen2.5-0.5B,mmlu,0,mmlu_277,0,knowledge_reasoning,observed_full
Qwen2.5-0.5B→Qwen2.5-7B,Qwen/Qwen2.5-0.5B,mmlu,0,mmlu_278,0,knowledge_reasoning,observed_full
Qwen2.5-0.5B→Qwen2.5-7B,Qwen/Qwen2.5-0.5B,mmlu,0,mmlu_279,0,knowledge_reasoning,observed_full
Qwen2.5-0.5B→Qwen2.5-7B,Qwen/Qwen2.5-0.5B,mmlu,0,mmlu_280,1,knowledge_reasoning,observed_full
Qwen2.5-0.5B→Qwen2.5-7B,Qwen/Qwen2.5-0.5B,mmlu,0,mmlu_281,1,knowledge_reasoning,observed_full
Qwen2.5-0.5B→Qwen2.5-7B,Qwen/Qwen2.5-0.5B,mmlu,0,mmlu_282,0,knowledge_reasoning,observed_full
Qwen2.5-0.5B→Qwen2.5-7B,Qwen/Qwen2.5-0.5B,mmlu,0,mmlu_283,0,knowledge_reasoning,observed_full
Qwen2.5-0.5B→Qwen2.5-7B,Qwen/Qwen2.5-0.5B,mmlu,0,mmlu_284,0,knowledge_reasoning,observed_full
Qwen2.5-0.5B→Qwen2.5-7B,Qwen/Qwen2.5-0.5B,mmlu,0,mmlu_285,0,knowledge_reasoning,observed_full
Qwen2.5-0.5B→Qwen2.5-7B,Qwen/Qwen2.5-0.5B,mmlu,0,mmlu_286,1,knowledge_reasoning,observed_full
Qwen2.5-0.5B→Qwen2.5-7B,Qwen/Qwen2.5-0.5B,mmlu,0,mmlu_287,0,knowledge_reasoning,observed_full
Qwen2.5-0.5B→Qwen2.5-7B,Qwen/Qwen2.5-0.5B,mmlu,0,mmlu_288,1,knowledge_reasoning,observed_full
Qwen2.5-0.5B→Qwen2.5-7B,Qwen/Qwen2.5-0.5B,mmlu,0,mmlu_289,0,knowledge_reasoning,observed_full
Qwen2.5-0.5B→Qwen2.5-7B,Qwen/Qwen2.5-0.5B,mmlu,0,mmlu_290,1,knowledge_reasoning,observed_full
Qwen2.5-0.5B→Qwen2.5-7B,Qwen/Qwen2.5-0.5B,mmlu,0,mmlu_291,0,knowledge_reasoning,observed_full
Qwen2.5-0.5B→Qwen2.5-7B,Qwen/Qwen2.5-0.5B,mmlu,0,mmlu_292,1,knowledge_reasoning,observed_full
Qwen2.5-0.5B→Qwen2.5-7B,Qwen/Qwen2.5-0.5B,mmlu,0,mmlu_293,0,knowledge_reasoning,observed_full
Qwen2.5-0.5B→Qwen2.5-7B,Qwen/Qwen2.5-0.5B,mmlu,0,mmlu_294,1,knowledge_reasoning,observed_full
Qwen2.5-0.5B→Qwen2.5-7B,Qwen/Qwen2.5-0.5B,mmlu,0,mmlu_295,0,knowledge_reasoning,observed_full
Qwen2.5-0.5B→Qwen2.5-7B,Qwen/Qwen2.5-0.5B,mmlu,0,mmlu_296,0,knowledge_reasoning,observed_full
Qwen2.5-0.5B→Qwen2.5-7B,Qwen/Qwen2.5-0.5B,mmlu,0,mmlu_297,0,knowledge_reasoning,observed_full
Qwen2.5-0.5B→Qwen2.5-7B,Qwen/Qwen2.5-0.5B,mmlu,0,mmlu_298,0,knowledge_reasoning,observed_full
Qwen2.5-0.5B→Qwen2.5-7B,Qwen/Qwen2.5-0.5B,mmlu,0,mmlu_299,0,knowledge_reasoning,observed_full
Qwen2.5-0.5B→Qwen2.5-7B,Qwen/Qwen2.5-0.5B,mmlu,0,mmlu_300,0,knowledge_reasoning,observed_full
Qwen2.5-0.5B→Qwen2.5-7B,Qwen/Qwen2.5-0.5B,mmlu,0,mmlu_301,1,knowledge_reasoning,observed_full
Qwen2.5-0.5B→Qwen2.5-7B,Qwen/Qwen2.5-0.5B,mmlu,0,mmlu_302,0,knowledge_reasoning,observed_full
Qwen2.5-0.5B→Qwen2.5-7B,Qwen/Qwen2.5-0.5B,mmlu,0,mmlu_303,1,knowledge_reasoning,observed_full
Qwen2.5-0.5B→Qwen2.5-7B,Qwen/Qwen2.5-0.5B,mmlu,0,mmlu_304,1,knowledge_reasoning,observed_full
Qwen2.5-0.5B→Qwen2.5-7B,Qwen/Qwen2.5-0.5B,mmlu,0,mmlu_305,0,knowledge_reasoning,observed_full
Qwen2.5-0.5B→Qwen2.5-7B,Qwen/Qwen2.5-0.5B,mmlu,0,mmlu_306,1,knowledge_reasoning,observed_full
Qwen2.5-0.5B→Qwen2.5-7B,Qwen/Qwen2.5-0.5B,mmlu,0,mmlu_307,0,knowledge_reasoning,observed_full
Qwen2.5-0.5B→Qwen2.5-7B,Qwen/Qwen2.5-0.5B,mmlu,0,mmlu_308,1,knowledge_reasoning,observed_full
Qwen2.5-0.5B→Qwen2.5-7B,Qwen/Qwen2.5-0.5B,mmlu,0,mmlu_309,0,knowledge_reasoning,observed_full
Qwen2.5-0.5B→Qwen2.5-7B,Qwen/Qwen2.5-0.5B,mmlu,0,mmlu_310,0,knowledge_reasoning,observed_full
Qwen2.5-0.5B→Qwen2.5-7B,Qwen/Qwen2.5-0.5B,mmlu,0,mmlu_311,0,knowledge_reasoning,observed_full
Qwen2.5-0.5B→Qwen2.5-7B,Qwen/Qwen2.5-0.5B,mmlu,0,mmlu_312,0,knowledge_reasoning,observed_full
Qwen2.5-0.5B→Qwen2.5-7B,Qwen/Qwen2.5-0.5B,mmlu,0,mmlu_313,1,knowledge_reasoning,observed_full
Qwen2.5-0.5B→Qwen2.5-7B,Qwen/Qwen2.5-0.5B,mmlu,0,mmlu_314,1,knowledge_reasoning,observed_full
Qwen2.5-0.5B→Qwen2.5-7B,Qwen/Qwen2.5-0.5B,mmlu,0,mmlu_315,1,knowledge_reasoning,observed_full
Qwen2.5-0.5B→Qwen2.5-7B,Qwen/Qwen2.5-0.5B,mmlu,0,mmlu_316,0,knowledge_reasoning,observed_full
Qwen2.5-0.5B→Qwen2.5-7B,Qwen/Qwen2.5-0.5B,mmlu,0,mmlu_317,1,knowledge_reasoning,observed_full
Qwen2.5-0.5B→Qwen2.5-7B,Qwen/Qwen2.5-0.5B,mmlu,0,mmlu_318,0,knowledge_reasoning,observed_full
Qwen2.5-0.5B→Qwen2.5-7B,Qwen/Qwen2.5-0.5B,mmlu,0,mmlu_319,0,knowledge_reasoning,observed_full
Qwen2.5-0.5B→Qwen2.5-7B,Qwen/Qwen2.5-0.5B,mmlu,0,mmlu_320,1,knowledge_reasoning,observed_full
Qwen2.5-0.5B→Qwen2.5-7B,Qwen/Qwen2.5-0.5B,mmlu,0,mmlu_321,0,knowledge_reasoning,observed_full
Qwen2.5-0.5B→Qwen2.5-7B,Qwen/Qwen2.5-0.5B,mmlu,0,mmlu_322,1,knowledge_reasoning,observed_full
Qwen2.5-0.5B→Qwen2.5-7B,Qwen/Qwen2.5-0.5B,mmlu,0,mmlu_323,0,knowledge_reasoning,observed_full
Qwen2.5-0.5B→Qwen2.5-7B,Qwen/Qwen2.5-0.5B,mmlu,0,mmlu_324,1,knowledge_reasoning,observed_full
Qwen2.5-0.5B→Qwen2.5-7B,Qwen/Qwen2.5-0.5B,mmlu,0,mmlu_325,1,knowledge_reasoning,observed_full
Qwen2.5-0.5B→Qwen2.5-7B,Qwen/Qwen2.5-0.5B,mmlu,0,mmlu_326,1,knowledge_reasoning,observed_full
Qwen2.5-0.5B→Qwen2.5-7B,Qwen/Qwen2.5-0.5B,mmlu,0,mmlu_327,0,knowledge_reasoning,observed_full
Qwen2.5-0.5B→Qwen2.5-7B,Qwen/Qwen2.5-0.5B,mmlu,0,mmlu_328,1,knowledge_reasoning,observed_full
Qwen2.5-0.5B→Qwen2.5-7B,Qwen/Qwen2.5-0.5B,mmlu,0,mmlu_329,1,knowledge_reasoning,observed_full
Qwen2.5-0.5B→Qwen2.5-7B,Qwen/Qwen2.5-0.5B,mmlu,0,mmlu_330,0,knowledge_reasoning,observed_full
Qwen2.5-0.5B→Qwen2.5-7B,Qwen/Qwen2.5-0.5B,mmlu,0,mmlu_331,1,knowledge_reasoning,observed_full
Qwen2.5-0.5B→Qwen2.5-7B,Qwen/Qwen2.5-0.5B,mmlu,0,mmlu_332,0,knowledge_reasoning,observed_full
Qwen2.5-0.5B→Qwen2.5-7B,Qwen/Qwen2.5-0.5B,mmlu,0,mmlu_333,0,knowledge_reasoning,observed_full
Qwen2.5-0.5B→Qwen2.5-7B,Qwen/Qwen2.5-0.5B,mmlu,0,mmlu_334,1,knowledge_reasoning,observed_full
Qwen2.5-0.5B→Qwen2.5-7B,Qwen/Qwen2.5-0.5B,mmlu,0,mmlu_335,0,knowledge_reasoning,observed_full
Qwen2.5-0.5B→Qwen2.5-7B,Qwen/Qwen2.5-0.5B,mmlu,0,mmlu_336,0,knowledge_reasoning,observed_full
Qwen2.5-0.5B→Qwen2.5-7B,Qwen/Qwen2.5-0.5B,mmlu,0,mmlu_337,1,knowledge_reasoning,observed_full
Qwen2.5-0.5B→Qwen2.5-7B,Qwen/Qwen2.5-0.5B,mmlu,0,mmlu_338,1,knowledge_reasoning,observed_full
Qwen2.5-0.5B→Qwen2.5-7B,Qwen/Qwen2.5-0.5B,mmlu,0,mmlu_339,1,knowledge_reasoning,observed_full
Qwen2.5-0.5B→Qwen2.5-7B,Qwen/Qwen2.5-0.5B,mmlu,0,mmlu_340,1,knowledge_reasoning,observed_full
Qwen2.5-0.5B→Qwen2.5-7B,Qwen/Qwen2.5-0.5B,mmlu,0,mmlu_341,1,knowledge_reasoning,observed_full
Qwen2.5-0.5B→Qwen2.5-7B,Qwen/Qwen2.5-0.5B,mmlu,0,mmlu_342,1,knowledge_reasoning,observed_full
Qwen2.5-0.5B→Qwen2.5-7B,Qwen/Qwen2.5-0.5B,mmlu,0,mmlu_343,0,knowledge_reasoning,observed_full
Qwen2.5-0.5B→Qwen2.5-7B,Qwen/Qwen2.5-0.5B,mmlu,0,mmlu_344,1,knowledge_reasoning,observed_full
Qwen2.5-0.5B→Qwen2.5-7B,Qwen/Qwen2.5-0.5B,mmlu,0,mmlu_345,1,knowledge_reasoning,observed_full
Qwen2.5-0.5B→Qwen2.5-7B,Qwen/Qwen2.5-0.5B,mmlu,0,mmlu_346,0,knowledge_reasoning,observed_full
Qwen2.5-0.5B→Qwen2.5-7B,Qwen/Qwen2.5-0.5B,mmlu,0,mmlu_347,0,knowledge_reasoning,observed_full
Qwen2.5-0.5B→Qwen2.5-7B,Qwen/Qwen2.5-0.5B,mmlu,0,mmlu_348,0,knowledge_reasoning,observed_full
Qwen2.5-0.5B→Qwen2.5-7B,Qwen/Qwen2.5-0.5B,mmlu,0,mmlu_349,0,knowledge_reasoning,observed_full
Qwen2.5-0.5B→Qwen2.5-7B,Qwen/Qwen2.5-0.5B,mmlu,0,mmlu_350,0,knowledge_reasoning,observed_full
Qwen2.5-0.5B→Qwen2.5-7B,Qwen/Qwen2.5-0.5B,mmlu,0,mmlu_351,0,knowledge_reasoning,observed_full
Qwen2.5-0.5B→Qwen2.5-7B,Qwen/Qwen2.5-0.5B,mmlu,0,mmlu_352,0,knowledge_reasoning,observed_full
Qwen2.5-0.5B→Qwen2.5-7B,Qwen/Qwen2.5-0.5B,mmlu,0,mmlu_353,0,knowledge_reasoning,observed_full
Qwen2.5-0.5B→Qwen2.5-7B,Qwen/Qwen2.5-0.5B,mmlu,0,mmlu_354,0,knowledge_reasoning,observed_full
Qwen2.5-0.5B→Qwen2.5-7B,Qwen/Qwen2.5-0.5B,mmlu,0,mmlu_355,0,knowledge_reasoning,observed_full
Qwen2.5-0.5B→Qwen2.5-7B,Qwen/Qwen2.5-0.5B,mmlu,0,mmlu_356,1,knowledge_reasoning,observed_full
Qwen2.5-0.5B→Qwen2.5-7B,Qwen/Qwen2.5-0.5B,mmlu,0,mmlu_357,0,knowledge_reasoning,observed_full
Qwen2.5-0.5B→Qwen2.5-7B,Qwen/Qwen2.5-0.5B,mmlu,0,mmlu_358,1,knowledge_reasoning,observed_full
Qwen2.5-0.5B→Qwen2.5-7B,Qwen/Qwen2.5-0.5B,mmlu,0,mmlu_359,0,knowledge_reasoning,observed_full
Qwen2.5-0.5B→Qwen2.5-7B,Qwen/Qwen2.5-0.5B,mmlu,0,mmlu_360,0,knowledge_reasoning,observed_full
Qwen2.5-0.5B→Qwen2.5-7B,Qwen/Qwen2.5-0.5B,mmlu,0,mmlu_361,0,knowledge_reasoning,observed_full
Qwen2.5-0.5B→Qwen2.5-7B,Qwen/Qwen2.5-0.5B,mmlu,0,mmlu_362,1,knowledge_reasoning,observed_full
Qwen2.5-0.5B→Qwen2.5-7B,Qwen/Qwen2.5-0.5B,mmlu,0,mmlu_363,1,knowledge_reasoning,observed_full
Qwen2.5-0.5B→Qwen2.5-7B,Qwen/Qwen2.5-0.5B,mmlu,0,mmlu_364,1,knowledge_reasoning,observed_full
Qwen2.5-0.5B→Qwen2.5-7B,Qwen/Qwen2.5-0.5B,mmlu,0,mmlu_365,0,knowledge_reasoning,observed_full
Qwen2.5-0.5B→Qwen2.5-7B,Qwen/Qwen2.5-0.5B,mmlu,0,mmlu_366,1,knowledge_reasoning,observed_full
Qwen2.5-0.5B→Qwen2.5-7B,Qwen/Qwen2.5-0.5B,mmlu,0,mmlu_367,1,knowledge_reasoning,observed_full
Qwen2.5-0.5B→Qwen2.5-7B,Qwen/Qwen2.5-0.5B,mmlu,0,mmlu_368,1,knowledge_reasoning,observed_full
Qwen2.5-0.5B→Qwen2.5-7B,Qwen/Qwen2.5-0.5B,mmlu,0,mmlu_369,0,knowledge_reasoning,observed_full
Qwen2.5-0.5B→Qwen2.5-7B,Qwen/Qwen2.5-0.5B,mmlu,0,mmlu_370,0,knowledge_reasoning,observed_full
Qwen2.5-0.5B→Qwen2.5-7B,Qwen/Qwen2.5-0.5B,mmlu,0,mmlu_371,0,knowledge_reasoning,observed_full
Qwen2.5-0.5B→Qwen2.5-7B,Qwen/Qwen2.5-0.5B,mmlu,0,mmlu_372,0,knowledge_reasoning,observed_full
Qwen2.5-0.5B→Qwen2.5-7B,Qwen/Qwen2.5-0.5B,mmlu,0,mmlu_373,1,knowledge_reasoning,observed_full
Qwen2.5-0.5B→Qwen2.5-7B,Qwen/Qwen2.5-0.5B,mmlu,0,mmlu_374,0,knowledge_reasoning,observed_full
Qwen2.5-0.5B→Qwen2.5-7B,Qwen/Qwen2.5-0.5B,mmlu,0,mmlu_375,1,knowledge_reasoning,observed_full
Qwen2.5-0.5B→Qwen2.5-7B,Qwen/Qwen2.5-0.5B,mmlu,0,mmlu_376,0,knowledge_reasoning,observed_full
Qwen2.5-0.5B→Qwen2.5-7B,Qwen/Qwen2.5-0.5B,mmlu,0,mmlu_377,0,knowledge_reasoning,observed_full
Qwen2.5-0.5B→Qwen2.5-7B,Qwen/Qwen2.5-0.5B,mmlu,0,mmlu_378,1,knowledge_reasoning,observed_full
Qwen2.5-0.5B→Qwen2.5-7B,Qwen/Qwen2.5-0.5B,mmlu,0,mmlu_379,1,knowledge_reasoning,observed_full
Qwen2.5-0.5B→Qwen2.5-7B,Qwen/Qwen2.5-0.5B,mmlu,0,mmlu_380,1,knowledge_reasoning,observed_full
Qwen2.5-0.5B→Qwen2.5-7B,Qwen/Qwen2.5-0.5B,mmlu,0,mmlu_381,0,knowledge_reasoning,observed_full
Qwen2.5-0.5B→Qwen2.5-7B,Qwen/Qwen2.5-0.5B,mmlu,0,mmlu_382,1,knowledge_reasoning,observed_full
Qwen2.5-0.5B→Qwen2.5-7B,Qwen/Qwen2.5-0.5B,mmlu,0,mmlu_383,0,knowledge_reasoning,observed_full
Qwen2.5-0.5B→Qwen2.5-7B,Qwen/Qwen2.5-0.5B,mmlu,0,mmlu_384,1,knowledge_reasoning,observed_full
Qwen2.5-0.5B→Qwen2.5-7B,Qwen/Qwen2.5-0.5B,mmlu,0,mmlu_385,1,knowledge_reasoning,observed_full
Qwen2.5-0.5B→Qwen2.5-7B,Qwen/Qwen2.5-0.5B,mmlu,0,mmlu_386,1,knowledge_reasoning,observed_full
Qwen2.5-0.5B→Qwen2.5-7B,Qwen/Qwen2.5-0.5B,mmlu,0,mmlu_387,1,knowledge_reasoning,observed_full
Qwen2.5-0.5B→Qwen2.5-7B,Qwen/Qwen2.5-0.5B,mmlu,0,mmlu_388,0,knowledge_reasoning,observed_full
Qwen2.5-0.5B→Qwen2.5-7B,Qwen/Qwen2.5-0.5B,mmlu,0,mmlu_389,0,knowledge_reasoning,observed_full
Qwen2.5-0.5B→Qwen2.5-7B,Qwen/Qwen2.5-0.5B,mmlu,0,mmlu_390,1,knowledge_reasoning,observed_full
Qwen2.5-0.5B→Qwen2.5-7B,Qwen/Qwen2.5-0.5B,mmlu,0,mmlu_391,0,knowledge_reasoning,observed_full
Qwen2.5-0.5B→Qwen2.5-7B,Qwen/Qwen2.5-0.5B,mmlu,0,mmlu_392,1,knowledge_reasoning,observed_full
Qwen2.5-0.5B→Qwen2.5-7B,Qwen/Qwen2.5-0.5B,mmlu,0,mmlu_393,0,knowledge_reasoning,observed_full
Qwen2.5-0.5B→Qwen2.5-7B,Qwen/Qwen2.5-0.5B,mmlu,0,mmlu_394,0,knowledge_reasoning,observed_full
Qwen2.5-0.5B→Qwen2.5-7B,Qwen/Qwen2.5-0.5B,mmlu,0,mmlu_395,1,knowledge_reasoning,observed_full
Qwen2.5-0.5B→Qwen2.5-7B,Qwen/Qwen2.5-0.5B,mmlu,0,mmlu_396,1,knowledge_reasoning,observed_full
Qwen2.5-0.5B→Qwen2.5-7B,Qwen/Qwen2.5-0.5B,mmlu,0,mmlu_397,0,knowledge_reasoning,observed_full
Qwen2.5-0.5B→Qwen2.5-7B,Qwen/Qwen2.5-0.5B,mmlu,0,mmlu_398,1,knowledge_reasoning,observed_full
Qwen2.5-0.5B→Qwen2.5-7B,Qwen/Qwen2.5-0.5B,mmlu,0,mmlu_399,0,knowledge_reasoning,observed_full
Qwen2.5-0.5B→Qwen2.5-7B,Qwen/Qwen2.5-0.5B,mmlu,0,mmlu_400,0,knowledge_reasoning,observed_full
Qwen2.5-0.5B→Qwen2.5-7B,Qwen/Qwen2.5-0.5B,mmlu,0,mmlu_401,0,knowledge_reasoning,observed_full
Qwen2.5-0.5B→Qwen2.5-7B,Qwen/Qwen2.5-0.5B,mmlu,0,mmlu_402,0,knowledge_reasoning,observed_full
Qwen2.5-0.5B→Qwen2.5-7B,Qwen/Qwen2.5-0.5B,mmlu,0,mmlu_403,0,knowledge_reasoning,observed_full
Qwen2.5-0.5B→Qwen2.5-7B,Qwen/Qwen2.5-0.5B,mmlu,0,mmlu_404,0,knowledge_reasoning,observed_full
Qwen2.5-0.5B→Qwen2.5-7B,Qwen/Qwen2.5-0.5B,mmlu,0,mmlu_405,1,knowledge_reasoning,observed_full
Qwen2.5-0.5B→Qwen2.5-7B,Qwen/Qwen2.5-0.5B,mmlu,0,mmlu_406,0,knowledge_reasoning,observed_full
Qwen2.5-0.5B→Qwen2.5-7B,Qwen/Qwen2.5-0.5B,mmlu,0,mmlu_407,1,knowledge_reasoning,observed_full
Qwen2.5-0.5B→Qwen2.5-7B,Qwen/Qwen2.5-0.5B,mmlu,0,mmlu_408,0,knowledge_reasoning,observed_full
Qwen2.5-0.5B→Qwen2.5-7B,Qwen/Qwen2.5-0.5B,mmlu,0,mmlu_409,0,knowledge_reasoning,observed_full
Qwen2.5-0.5B→Qwen2.5-7B,Qwen/Qwen2.5-0.5B,mmlu,0,mmlu_410,1,knowledge_reasoning,observed_full
Qwen2.5-0.5B→Qwen2.5-7B,Qwen/Qwen2.5-0.5B,mmlu,0,mmlu_411,1,knowledge_reasoning,observed_full
Qwen2.5-0.5B→Qwen2.5-7B,Qwen/Qwen2.5-0.5B,mmlu,0,mmlu_412,0,knowledge_reasoning,observed_full
Qwen2.5-0.5B→Qwen2.5-7B,Qwen/Qwen2.5-0.5B,mmlu,0,mmlu_413,1,knowledge_reasoning,observed_full
Qwen2.5-0.5B→Qwen2.5-7B,Qwen/Qwen2.5-0.5B,mmlu,0,mmlu_414,0,knowledge_reasoning,observed_full
Qwen2.5-0.5B→Qwen2.5-7B,Qwen/Qwen2.5-0.5B,mmlu,0,mmlu_415,1,knowledge_reasoning,observed_full
Qwen2.5-0.5B→Qwen2.5-7B,Qwen/Qwen2.5-0.5B,mmlu,0,mmlu_416,1,knowledge_reasoning,observed_full
Qwen2.5-0.5B→Qwen2.5-7B,Qwen/Qwen2.5-0.5B,mmlu,0,mmlu_417,0,knowledge_reasoning,observed_full
Qwen2.5-0.5B→Qwen2.5-7B,Qwen/Qwen2.5-0.5B,mmlu,0,mmlu_418,0,knowledge_reasoning,observed_full
Qwen2.5-0.5B→Qwen2.5-7B,Qwen/Qwen2.5-0.5B,mmlu,0,mmlu_419,0,knowledge_reasoning,observed_full
Qwen2.5-0.5B→Qwen2.5-7B,Qwen/Qwen2.5-0.5B,mmlu,0,mmlu_420,1,knowledge_reasoning,observed_full
Qwen2.5-0.5B→Qwen2.5-7B,Qwen/Qwen2.5-0.5B,mmlu,0,mmlu_421,0,knowledge_reasoning,observed_full
Qwen2.5-0.5B→Qwen2.5-7B,Qwen/Qwen2.5-0.5B,mmlu,0,mmlu_422,1,knowledge_reasoning,observed_full
Qwen2.5-0.5B→Qwen2.5-7B,Qwen/Qwen2.5-0.5B,mmlu,0,mmlu_423,1,knowledge_reasoning,observed_full
Qwen2.5-0.5B→Qwen2.5-7B,Qwen/Qwen2.5-0.5B,mmlu,0,mmlu_424,0,knowledge_reasoning,observed_full
Qwen2.5-0.5B→Qwen2.5-7B,Qwen/Qwen2.5-0.5B,mmlu,0,mmlu_425,0,knowledge_reasoning,observed_full
Qwen2.5-0.5B→Qwen2.5-7B,Qwen/Qwen2.5-0.5B,mmlu,0,mmlu_426,1,knowledge_reasoning,observed_full
Qwen2.5-0.5B→Qwen2.5-7B,Qwen/Qwen2.5-0.5B,mmlu,0,mmlu_427,0,knowledge_reasoning,observed_full
Qwen2.5-0.5B→Qwen2.5-7B,Qwen/Qwen2.5-0.5B,mmlu,0,mmlu_428,1,knowledge_reasoning,observed_full
Qwen2.5-0.5B→Qwen2.5-7B,Qwen/Qwen2.5-0.5B,mmlu,0,mmlu_429,0,knowledge_reasoning,observed_full
Qwen2.5-0.5B→Qwen2.5-7B,Qwen/Qwen2.5-0.5B,mmlu,0,mmlu_430,1,knowledge_reasoning,observed_full
Qwen2.5-0.5B→Qwen2.5-7B,Qwen/Qwen2.5-0.5B,mmlu,0,mmlu_431,0,knowledge_reasoning,observed_full
Qwen2.5-0.5B→Qwen2.5-7B,Qwen/Qwen2.5-0.5B,mmlu,0,mmlu_432,0,knowledge_reasoning,observed_full
Qwen2.5-0.5B→Qwen2.5-7B,Qwen/Qwen2.5-0.5B,mmlu,0,mmlu_433,1,knowledge_reasoning,observed_full
Qwen2.5-0.5B→Qwen2.5-7B,Qwen/Qwen2.5-0.5B,mmlu,0,mmlu_434,0,knowledge_reasoning,observed_full
Qwen2.5-0.5B→Qwen2.5-7B,Qwen/Qwen2.5-0.5B,mmlu,0,mmlu_435,0,knowledge_reasoning,observed_full
Qwen2.5-0.5B→Qwen2.5-7B,Qwen/Qwen2.5-0.5B,mmlu,0,mmlu_436,1,knowledge_reasoning,observed_full
Qwen2.5-0.5B→Qwen2.5-7B,Qwen/Qwen2.5-0.5B,mmlu,0,mmlu_437,1,knowledge_reasoning,observed_full
Qwen2.5-0.5B→Qwen2.5-7B,Qwen/Qwen2.5-0.5B,mmlu,0,mmlu_438,0,knowledge_reasoning,observed_full
Qwen2.5-0.5B→Qwen2.5-7B,Qwen/Qwen2.5-0.5B,mmlu,0,mmlu_439,0,knowledge_reasoning,observed_full
Qwen2.5-0.5B→Qwen2.5-7B,Qwen/Qwen2.5-0.5B,mmlu,0,mmlu_440,1,knowledge_reasoning,observed_full
Qwen2.5-0.5B→Qwen2.5-7B,Qwen/Qwen2.5-0.5B,mmlu,0,mmlu_441,1,knowledge_reasoning,observed_full
Qwen2.5-0.5B→Qwen2.5-7B,Qwen/Qwen2.5-0.5B,mmlu,0,mmlu_442,1,knowledge_reasoning,observed_full
Qwen2.5-0.5B→Qwen2.5-7B,Qwen/Qwen2.5-0.5B,mmlu,0,mmlu_443,0,knowledge_reasoning,observed_full
Qwen2.5-0.5B→Qwen2.5-7B,Qwen/Qwen2.5-0.5B,mmlu,0,mmlu_444,1,knowledge_reasoning,observed_full
Qwen2.5-0.5B→Qwen2.5-7B,Qwen/Qwen2.5-0.5B,mmlu,0,mmlu_445,1,knowledge_reasoning,observed_full
Qwen2.5-0.5B→Qwen2.5-7B,Qwen/Qwen2.5-0.5B,mmlu,0,mmlu_446,0,knowledge_reasoning,observed_full
Qwen2.5-0.5B→Qwen2.5-7B,Qwen/Qwen2.5-0.5B,mmlu,0,mmlu_447,0,knowledge_reasoning,observed_full
Qwen2.5-0.5B→Qwen2.5-7B,Qwen/Qwen2.5-0.5B,mmlu,0,mmlu_448,1,knowledge_reasoning,observed_full
Qwen2.5-0.5B→Qwen2.5-7B,Qwen/Qwen2.5-0.5B,mmlu,0,mmlu_449,0,knowledge_reasoning,observed_full
Qwen2.5-0.5B→Qwen2.5-7B,Qwen/Qwen2.5-0.5B,mmlu,0,mmlu_450,0,knowledge_reasoning,observed_full
Qwen2.5-0.5B→Qwen2.5-7B,Qwen/Qwen2.5-0.5B,mmlu,0,mmlu_451,0,knowledge_reasoning,observed_full
Qwen2.5-0.5B→Qwen2.5-7B,Qwen/Qwen2.5-0.5B,mmlu,0,mmlu_452,0,knowledge_reasoning,observed_full
Qwen2.5-0.5B→Qwen2.5-7B,Qwen/Qwen2.5-0.5B,mmlu,0,mmlu_453,1,knowledge_reasoning,observed_full
Qwen2.5-0.5B→Qwen2.5-7B,Qwen/Qwen2.5-0.5B,mmlu,0,mmlu_454,1,knowledge_reasoning,observed_full
Qwen2.5-0.5B→Qwen2.5-7B,Qwen/Qwen2.5-0.5B,mmlu,0,mmlu_455,1,knowledge_reasoning,observed_full
Qwen2.5-0.5B→Qwen2.5-7B,Qwen/Qwen2.5-0.5B,mmlu,0,mmlu_456,1,knowledge_reasoning,observed_full
Qwen2.5-0.5B→Qwen2.5-7B,Qwen/Qwen2.5-0.5B,mmlu,0,mmlu_457,0,knowledge_reasoning,observed_full
Qwen2.5-0.5B→Qwen2.5-7B,Qwen/Qwen2.5-0.5B,mmlu,0,mmlu_458,0,knowledge_reasoning,observed_full
Qwen2.5-0.5B→Qwen2.5-7B,Qwen/Qwen2.5-0.5B,mmlu,0,mmlu_459,1,knowledge_reasoning,observed_full
Qwen2.5-0.5B→Qwen2.5-7B,Qwen/Qwen2.5-0.5B,mmlu,0,mmlu_460,0,knowledge_reasoning,observed_full
Qwen2.5-0.5B→Qwen2.5-7B,Qwen/Qwen2.5-0.5B,mmlu,0,mmlu_461,1,knowledge_reasoning,observed_full
Qwen2.5-0.5B→Qwen2.5-7B,Qwen/Qwen2.5-0.5B,mmlu,0,mmlu_462,1,knowledge_reasoning,observed_full
Qwen2.5-0.5B→Qwen2.5-7B,Qwen/Qwen2.5-0.5B,mmlu,0,mmlu_463,1,knowledge_reasoning,observed_full
Qwen2.5-0.5B→Qwen2.5-7B,Qwen/Qwen2.5-0.5B,mmlu,0,mmlu_464,1,knowledge_reasoning,observed_full
Qwen2.5-0.5B→Qwen2.5-7B,Qwen/Qwen2.5-0.5B,mmlu,0,mmlu_465,0,knowledge_reasoning,observed_full
Qwen2.5-0.5B→Qwen2.5-7B,Qwen/Qwen2.5-0.5B,mmlu,0,mmlu_466,1,knowledge_reasoning,observed_full
Qwen2.5-0.5B→Qwen2.5-7B,Qwen/Qwen2.5-0.5B,mmlu,0,mmlu_467,0,knowledge_reasoning,observed_full
Qwen2.5-0.5B→Qwen2.5-7B,Qwen/Qwen2.5-0.5B,mmlu,0,mmlu_468,0,knowledge_reasoning,observed_full
Qwen2.5-0.5B→Qwen2.5-7B,Qwen/Qwen2.5-0.5B,mmlu,0,mmlu_469,0,knowledge_reasoning,observed_full
Qwen2.5-0.5B→Qwen2.5-7B,Qwen/Qwen2.5-0.5B,mmlu,0,mmlu_470,0,knowledge_reasoning,observed_full
Qwen2.5-0.5B→Qwen2.5-7B,Qwen/Qwen2.5-0.5B,mmlu,0,mmlu_471,1,knowledge_reasoning,observed_full
Qwen2.5-0.5B→Qwen2.5-7B,Qwen/Qwen2.5-0.5B,mmlu,0,mmlu_472,1,knowledge_reasoning,observed_full
Qwen2.5-0.5B→Qwen2.5-7B,Qwen/Qwen2.5-0.5B,mmlu,0,mmlu_473,0,knowledge_reasoning,observed_full
Qwen2.5-0.5B→Qwen2.5-7B,Qwen/Qwen2.5-0.5B,mmlu,0,mmlu_474,1,knowledge_reasoning,observed_full
Qwen2.5-0.5B→Qwen2.5-7B,Qwen/Qwen2.5-0.5B,mmlu,0,mmlu_475,0,knowledge_reasoning,observed_full
Qwen2.5-0.5B→Qwen2.5-7B,Qwen/Qwen2.5-0.5B,mmlu,0,mmlu_476,1,knowledge_reasoning,observed_full
Qwen2.5-0.5B→Qwen2.5-7B,Qwen/Qwen2.5-0.5B,mmlu,0,mmlu_477,0,knowledge_reasoning,observed_full
Qwen2.5-0.5B→Qwen2.5-7B,Qwen/Qwen2.5-0.5B,mmlu,0,mmlu_478,1,knowledge_reasoning,observed_full
Qwen2.5-0.5B→Qwen2.5-7B,Qwen/Qwen2.5-0.5B,mmlu,0,mmlu_479,1,knowledge_reasoning,observed_full
Qwen2.5-0.5B→Qwen2.5-7B,Qwen/Qwen2.5-0.5B,mmlu,0,mmlu_480,0,knowledge_reasoning,observed_full
Qwen2.5-0.5B→Qwen2.5-7B,Qwen/Qwen2.5-0.5B,mmlu,0,mmlu_481,1,knowledge_reasoning,observed_full
Qwen2.5-0.5B→Qwen2.5-7B,Qwen/Qwen2.5-0.5B,mmlu,0,mmlu_482,0,knowledge_reasoning,observed_full
Qwen2.5-0.5B→Qwen2.5-7B,Qwen/Qwen2.5-0.5B,mmlu,0,mmlu_483,1,knowledge_reasoning,observed_full
Qwen2.5-0.5B→Qwen2.5-7B,Qwen/Qwen2.5-0.5B,mmlu,0,mmlu_484,1,knowledge_reasoning,observed_full
Qwen2.5-0.5B→Qwen2.5-7B,Qwen/Qwen2.5-0.5B,mmlu,0,mmlu_485,0,knowledge_reasoning,observed_full
Qwen2.5-0.5B→Qwen2.5-7B,Qwen/Qwen2.5-0.5B,mmlu,0,mmlu_486,0,knowledge_reasoning,observed_full
Qwen2.5-0.5B→Qwen2.5-7B,Qwen/Qwen2.5-0.5B,mmlu,0,mmlu_487,1,knowledge_reasoning,observed_full
Qwen2.5-0.5B→Qwen2.5-7B,Qwen/Qwen2.5-0.5B,mmlu,0,mmlu_488,1,knowledge_reasoning,observed_full
Qwen2.5-0.5B→Qwen2.5-7B,Qwen/Qwen2.5-0.5B,mmlu,0,mmlu_489,0,knowledge_reasoning,observed_full
Qwen2.5-0.5B→Qwen2.5-7B,Qwen/Qwen2.5-0.5B,mmlu,0,mmlu_490,1,knowledge_reasoning,observed_full
Qwen2.5-0.5B→Qwen2.5-7B,Qwen/Qwen2.5-0.5B,mmlu,0,mmlu_491,0,knowledge_reasoning,observed_full
Qwen2.5-0.5B→Qwen2.5-7B,Qwen/Qwen2.5-0.5B,mmlu,0,mmlu_492,0,knowledge_reasoning,observed_full
Qwen2.5-0.5B→Qwen2.5-7B,Qwen/Qwen2.5-0.5B,mmlu,0,mmlu_493,0,knowledge_reasoning,observed_full
Qwen2.5-0.5B→Qwen2.5-7B,Qwen/Qwen2.5-0.5B,mmlu,0,mmlu_494,0,knowledge_reasoning,observed_full
Qwen2.5-0.5B→Qwen2.5-7B,Qwen/Qwen2.5-0.5B,mmlu,0,mmlu_495,1,knowledge_reasoning,observed_full
Qwen2.5-0.5B→Qwen2.5-7B,Qwen/Qwen2.5-0.5B,mmlu,0,mmlu_496,0,knowledge_reasoning,observed_full
Qwen2.5-0.5B→Qwen2.5-7B,Qwen/Qwen2.5-0.5B,mmlu,0,mmlu_497,0,knowledge_reasoning,observed_full
Qwen2.5-0.5B→Qwen2.5-7B,Qwen/Qwen2.5-0.5B,mmlu,0,mmlu_498,1,knowledge_reasoning,observed_full
Qwen2.5-0.5B→Qwen2.5-7B,Qwen/Qwen2.5-0.5B,mmlu,0,mmlu_499,0,knowledge_reasoning,observed_full
Qwen2.5-0.5B→Qwen2.5-7B,Qwen/Qwen2.5-0.5B,hellaswag,0,hellaswag_0,1,commonsense_reasoning,observed_full
Qwen2.5-0.5B→Qwen2.5-7B,Qwen/Qwen2.5-0.5B,hellaswag,0,hellaswag_1,0,commonsense_reasoning,observed_full
Qwen2.5-0.5B→Qwen2.5-7B,Qwen/Qwen2.5-0.5B,hellaswag,0,hellaswag_2,0,commonsense_reasoning,observed_full
Qwen2.5-0.5B→Qwen2.5-7B,Qwen/Qwen2.5-0.5B,hellaswag,0,hellaswag_3,0,commonsense_reasoning,observed_full
Qwen2.5-0.5B→Qwen2.5-7B,Qwen/Qwen2.5-0.5B,hellaswag,0,hellaswag_4,0,commonsense_reasoning,observed_full
Qwen2.5-0.5B→Qwen2.5-7B,Qwen/Qwen2.5-0.5B,hellaswag,0,hellaswag_5,0,commonsense_reasoning,observed_full
Qwen2.5-0.5B→Qwen2.5-7B,Qwen/Qwen2.5-0.5B,hellaswag,0,hellaswag_6,0,commonsense_reasoning,observed_full
Qwen2.5-0.5B→Qwen2.5-7B,Qwen/Qwen2.5-0.5B,hellaswag,0,hellaswag_7,1,commonsense_reasoning,observed_full
Qwen2.5-0.5B→Qwen2.5-7B,Qwen/Qwen2.5-0.5B,hellaswag,0,hellaswag_8,0,commonsense_reasoning,observed_full
Qwen2.5-0.5B→Qwen2.5-7B,Qwen/Qwen2.5-0.5B,hellaswag,0,hellaswag_9,0,commonsense_reasoning,observed_full
Qwen2.5-0.5B→Qwen2.5-7B,Qwen/Qwen2.5-0.5B,hellaswag,0,hellaswag_10,0,commonsense_reasoning,observed_full
Qwen2.5-0.5B→Qwen2.5-7B,Qwen/Qwen2.5-0.5B,hellaswag,0,hellaswag_11,0,commonsense_reasoning,observed_full
Qwen2.5-0.5B→Qwen2.5-7B,Qwen/Qwen2.5-0.5B,hellaswag,0,hellaswag_12,0,commonsense_reasoning,observed_full
Qwen2.5-0.5B→Qwen2.5-7B,Qwen/Qwen2.5-0.5B,hellaswag,0,hellaswag_13,0,commonsense_reasoning,observed_full
Qwen2.5-0.5B→Qwen2.5-7B,Qwen/Qwen2.5-0.5B,hellaswag,0,hellaswag_14,0,commonsense_reasoning,observed_full
Qwen2.5-0.5B→Qwen2.5-7B,Qwen/Qwen2.5-0.5B,hellaswag,0,hellaswag_15,1,commonsense_reasoning,observed_full
Qwen2.5-0.5B→Qwen2.5-7B,Qwen/Qwen2.5-0.5B,hellaswag,0,hellaswag_16,0,commonsense_reasoning,observed_full
Qwen2.5-0.5B→Qwen2.5-7B,Qwen/Qwen2.5-0.5B,hellaswag,0,hellaswag_17,1,commonsense_reasoning,observed_full
Qwen2.5-0.5B→Qwen2.5-7B,Qwen/Qwen2.5-0.5B,hellaswag,0,hellaswag_18,0,commonsense_reasoning,observed_full
Qwen2.5-0.5B→Qwen2.5-7B,Qwen/Qwen2.5-0.5B,hellaswag,0,hellaswag_19,1,commonsense_reasoning,observed_full
Qwen2.5-0.5B→Qwen2.5-7B,Qwen/Qwen2.5-0.5B,hellaswag,0,hellaswag_20,1,commonsense_reasoning,observed_full
Qwen2.5-0.5B→Qwen2.5-7B,Qwen/Qwen2.5-0.5B,hellaswag,0,hellaswag_21,1,commonsense_reasoning,observed_full
Qwen2.5-0.5B→Qwen2.5-7B,Qwen/Qwen2.5-0.5B,hellaswag,0,hellaswag_22,1,commonsense_reasoning,observed_full
Qwen2.5-0.5B→Qwen2.5-7B,Qwen/Qwen2.5-0.5B,hellaswag,0,hellaswag_23,1,commonsense_reasoning,observed_full
Qwen2.5-0.5B→Qwen2.5-7B,Qwen/Qwen2.5-0.5B,hellaswag,0,hellaswag_24,1,commonsense_reasoning,observed_full
Qwen2.5-0.5B→Qwen2.5-7B,Qwen/Qwen2.5-0.5B,hellaswag,0,hellaswag_25,0,commonsense_reasoning,observed_full
Qwen2.5-0.5B→Qwen2.5-7B,Qwen/Qwen2.5-0.5B,hellaswag,0,hellaswag_26,1,commonsense_reasoning,observed_full
Qwen2.5-0.5B→Qwen2.5-7B,Qwen/Qwen2.5-0.5B,hellaswag,0,hellaswag_27,1,commonsense_reasoning,observed_full
Qwen2.5-0.5B→Qwen2.5-7B,Qwen/Qwen2.5-0.5B,hellaswag,0,hellaswag_28,0,commonsense_reasoning,observed_full
Qwen2.5-0.5B→Qwen2.5-7B,Qwen/Qwen2.5-0.5B,hellaswag,0,hellaswag_29,1,commonsense_reasoning,observed_full
Qwen2.5-0.5B→Qwen2.5-7B,Qwen/Qwen2.5-0.5B,hellaswag,0,hellaswag_30,0,commonsense_reasoning,observed_full
Qwen2.5-0.5B→Qwen2.5-7B,Qwen/Qwen2.5-0.5B,hellaswag,0,hellaswag_31,0,commonsense_reasoning,observed_full
Qwen2.5-0.5B→Qwen2.5-7B,Qwen/Qwen2.5-0.5B,hellaswag,0,hellaswag_32,1,commonsense_reasoning,observed_full
Qwen2.5-0.5B→Qwen2.5-7B,Qwen/Qwen2.5-0.5B,hellaswag,0,hellaswag_33,0,commonsense_reasoning,observed_full
Qwen2.5-0.5B→Qwen2.5-7B,Qwen/Qwen2.5-0.5B,hellaswag,0,hellaswag_34,0,commonsense_reasoning,observed_full
Qwen2.5-0.5B→Qwen2.5-7B,Qwen/Qwen2.5-0.5B,hellaswag,0,hellaswag_35,0,commonsense_reasoning,observed_full
Qwen2.5-0.5B→Qwen2.5-7B,Qwen/Qwen2.5-0.5B,hellaswag,0,hellaswag_36,0,commonsense_reasoning,observed_full
Qwen2.5-0.5B→Qwen2.5-7B,Qwen/Qwen2.5-0.5B,hellaswag,0,hellaswag_37,0,commonsense_reasoning,observed_full
Qwen2.5-0.5B→Qwen2.5-7B,Qwen/Qwen2.5-0.5B,hellaswag,0,hellaswag_38,1,commonsense_reasoning,observed_full
Qwen2.5-0.5B→Qwen2.5-7B,Qwen/Qwen2.5-0.5B,hellaswag,0,hellaswag_39,0,commonsense_reasoning,observed_full
Qwen2.5-0.5B→Qwen2.5-7B,Qwen/Qwen2.5-0.5B,hellaswag,0,hellaswag_40,1,commonsense_reasoning,observed_full
Qwen2.5-0.5B→Qwen2.5-7B,Qwen/Qwen2.5-0.5B,hellaswag,0,hellaswag_41,1,commonsense_reasoning,observed_full
Qwen2.5-0.5B→Qwen2.5-7B,Qwen/Qwen2.5-0.5B,hellaswag,0,hellaswag_42,1,commonsense_reasoning,observed_full
Qwen2.5-0.5B→Qwen2.5-7B,Qwen/Qwen2.5-0.5B,hellaswag,0,hellaswag_43,0,commonsense_reasoning,observed_full
Qwen2.5-0.5B→Qwen2.5-7B,Qwen/Qwen2.5-0.5B,hellaswag,0,hellaswag_44,0,commonsense_reasoning,observed_full
Qwen2.5-0.5B→Qwen2.5-7B,Qwen/Qwen2.5-0.5B,hellaswag,0,hellaswag_45,0,commonsense_reasoning,observed_full
Qwen2.5-0.5B→Qwen2.5-7B,Qwen/Qwen2.5-0.5B,hellaswag,0,hellaswag_46,1,commonsense_reasoning,observed_full
Qwen2.5-0.5B→Qwen2.5-7B,Qwen/Qwen2.5-0.5B,hellaswag,0,hellaswag_47,0,commonsense_reasoning,observed_full
Qwen2.5-0.5B→Qwen2.5-7B,Qwen/Qwen2.5-0.5B,hellaswag,0,hellaswag_48,0,commonsense_reasoning,observed_full
Qwen2.5-0.5B→Qwen2.5-7B,Qwen/Qwen2.5-0.5B,hellaswag,0,hellaswag_49,1,commonsense_reasoning,observed_full
Qwen2.5-0.5B→Qwen2.5-7B,Qwen/Qwen2.5-0.5B,hellaswag,0,hellaswag_50,0,commonsense_reasoning,observed_full
Qwen2.5-0.5B→Qwen2.5-7B,Qwen/Qwen2.5-0.5B,hellaswag,0,hellaswag_51,0,commonsense_reasoning,observed_full
Qwen2.5-0.5B→Qwen2.5-7B,Qwen/Qwen2.5-0.5B,hellaswag,0,hellaswag_52,0,commonsense_reasoning,observed_full
Qwen2.5-0.5B→Qwen2.5-7B,Qwen/Qwen2.5-0.5B,hellaswag,0,hellaswag_53,0,commonsense_reasoning,observed_full
Qwen2.5-0.5B→Qwen2.5-7B,Qwen/Qwen2.5-0.5B,hellaswag,0,hellaswag_54,0,commonsense_reasoning,observed_full
Qwen2.5-0.5B→Qwen2.5-7B,Qwen/Qwen2.5-0.5B,hellaswag,0,hellaswag_55,1,commonsense_reasoning,observed_full
Qwen2.5-0.5B→Qwen2.5-7B,Qwen/Qwen2.5-0.5B,hellaswag,0,hellaswag_56,0,commonsense_reasoning,observed_full
Qwen2.5-0.5B→Qwen2.5-7B,Qwen/Qwen2.5-0.5B,hellaswag,0,hellaswag_57,0,commonsense_reasoning,observed_full
Qwen2.5-0.5B→Qwen2.5-7B,Qwen/Qwen2.5-0.5B,hellaswag,0,hellaswag_58,1,commonsense_reasoning,observed_full
Qwen2.5-0.5B→Qwen2.5-7B,Qwen/Qwen2.5-0.5B,hellaswag,0,hellaswag_59,1,commonsense_reasoning,observed_full
Qwen2.5-0.5B→Qwen2.5-7B,Qwen/Qwen2.5-0.5B,hellaswag,0,hellaswag_60,1,commonsense_reasoning,observed_full
Qwen2.5-0.5B→Qwen2.5-7B,Qwen/Qwen2.5-0.5B,hellaswag,0,hellaswag_61,0,commonsense_reasoning,observed_full
Qwen2.5-0.5B→Qwen2.5-7B,Qwen/Qwen2.5-0.5B,hellaswag,0,hellaswag_62,0,commonsense_reasoning,observed_full
Qwen2.5-0.5B→Qwen2.5-7B,Qwen/Qwen2.5-0.5B,hellaswag,0,hellaswag_63,0,commonsense_reasoning,observed_full
Qwen2.5-0.5B→Qwen2.5-7B,Qwen/Qwen2.5-0.5B,hellaswag,0,hellaswag_64,1,commonsense_reasoning,observed_full
Qwen2.5-0.5B→Qwen2.5-7B,Qwen/Qwen2.5-0.5B,hellaswag,0,hellaswag_65,0,commonsense_reasoning,observed_full
Qwen2.5-0.5B→Qwen2.5-7B,Qwen/Qwen2.5-0.5B,hellaswag,0,hellaswag_66,1,commonsense_reasoning,observed_full
Qwen2.5-0.5B→Qwen2.5-7B,Qwen/Qwen2.5-0.5B,hellaswag,0,hellaswag_67,0,commonsense_reasoning,observed_full
Qwen2.5-0.5B→Qwen2.5-7B,Qwen/Qwen2.5-0.5B,hellaswag,0,hellaswag_68,0,commonsense_reasoning,observed_full
Qwen2.5-0.5B→Qwen2.5-7B,Qwen/Qwen2.5-0.5B,hellaswag,0,hellaswag_69,0,commonsense_reasoning,observed_full
Qwen2.5-0.5B→Qwen2.5-7B,Qwen/Qwen2.5-0.5B,hellaswag,0,hellaswag_70,1,commonsense_reasoning,observed_full
Qwen2.5-0.5B→Qwen2.5-7B,Qwen/Qwen2.5-0.5B,hellaswag,0,hellaswag_71,0,commonsense_reasoning,observed_full
Qwen2.5-0.5B→Qwen2.5-7B,Qwen/Qwen2.5-0.5B,hellaswag,0,hellaswag_72,0,commonsense_reasoning,observed_full
Qwen2.5-0.5B→Qwen2.5-7B,Qwen/Qwen2.5-0.5B,hellaswag,0,hellaswag_73,1,commonsense_reasoning,observed_full
Qwen2.5-0.5B→Qwen2.5-7B,Qwen/Qwen2.5-0.5B,hellaswag,0,hellaswag_74,0,commonsense_reasoning,observed_full
Qwen2.5-0.5B→Qwen2.5-7B,Qwen/Qwen2.5-0.5B,hellaswag,0,hellaswag_75,1,commonsense_reasoning,observed_full
Qwen2.5-0.5B→Qwen2.5-7B,Qwen/Qwen2.5-0.5B,hellaswag,0,hellaswag_76,0,commonsense_reasoning,observed_full
Qwen2.5-0.5B→Qwen2.5-7B,Qwen/Qwen2.5-0.5B,hellaswag,0,hellaswag_77,1,commonsense_reasoning,observed_full
Qwen2.5-0.5B→Qwen2.5-7B,Qwen/Qwen2.5-0.5B,hellaswag,0,hellaswag_78,0,commonsense_reasoning,observed_full
Qwen2.5-0.5B→Qwen2.5-7B,Qwen/Qwen2.5-0.5B,hellaswag,0,hellaswag_79,1,commonsense_reasoning,observed_full
Qwen2.5-0.5B→Qwen2.5-7B,Qwen/Qwen2.5-0.5B,hellaswag,0,hellaswag_80,0,commonsense_reasoning,observed_full
Qwen2.5-0.5B→Qwen2.5-7B,Qwen/Qwen2.5-0.5B,hellaswag,0,hellaswag_81,0,commonsense_reasoning,observed_full
Qwen2.5-0.5B→Qwen2.5-7B,Qwen/Qwen2.5-0.5B,hellaswag,0,hellaswag_82,0,commonsense_reasoning,observed_full
Qwen2.5-0.5B→Qwen2.5-7B,Qwen/Qwen2.5-0.5B,hellaswag,0,hellaswag_83,1,commonsense_reasoning,observed_full
Qwen2.5-0.5B→Qwen2.5-7B,Qwen/Qwen2.5-0.5B,hellaswag,0,hellaswag_84,0,commonsense_reasoning,observed_full
Qwen2.5-0.5B→Qwen2.5-7B,Qwen/Qwen2.5-0.5B,hellaswag,0,hellaswag_85,0,commonsense_reasoning,observed_full
Qwen2.5-0.5B→Qwen2.5-7B,Qwen/Qwen2.5-0.5B,hellaswag,0,hellaswag_86,0,commonsense_reasoning,observed_full
Qwen2.5-0.5B→Qwen2.5-7B,Qwen/Qwen2.5-0.5B,hellaswag,0,hellaswag_87,0,commonsense_reasoning,observed_full
Qwen2.5-0.5B→Qwen2.5-7B,Qwen/Qwen2.5-0.5B,hellaswag,0,hellaswag_88,0,commonsense_reasoning,observed_full
Qwen2.5-0.5B→Qwen2.5-7B,Qwen/Qwen2.5-0.5B,hellaswag,0,hellaswag_89,0,commonsense_reasoning,observed_full
Qwen2.5-0.5B→Qwen2.5-7B,Qwen/Qwen2.5-0.5B,hellaswag,0,hellaswag_90,0,commonsense_reasoning,observed_full
Qwen2.5-0.5B→Qwen2.5-7B,Qwen/Qwen2.5-0.5B,hellaswag,0,hellaswag_91,0,commonsense_reasoning,observed_full
Qwen2.5-0.5B→Qwen2.5-7B,Qwen/Qwen2.5-0.5B,hellaswag,0,hellaswag_92,0,commonsense_reasoning,observed_full
Qwen2.5-0.5B→Qwen2.5-7B,Qwen/Qwen2.5-0.5B,hellaswag,0,hellaswag_93,0,commonsense_reasoning,observed_full
Qwen2.5-0.5B→Qwen2.5-7B,Qwen/Qwen2.5-0.5B,hellaswag,0,hellaswag_94,0,commonsense_reasoning,observed_full
Qwen2.5-0.5B→Qwen2.5-7B,Qwen/Qwen2.5-0.5B,hellaswag,0,hellaswag_95,0,commonsense_reasoning,observed_full
Qwen2.5-0.5B→Qwen2.5-7B,Qwen/Qwen2.5-0.5B,hellaswag,0,hellaswag_96,0,commonsense_reasoning,observed_full
Qwen2.5-0.5B→Qwen2.5-7B,Qwen/Qwen2.5-0.5B,hellaswag,0,hellaswag_97,1,commonsense_reasoning,observed_full
Qwen2.5-0.5B→Qwen2.5-7B,Qwen/Qwen2.5-0.5B,hellaswag,0,hellaswag_98,1,commonsense_reasoning,observed_full
Qwen2.5-0.5B→Qwen2.5-7B,Qwen/Qwen2.5-0.5B,hellaswag,0,hellaswag_99,0,commonsense_reasoning,observed_full
Qwen2.5-0.5B→Qwen2.5-7B,Qwen/Qwen2.5-0.5B,hellaswag,0,hellaswag_100,0,commonsense_reasoning,observed_full
Qwen2.5-0.5B→Qwen2.5-7B,Qwen/Qwen2.5-0.5B,hellaswag,0,hellaswag_101,1,commonsense_reasoning,observed_full
Qwen2.5-0.5B→Qwen2.5-7B,Qwen/Qwen2.5-0.5B,hellaswag,0,hellaswag_102,1,commonsense_reasoning,observed_full
Qwen2.5-0.5B→Qwen2.5-7B,Qwen/Qwen2.5-0.5B,hellaswag,0,hellaswag_103,0,commonsense_reasoning,observed_full
Qwen2.5-0.5B→Qwen2.5-7B,Qwen/Qwen2.5-0.5B,hellaswag,0,hellaswag_104,0,commonsense_reasoning,observed_full
Qwen2.5-0.5B→Qwen2.5-7B,Qwen/Qwen2.5-0.5B,hellaswag,0,hellaswag_105,0,commonsense_reasoning,observed_full
Qwen2.5-0.5B→Qwen2.5-7B,Qwen/Qwen2.5-0.5B,hellaswag,0,hellaswag_106,1,commonsense_reasoning,observed_full
Qwen2.5-0.5B→Qwen2.5-7B,Qwen/Qwen2.5-0.5B,hellaswag,0,hellaswag_107,0,commonsense_reasoning,observed_full
Qwen2.5-0.5B→Qwen2.5-7B,Qwen/Qwen2.5-0.5B,hellaswag,0,hellaswag_108,0,commonsense_reasoning,observed_full
Qwen2.5-0.5B→Qwen2.5-7B,Qwen/Qwen2.5-0.5B,hellaswag,0,hellaswag_109,1,commonsense_reasoning,observed_full
Qwen2.5-0.5B→Qwen2.5-7B,Qwen/Qwen2.5-0.5B,hellaswag,0,hellaswag_110,0,commonsense_reasoning,observed_full
Qwen2.5-0.5B→Qwen2.5-7B,Qwen/Qwen2.5-0.5B,hellaswag,0,hellaswag_111,0,commonsense_reasoning,observed_full
Qwen2.5-0.5B→Qwen2.5-7B,Qwen/Qwen2.5-0.5B,hellaswag,0,hellaswag_112,0,commonsense_reasoning,observed_full
Qwen2.5-0.5B→Qwen2.5-7B,Qwen/Qwen2.5-0.5B,hellaswag,0,hellaswag_113,0,commonsense_reasoning,observed_full
Qwen2.5-0.5B→Qwen2.5-7B,Qwen/Qwen2.5-0.5B,hellaswag,0,hellaswag_114,0,commonsense_reasoning,observed_full
Qwen2.5-0.5B→Qwen2.5-7B,Qwen/Qwen2.5-0.5B,hellaswag,0,hellaswag_115,0,commonsense_reasoning,observed_full
Qwen2.5-0.5B→Qwen2.5-7B,Qwen/Qwen2.5-0.5B,hellaswag,0,hellaswag_116,0,commonsense_reasoning,observed_full
Qwen2.5-0.5B→Qwen2.5-7B,Qwen/Qwen2.5-0.5B,hellaswag,0,hellaswag_117,1,commonsense_reasoning,observed_full
Qwen2.5-0.5B→Qwen2.5-7B,Qwen/Qwen2.5-0.5B,hellaswag,0,hellaswag_118,0,commonsense_reasoning,observed_full
Qwen2.5-0.5B→Qwen2.5-7B,Qwen/Qwen2.5-0.5B,hellaswag,0,hellaswag_119,0,commonsense_reasoning,observed_full
Qwen2.5-0.5B→Qwen2.5-7B,Qwen/Qwen2.5-0.5B,hellaswag,0,hellaswag_120,0,commonsense_reasoning,observed_full
Qwen2.5-0.5B→Qwen2.5-7B,Qwen/Qwen2.5-0.5B,hellaswag,0,hellaswag_121,1,commonsense_reasoning,observed_full
Qwen2.5-0.5B→Qwen2.5-7B,Qwen/Qwen2.5-0.5B,hellaswag,0,hellaswag_122,0,commonsense_reasoning,observed_full
Qwen2.5-0.5B→Qwen2.5-7B,Qwen/Qwen2.5-0.5B,hellaswag,0,hellaswag_123,0,commonsense_reasoning,observed_full
Qwen2.5-0.5B→Qwen2.5-7B,Qwen/Qwen2.5-0.5B,hellaswag,0,hellaswag_124,0,commonsense_reasoning,observed_full
Qwen2.5-0.5B→Qwen2.5-7B,Qwen/Qwen2.5-0.5B,hellaswag,0,hellaswag_125,0,commonsense_reasoning,observed_full
Qwen2.5-0.5B→Qwen2.5-7B,Qwen/Qwen2.5-0.5B,hellaswag,0,hellaswag_126,1,commonsense_reasoning,observed_full
Qwen2.5-0.5B→Qwen2.5-7B,Qwen/Qwen2.5-0.5B,hellaswag,0,hellaswag_127,0,commonsense_reasoning,observed_full
Qwen2.5-0.5B→Qwen2.5-7B,Qwen/Qwen2.5-0.5B,hellaswag,0,hellaswag_128,0,commonsense_reasoning,observed_full
Qwen2.5-0.5B→Qwen2.5-7B,Qwen/Qwen2.5-0.5B,hellaswag,0,hellaswag_129,0,commonsense_reasoning,observed_full
Qwen2.5-0.5B→Qwen2.5-7B,Qwen/Qwen2.5-0.5B,hellaswag,0,hellaswag_130,0,commonsense_reasoning,observed_full
Qwen2.5-0.5B→Qwen2.5-7B,Qwen/Qwen2.5-0.5B,hellaswag,0,hellaswag_131,1,commonsense_reasoning,observed_full
Qwen2.5-0.5B→Qwen2.5-7B,Qwen/Qwen2.5-0.5B,hellaswag,0,hellaswag_132,0,commonsense_reasoning,observed_full
Qwen2.5-0.5B→Qwen2.5-7B,Qwen/Qwen2.5-0.5B,hellaswag,0,hellaswag_133,0,commonsense_reasoning,observed_full
Qwen2.5-0.5B→Qwen2.5-7B,Qwen/Qwen2.5-0.5B,hellaswag,0,hellaswag_134,0,commonsense_reasoning,observed_full
Qwen2.5-0.5B→Qwen2.5-7B,Qwen/Qwen2.5-0.5B,hellaswag,0,hellaswag_135,0,commonsense_reasoning,observed_full
Qwen2.5-0.5B→Qwen2.5-7B,Qwen/Qwen2.5-0.5B,hellaswag,0,hellaswag_136,0,commonsense_reasoning,observed_full
Qwen2.5-0.5B→Qwen2.5-7B,Qwen/Qwen2.5-0.5B,hellaswag,0,hellaswag_137,1,commonsense_reasoning,observed_full
Qwen2.5-0.5B→Qwen2.5-7B,Qwen/Qwen2.5-0.5B,hellaswag,0,hellaswag_138,0,commonsense_reasoning,observed_full
Qwen2.5-0.5B→Qwen2.5-7B,Qwen/Qwen2.5-0.5B,hellaswag,0,hellaswag_139,0,commonsense_reasoning,observed_full
Qwen2.5-0.5B→Qwen2.5-7B,Qwen/Qwen2.5-0.5B,hellaswag,0,hellaswag_140,0,commonsense_reasoning,observed_full
Qwen2.5-0.5B→Qwen2.5-7B,Qwen/Qwen2.5-0.5B,hellaswag,0,hellaswag_141,0,commonsense_reasoning,observed_full
Qwen2.5-0.5B→Qwen2.5-7B,Qwen/Qwen2.5-0.5B,hellaswag,0,hellaswag_142,1,commonsense_reasoning,observed_full
Qwen2.5-0.5B→Qwen2.5-7B,Qwen/Qwen2.5-0.5B,hellaswag,0,hellaswag_143,1,commonsense_reasoning,observed_full
Qwen2.5-0.5B→Qwen2.5-7B,Qwen/Qwen2.5-0.5B,hellaswag,0,hellaswag_144,0,commonsense_reasoning,observed_full
Qwen2.5-0.5B→Qwen2.5-7B,Qwen/Qwen2.5-0.5B,hellaswag,0,hellaswag_145,1,commonsense_reasoning,observed_full
Qwen2.5-0.5B→Qwen2.5-7B,Qwen/Qwen2.5-0.5B,hellaswag,0,hellaswag_146,0,commonsense_reasoning,observed_full
Qwen2.5-0.5B→Qwen2.5-7B,Qwen/Qwen2.5-0.5B,hellaswag,0,hellaswag_147,1,commonsense_reasoning,observed_full
Qwen2.5-0.5B→Qwen2.5-7B,Qwen/Qwen2.5-0.5B,hellaswag,0,hellaswag_148,0,commonsense_reasoning,observed_full
Qwen2.5-0.5B→Qwen2.5-7B,Qwen/Qwen2.5-0.5B,hellaswag,0,hellaswag_149,0,commonsense_reasoning,observed_full
Qwen2.5-0.5B→Qwen2.5-7B,Qwen/Qwen2.5-0.5B,hellaswag,0,hellaswag_150,0,commonsense_reasoning,observed_full
Qwen2.5-0.5B→Qwen2.5-7B,Qwen/Qwen2.5-0.5B,hellaswag,0,hellaswag_151,0,commonsense_reasoning,observed_full
Qwen2.5-0.5B→Qwen2.5-7B,Qwen/Qwen2.5-0.5B,hellaswag,0,hellaswag_152,1,commonsense_reasoning,observed_full
Qwen2.5-0.5B→Qwen2.5-7B,Qwen/Qwen2.5-0.5B,hellaswag,0,hellaswag_153,0,commonsense_reasoning,observed_full
Qwen2.5-0.5B→Qwen2.5-7B,Qwen/Qwen2.5-0.5B,hellaswag,0,hellaswag_154,0,commonsense_reasoning,observed_full
Qwen2.5-0.5B→Qwen2.5-7B,Qwen/Qwen2.5-0.5B,hellaswag,0,hellaswag_155,0,commonsense_reasoning,observed_full
Qwen2.5-0.5B→Qwen2.5-7B,Qwen/Qwen2.5-0.5B,hellaswag,0,hellaswag_156,0,commonsense_reasoning,observed_full
Qwen2.5-0.5B→Qwen2.5-7B,Qwen/Qwen2.5-0.5B,hellaswag,0,hellaswag_157,1,commonsense_reasoning,observed_full
Qwen2.5-0.5B→Qwen2.5-7B,Qwen/Qwen2.5-0.5B,hellaswag,0,hellaswag_158,1,commonsense_reasoning,observed_full
Qwen2.5-0.5B→Qwen2.5-7B,Qwen/Qwen2.5-0.5B,hellaswag,0,hellaswag_159,1,commonsense_reasoning,observed_full
Qwen2.5-0.5B→Qwen2.5-7B,Qwen/Qwen2.5-0.5B,hellaswag,0,hellaswag_160,0,commonsense_reasoning,observed_full
Qwen2.5-0.5B→Qwen2.5-7B,Qwen/Qwen2.5-0.5B,hellaswag,0,hellaswag_161,0,commonsense_reasoning,observed_full
Qwen2.5-0.5B→Qwen2.5-7B,Qwen/Qwen2.5-0.5B,hellaswag,0,hellaswag_162,0,commonsense_reasoning,observed_full
Qwen2.5-0.5B→Qwen2.5-7B,Qwen/Qwen2.5-0.5B,hellaswag,0,hellaswag_163,0,commonsense_reasoning,observed_full
Qwen2.5-0.5B→Qwen2.5-7B,Qwen/Qwen2.5-0.5B,hellaswag,0,hellaswag_164,0,commonsense_reasoning,observed_full
Qwen2.5-0.5B→Qwen2.5-7B,Qwen/Qwen2.5-0.5B,hellaswag,0,hellaswag_165,0,commonsense_reasoning,observed_full
Qwen2.5-0.5B→Qwen2.5-7B,Qwen/Qwen2.5-0.5B,hellaswag,0,hellaswag_166,1,commonsense_reasoning,observed_full
Qwen2.5-0.5B→Qwen2.5-7B,Qwen/Qwen2.5-0.5B,hellaswag,0,hellaswag_167,1,commonsense_reasoning,observed_full
Qwen2.5-0.5B→Qwen2.5-7B,Qwen/Qwen2.5-0.5B,hellaswag,0,hellaswag_168,0,commonsense_reasoning,observed_full
Qwen2.5-0.5B→Qwen2.5-7B,Qwen/Qwen2.5-0.5B,hellaswag,0,hellaswag_169,0,commonsense_reasoning,observed_full
Qwen2.5-0.5B→Qwen2.5-7B,Qwen/Qwen2.5-0.5B,hellaswag,0,hellaswag_170,0,commonsense_reasoning,observed_full
Qwen2.5-0.5B→Qwen2.5-7B,Qwen/Qwen2.5-0.5B,hellaswag,0,hellaswag_171,1,commonsense_reasoning,observed_full
Qwen2.5-0.5B→Qwen2.5-7B,Qwen/Qwen2.5-0.5B,hellaswag,0,hellaswag_172,0,commonsense_reasoning,observed_full
Qwen2.5-0.5B→Qwen2.5-7B,Qwen/Qwen2.5-0.5B,hellaswag,0,hellaswag_173,1,commonsense_reasoning,observed_full
Qwen2.5-0.5B→Qwen2.5-7B,Qwen/Qwen2.5-0.5B,hellaswag,0,hellaswag_174,0,commonsense_reasoning,observed_full
Qwen2.5-0.5B→Qwen2.5-7B,Qwen/Qwen2.5-0.5B,hellaswag,0,hellaswag_175,0,commonsense_reasoning,observed_full
Qwen2.5-0.5B→Qwen2.5-7B,Qwen/Qwen2.5-0.5B,hellaswag,0,hellaswag_176,0,commonsense_reasoning,observed_full
Qwen2.5-0.5B→Qwen2.5-7B,Qwen/Qwen2.5-0.5B,hellaswag,0,hellaswag_177,0,commonsense_reasoning,observed_full
Qwen2.5-0.5B→Qwen2.5-7B,Qwen/Qwen2.5-0.5B,hellaswag,0,hellaswag_178,0,commonsense_reasoning,observed_full
Qwen2.5-0.5B→Qwen2.5-7B,Qwen/Qwen2.5-0.5B,hellaswag,0,hellaswag_179,0,commonsense_reasoning,observed_full
Qwen2.5-0.5B→Qwen2.5-7B,Qwen/Qwen2.5-0.5B,hellaswag,0,hellaswag_180,0,commonsense_reasoning,observed_full
Qwen2.5-0.5B→Qwen2.5-7B,Qwen/Qwen2.5-0.5B,hellaswag,0,hellaswag_181,0,commonsense_reasoning,observed_full
Qwen2.5-0.5B→Qwen2.5-7B,Qwen/Qwen2.5-0.5B,hellaswag,0,hellaswag_182,0,commonsense_reasoning,observed_full
Qwen2.5-0.5B→Qwen2.5-7B,Qwen/Qwen2.5-0.5B,hellaswag,0,hellaswag_183,0,commonsense_reasoning,observed_full
Qwen2.5-0.5B→Qwen2.5-7B,Qwen/Qwen2.5-0.5B,hellaswag,0,hellaswag_184,0,commonsense_reasoning,observed_full
Qwen2.5-0.5B→Qwen2.5-7B,Qwen/Qwen2.5-0.5B,hellaswag,0,hellaswag_185,1,commonsense_reasoning,observed_full
Qwen2.5-0.5B→Qwen2.5-7B,Qwen/Qwen2.5-0.5B,hellaswag,0,hellaswag_186,0,commonsense_reasoning,observed_full
Qwen2.5-0.5B→Qwen2.5-7B,Qwen/Qwen2.5-0.5B,hellaswag,0,hellaswag_187,0,commonsense_reasoning,observed_full
Qwen2.5-0.5B→Qwen2.5-7B,Qwen/Qwen2.5-0.5B,hellaswag,0,hellaswag_188,0,commonsense_reasoning,observed_full
Qwen2.5-0.5B→Qwen2.5-7B,Qwen/Qwen2.5-0.5B,hellaswag,0,hellaswag_189,0,commonsense_reasoning,observed_full
Qwen2.5-0.5B→Qwen2.5-7B,Qwen/Qwen2.5-0.5B,hellaswag,0,hellaswag_190,1,commonsense_reasoning,observed_full
Qwen2.5-0.5B→Qwen2.5-7B,Qwen/Qwen2.5-0.5B,hellaswag,0,hellaswag_191,0,commonsense_reasoning,observed_full
Qwen2.5-0.5B→Qwen2.5-7B,Qwen/Qwen2.5-0.5B,hellaswag,0,hellaswag_192,0,commonsense_reasoning,observed_full
Qwen2.5-0.5B→Qwen2.5-7B,Qwen/Qwen2.5-0.5B,hellaswag,0,hellaswag_193,0,commonsense_reasoning,observed_full
Qwen2.5-0.5B→Qwen2.5-7B,Qwen/Qwen2.5-0.5B,hellaswag,0,hellaswag_194,0,commonsense_reasoning,observed_full
Qwen2.5-0.5B→Qwen2.5-7B,Qwen/Qwen2.5-0.5B,hellaswag,0,hellaswag_195,0,commonsense_reasoning,observed_full
Qwen2.5-0.5B→Qwen2.5-7B,Qwen/Qwen2.5-0.5B,hellaswag,0,hellaswag_196,1,commonsense_reasoning,observed_full
Qwen2.5-0.5B→Qwen2.5-7B,Qwen/Qwen2.5-0.5B,hellaswag,0,hellaswag_197,1,commonsense_reasoning,observed_full
Qwen2.5-0.5B→Qwen2.5-7B,Qwen/Qwen2.5-0.5B,hellaswag,0,hellaswag_198,0,commonsense_reasoning,observed_full
Qwen2.5-0.5B→Qwen2.5-7B,Qwen/Qwen2.5-0.5B,hellaswag,0,hellaswag_199,1,commonsense_reasoning,observed_full
Qwen2.5-0.5B→Qwen2.5-7B,Qwen/Qwen2.5-0.5B,hellaswag,0,hellaswag_200,1,commonsense_reasoning,observed_full
Qwen2.5-0.5B→Qwen2.5-7B,Qwen/Qwen2.5-0.5B,hellaswag,0,hellaswag_201,0,commonsense_reasoning,observed_full
Qwen2.5-0.5B→Qwen2.5-7B,Qwen/Qwen2.5-0.5B,hellaswag,0,hellaswag_202,0,commonsense_reasoning,observed_full
Qwen2.5-0.5B→Qwen2.5-7B,Qwen/Qwen2.5-0.5B,hellaswag,0,hellaswag_203,0,commonsense_reasoning,observed_full
Qwen2.5-0.5B→Qwen2.5-7B,Qwen/Qwen2.5-0.5B,hellaswag,0,hellaswag_204,0,commonsense_reasoning,observed_full
Qwen2.5-0.5B→Qwen2.5-7B,Qwen/Qwen2.5-0.5B,hellaswag,0,hellaswag_205,0,commonsense_reasoning,observed_full
Qwen2.5-0.5B→Qwen2.5-7B,Qwen/Qwen2.5-0.5B,hellaswag,0,hellaswag_206,0,commonsense_reasoning,observed_full
Qwen2.5-0.5B→Qwen2.5-7B,Qwen/Qwen2.5-0.5B,hellaswag,0,hellaswag_207,0,commonsense_reasoning,observed_full
Qwen2.5-0.5B→Qwen2.5-7B,Qwen/Qwen2.5-0.5B,hellaswag,0,hellaswag_208,0,commonsense_reasoning,observed_full
Qwen2.5-0.5B→Qwen2.5-7B,Qwen/Qwen2.5-0.5B,hellaswag,0,hellaswag_209,0,commonsense_reasoning,observed_full
Qwen2.5-0.5B→Qwen2.5-7B,Qwen/Qwen2.5-0.5B,hellaswag,0,hellaswag_210,1,commonsense_reasoning,observed_full
Qwen2.5-0.5B→Qwen2.5-7B,Qwen/Qwen2.5-0.5B,hellaswag,0,hellaswag_211,0,commonsense_reasoning,observed_full
Qwen2.5-0.5B→Qwen2.5-7B,Qwen/Qwen2.5-0.5B,hellaswag,0,hellaswag_212,1,commonsense_reasoning,observed_full
Qwen2.5-0.5B→Qwen2.5-7B,Qwen/Qwen2.5-0.5B,hellaswag,0,hellaswag_213,1,commonsense_reasoning,observed_full
Qwen2.5-0.5B→Qwen2.5-7B,Qwen/Qwen2.5-0.5B,hellaswag,0,hellaswag_214,1,commonsense_reasoning,observed_full
Qwen2.5-0.5B→Qwen2.5-7B,Qwen/Qwen2.5-0.5B,hellaswag,0,hellaswag_215,1,commonsense_reasoning,observed_full
Qwen2.5-0.5B→Qwen2.5-7B,Qwen/Qwen2.5-0.5B,hellaswag,0,hellaswag_216,1,commonsense_reasoning,observed_full
Qwen2.5-0.5B→Qwen2.5-7B,Qwen/Qwen2.5-0.5B,hellaswag,0,hellaswag_217,1,commonsense_reasoning,observed_full
Qwen2.5-0.5B→Qwen2.5-7B,Qwen/Qwen2.5-0.5B,hellaswag,0,hellaswag_218,1,commonsense_reasoning,observed_full
Qwen2.5-0.5B→Qwen2.5-7B,Qwen/Qwen2.5-0.5B,hellaswag,0,hellaswag_219,1,commonsense_reasoning,observed_full
Qwen2.5-0.5B→Qwen2.5-7B,Qwen/Qwen2.5-0.5B,hellaswag,0,hellaswag_220,0,commonsense_reasoning,observed_full
Qwen2.5-0.5B→Qwen2.5-7B,Qwen/Qwen2.5-0.5B,hellaswag,0,hellaswag_221,0,commonsense_reasoning,observed_full
Qwen2.5-0.5B→Qwen2.5-7B,Qwen/Qwen2.5-0.5B,hellaswag,0,hellaswag_222,1,commonsense_reasoning,observed_full
Qwen2.5-0.5B→Qwen2.5-7B,Qwen/Qwen2.5-0.5B,hellaswag,0,hellaswag_223,0,commonsense_reasoning,observed_full
Qwen2.5-0.5B→Qwen2.5-7B,Qwen/Qwen2.5-0.5B,hellaswag,0,hellaswag_224,0,commonsense_reasoning,observed_full
Qwen2.5-0.5B→Qwen2.5-7B,Qwen/Qwen2.5-0.5B,hellaswag,0,hellaswag_225,0,commonsense_reasoning,observed_full
Qwen2.5-0.5B→Qwen2.5-7B,Qwen/Qwen2.5-0.5B,hellaswag,0,hellaswag_226,0,commonsense_reasoning,observed_full
Qwen2.5-0.5B→Qwen2.5-7B,Qwen/Qwen2.5-0.5B,hellaswag,0,hellaswag_227,0,commonsense_reasoning,observed_full
Qwen2.5-0.5B→Qwen2.5-7B,Qwen/Qwen2.5-0.5B,hellaswag,0,hellaswag_228,0,commonsense_reasoning,observed_full
Qwen2.5-0.5B→Qwen2.5-7B,Qwen/Qwen2.5-0.5B,hellaswag,0,hellaswag_229,0,commonsense_reasoning,observed_full
Qwen2.5-0.5B→Qwen2.5-7B,Qwen/Qwen2.5-0.5B,hellaswag,0,hellaswag_230,0,commonsense_reasoning,observed_full
Qwen2.5-0.5B→Qwen2.5-7B,Qwen/Qwen2.5-0.5B,hellaswag,0,hellaswag_231,1,commonsense_reasoning,observed_full
Qwen2.5-0.5B→Qwen2.5-7B,Qwen/Qwen2.5-0.5B,hellaswag,0,hellaswag_232,1,commonsense_reasoning,observed_full
Qwen2.5-0.5B→Qwen2.5-7B,Qwen/Qwen2.5-0.5B,hellaswag,0,hellaswag_233,0,commonsense_reasoning,observed_full
Qwen2.5-0.5B→Qwen2.5-7B,Qwen/Qwen2.5-0.5B,hellaswag,0,hellaswag_234,0,commonsense_reasoning,observed_full
Qwen2.5-0.5B→Qwen2.5-7B,Qwen/Qwen2.5-0.5B,hellaswag,0,hellaswag_235,1,commonsense_reasoning,observed_full
Qwen2.5-0.5B→Qwen2.5-7B,Qwen/Qwen2.5-0.5B,hellaswag,0,hellaswag_236,1,commonsense_reasoning,observed_full
Qwen2.5-0.5B→Qwen2.5-7B,Qwen/Qwen2.5-0.5B,hellaswag,0,hellaswag_237,1,commonsense_reasoning,observed_full
Qwen2.5-0.5B→Qwen2.5-7B,Qwen/Qwen2.5-0.5B,hellaswag,0,hellaswag_238,1,commonsense_reasoning,observed_full
Qwen2.5-0.5B→Qwen2.5-7B,Qwen/Qwen2.5-0.5B,hellaswag,0,hellaswag_239,0,commonsense_reasoning,observed_full
Qwen2.5-0.5B→Qwen2.5-7B,Qwen/Qwen2.5-0.5B,hellaswag,0,hellaswag_240,1,commonsense_reasoning,observed_full
Qwen2.5-0.5B→Qwen2.5-7B,Qwen/Qwen2.5-0.5B,hellaswag,0,hellaswag_241,0,commonsense_reasoning,observed_full
Qwen2.5-0.5B→Qwen2.5-7B,Qwen/Qwen2.5-0.5B,hellaswag,0,hellaswag_242,1,commonsense_reasoning,observed_full
Qwen2.5-0.5B→Qwen2.5-7B,Qwen/Qwen2.5-0.5B,hellaswag,0,hellaswag_243,0,commonsense_reasoning,observed_full
Qwen2.5-0.5B→Qwen2.5-7B,Qwen/Qwen2.5-0.5B,hellaswag,0,hellaswag_244,0,commonsense_reasoning,observed_full
Qwen2.5-0.5B→Qwen2.5-7B,Qwen/Qwen2.5-0.5B,hellaswag,0,hellaswag_245,1,commonsense_reasoning,observed_full
Qwen2.5-0.5B→Qwen2.5-7B,Qwen/Qwen2.5-0.5B,hellaswag,0,hellaswag_246,1,commonsense_reasoning,observed_full
Qwen2.5-0.5B→Qwen2.5-7B,Qwen/Qwen2.5-0.5B,hellaswag,0,hellaswag_247,0,commonsense_reasoning,observed_full
Qwen2.5-0.5B→Qwen2.5-7B,Qwen/Qwen2.5-0.5B,hellaswag,0,hellaswag_248,1,commonsense_reasoning,observed_full
Qwen2.5-0.5B→Qwen2.5-7B,Qwen/Qwen2.5-0.5B,hellaswag,0,hellaswag_249,1,commonsense_reasoning,observed_full
Qwen2.5-0.5B→Qwen2.5-7B,Qwen/Qwen2.5-0.5B,hellaswag,0,hellaswag_250,1,commonsense_reasoning,observed_full
Qwen2.5-0.5B→Qwen2.5-7B,Qwen/Qwen2.5-0.5B,hellaswag,0,hellaswag_251,1,commonsense_reasoning,observed_full
Qwen2.5-0.5B→Qwen2.5-7B,Qwen/Qwen2.5-0.5B,hellaswag,0,hellaswag_252,1,commonsense_reasoning,observed_full
Qwen2.5-0.5B→Qwen2.5-7B,Qwen/Qwen2.5-0.5B,hellaswag,0,hellaswag_253,0,commonsense_reasoning,observed_full
Qwen2.5-0.5B→Qwen2.5-7B,Qwen/Qwen2.5-0.5B,hellaswag,0,hellaswag_254,1,commonsense_reasoning,observed_full
Qwen2.5-0.5B→Qwen2.5-7B,Qwen/Qwen2.5-0.5B,hellaswag,0,hellaswag_255,1,commonsense_reasoning,observed_full
Qwen2.5-0.5B→Qwen2.5-7B,Qwen/Qwen2.5-0.5B,hellaswag,0,hellaswag_256,1,commonsense_reasoning,observed_full
Qwen2.5-0.5B→Qwen2.5-7B,Qwen/Qwen2.5-0.5B,hellaswag,0,hellaswag_257,1,commonsense_reasoning,observed_full
Qwen2.5-0.5B→Qwen2.5-7B,Qwen/Qwen2.5-0.5B,hellaswag,0,hellaswag_258,0,commonsense_reasoning,observed_full
Qwen2.5-0.5B→Qwen2.5-7B,Qwen/Qwen2.5-0.5B,hellaswag,0,hellaswag_259,0,commonsense_reasoning,observed_full
Qwen2.5-0.5B→Qwen2.5-7B,Qwen/Qwen2.5-0.5B,hellaswag,0,hellaswag_260,1,commonsense_reasoning,observed_full
Qwen2.5-0.5B→Qwen2.5-7B,Qwen/Qwen2.5-0.5B,hellaswag,0,hellaswag_261,0,commonsense_reasoning,observed_full
Qwen2.5-0.5B→Qwen2.5-7B,Qwen/Qwen2.5-0.5B,hellaswag,0,hellaswag_262,0,commonsense_reasoning,observed_full
Qwen2.5-0.5B→Qwen2.5-7B,Qwen/Qwen2.5-0.5B,hellaswag,0,hellaswag_263,0,commonsense_reasoning,observed_full
Qwen2.5-0.5B→Qwen2.5-7B,Qwen/Qwen2.5-0.5B,hellaswag,0,hellaswag_264,0,commonsense_reasoning,observed_full
Qwen2.5-0.5B→Qwen2.5-7B,Qwen/Qwen2.5-0.5B,hellaswag,0,hellaswag_265,0,commonsense_reasoning,observed_full
Qwen2.5-0.5B→Qwen2.5-7B,Qwen/Qwen2.5-0.5B,hellaswag,0,hellaswag_266,0,commonsense_reasoning,observed_full
Qwen2.5-0.5B→Qwen2.5-7B,Qwen/Qwen2.5-0.5B,hellaswag,0,hellaswag_267,0,commonsense_reasoning,observed_full
Qwen2.5-0.5B→Qwen2.5-7B,Qwen/Qwen2.5-0.5B,hellaswag,0,hellaswag_268,1,commonsense_reasoning,observed_full
Qwen2.5-0.5B→Qwen2.5-7B,Qwen/Qwen2.5-0.5B,hellaswag,0,hellaswag_269,0,commonsense_reasoning,observed_full
Qwen2.5-0.5B→Qwen2.5-7B,Qwen/Qwen2.5-0.5B,hellaswag,0,hellaswag_270,1,commonsense_reasoning,observed_full
Qwen2.5-0.5B→Qwen2.5-7B,Qwen/Qwen2.5-0.5B,hellaswag,0,hellaswag_271,0,commonsense_reasoning,observed_full
Qwen2.5-0.5B→Qwen2.5-7B,Qwen/Qwen2.5-0.5B,hellaswag,0,hellaswag_272,0,commonsense_reasoning,observed_full
Qwen2.5-0.5B→Qwen2.5-7B,Qwen/Qwen2.5-0.5B,hellaswag,0,hellaswag_273,1,commonsense_reasoning,observed_full
Qwen2.5-0.5B→Qwen2.5-7B,Qwen/Qwen2.5-0.5B,hellaswag,0,hellaswag_274,0,commonsense_reasoning,observed_full
Qwen2.5-0.5B→Qwen2.5-7B,Qwen/Qwen2.5-0.5B,hellaswag,0,hellaswag_275,0,commonsense_reasoning,observed_full
Qwen2.5-0.5B→Qwen2.5-7B,Qwen/Qwen2.5-0.5B,hellaswag,0,hellaswag_276,0,commonsense_reasoning,observed_full
Qwen2.5-0.5B→Qwen2.5-7B,Qwen/Qwen2.5-0.5B,hellaswag,0,hellaswag_277,0,commonsense_reasoning,observed_full
Qwen2.5-0.5B→Qwen2.5-7B,Qwen/Qwen2.5-0.5B,hellaswag,0,hellaswag_278,1,commonsense_reasoning,observed_full
Qwen2.5-0.5B→Qwen2.5-7B,Qwen/Qwen2.5-0.5B,hellaswag,0,hellaswag_279,0,commonsense_reasoning,observed_full
Qwen2.5-0.5B→Qwen2.5-7B,Qwen/Qwen2.5-0.5B,hellaswag,0,hellaswag_280,0,commonsense_reasoning,observed_full
Qwen2.5-0.5B→Qwen2.5-7B,Qwen/Qwen2.5-0.5B,hellaswag,0,hellaswag_281,0,commonsense_reasoning,observed_full
Qwen2.5-0.5B→Qwen2.5-7B,Qwen/Qwen2.5-0.5B,hellaswag,0,hellaswag_282,0,commonsense_reasoning,observed_full
Qwen2.5-0.5B→Qwen2.5-7B,Qwen/Qwen2.5-0.5B,hellaswag,0,hellaswag_283,0,commonsense_reasoning,observed_full
Qwen2.5-0.5B→Qwen2.5-7B,Qwen/Qwen2.5-0.5B,hellaswag,0,hellaswag_284,1,commonsense_reasoning,observed_full
Qwen2.5-0.5B→Qwen2.5-7B,Qwen/Qwen2.5-0.5B,hellaswag,0,hellaswag_285,0,commonsense_reasoning,observed_full
Qwen2.5-0.5B→Qwen2.5-7B,Qwen/Qwen2.5-0.5B,hellaswag,0,hellaswag_286,0,commonsense_reasoning,observed_full
Qwen2.5-0.5B→Qwen2.5-7B,Qwen/Qwen2.5-0.5B,hellaswag,0,hellaswag_287,0,commonsense_reasoning,observed_full
Qwen2.5-0.5B→Qwen2.5-7B,Qwen/Qwen2.5-0.5B,hellaswag,0,hellaswag_288,1,commonsense_reasoning,observed_full
Qwen2.5-0.5B→Qwen2.5-7B,Qwen/Qwen2.5-0.5B,hellaswag,0,hellaswag_289,0,commonsense_reasoning,observed_full
Qwen2.5-0.5B→Qwen2.5-7B,Qwen/Qwen2.5-0.5B,hellaswag,0,hellaswag_290,0,commonsense_reasoning,observed_full
Qwen2.5-0.5B→Qwen2.5-7B,Qwen/Qwen2.5-0.5B,hellaswag,0,hellaswag_291,1,commonsense_reasoning,observed_full
Qwen2.5-0.5B→Qwen2.5-7B,Qwen/Qwen2.5-0.5B,hellaswag,0,hellaswag_292,1,commonsense_reasoning,observed_full
Qwen2.5-0.5B→Qwen2.5-7B,Qwen/Qwen2.5-0.5B,hellaswag,0,hellaswag_293,0,commonsense_reasoning,observed_full
Qwen2.5-0.5B→Qwen2.5-7B,Qwen/Qwen2.5-0.5B,hellaswag,0,hellaswag_294,0,commonsense_reasoning,observed_full
Qwen2.5-0.5B→Qwen2.5-7B,Qwen/Qwen2.5-0.5B,hellaswag,0,hellaswag_295,0,commonsense_reasoning,observed_full
Qwen2.5-0.5B→Qwen2.5-7B,Qwen/Qwen2.5-0.5B,hellaswag,0,hellaswag_296,0,commonsense_reasoning,observed_full
Qwen2.5-0.5B→Qwen2.5-7B,Qwen/Qwen2.5-0.5B,hellaswag,0,hellaswag_297,0,commonsense_reasoning,observed_full
Qwen2.5-0.5B→Qwen2.5-7B,Qwen/Qwen2.5-0.5B,hellaswag,0,hellaswag_298,0,commonsense_reasoning,observed_full
Qwen2.5-0.5B→Qwen2.5-7B,Qwen/Qwen2.5-0.5B,hellaswag,0,hellaswag_299,1,commonsense_reasoning,observed_full
Qwen2.5-0.5B→Qwen2.5-7B,Qwen/Qwen2.5-0.5B,hellaswag,0,hellaswag_300,1,commonsense_reasoning,observed_full
Qwen2.5-0.5B→Qwen2.5-7B,Qwen/Qwen2.5-0.5B,hellaswag,0,hellaswag_301,0,commonsense_reasoning,observed_full
Qwen2.5-0.5B→Qwen2.5-7B,Qwen/Qwen2.5-0.5B,hellaswag,0,hellaswag_302,0,commonsense_reasoning,observed_full
Qwen2.5-0.5B→Qwen2.5-7B,Qwen/Qwen2.5-0.5B,hellaswag,0,hellaswag_303,1,commonsense_reasoning,observed_full
Qwen2.5-0.5B→Qwen2.5-7B,Qwen/Qwen2.5-0.5B,hellaswag,0,hellaswag_304,0,commonsense_reasoning,observed_full
Qwen2.5-0.5B→Qwen2.5-7B,Qwen/Qwen2.5-0.5B,hellaswag,0,hellaswag_305,1,commonsense_reasoning,observed_full
Qwen2.5-0.5B→Qwen2.5-7B,Qwen/Qwen2.5-0.5B,hellaswag,0,hellaswag_306,1,commonsense_reasoning,observed_full
Qwen2.5-0.5B→Qwen2.5-7B,Qwen/Qwen2.5-0.5B,hellaswag,0,hellaswag_307,0,commonsense_reasoning,observed_full
Qwen2.5-0.5B→Qwen2.5-7B,Qwen/Qwen2.5-0.5B,hellaswag,0,hellaswag_308,0,commonsense_reasoning,observed_full
Qwen2.5-0.5B→Qwen2.5-7B,Qwen/Qwen2.5-0.5B,hellaswag,0,hellaswag_309,0,commonsense_reasoning,observed_full
Qwen2.5-0.5B→Qwen2.5-7B,Qwen/Qwen2.5-0.5B,hellaswag,0,hellaswag_310,0,commonsense_reasoning,observed_full
Qwen2.5-0.5B→Qwen2.5-7B,Qwen/Qwen2.5-0.5B,hellaswag,0,hellaswag_311,0,commonsense_reasoning,observed_full
Qwen2.5-0.5B→Qwen2.5-7B,Qwen/Qwen2.5-0.5B,hellaswag,0,hellaswag_312,0,commonsense_reasoning,observed_full
Qwen2.5-0.5B→Qwen2.5-7B,Qwen/Qwen2.5-0.5B,hellaswag,0,hellaswag_313,1,commonsense_reasoning,observed_full
Qwen2.5-0.5B→Qwen2.5-7B,Qwen/Qwen2.5-0.5B,hellaswag,0,hellaswag_314,1,commonsense_reasoning,observed_full
Qwen2.5-0.5B→Qwen2.5-7B,Qwen/Qwen2.5-0.5B,hellaswag,0,hellaswag_315,0,commonsense_reasoning,observed_full
Qwen2.5-0.5B→Qwen2.5-7B,Qwen/Qwen2.5-0.5B,hellaswag,0,hellaswag_316,1,commonsense_reasoning,observed_full
Qwen2.5-0.5B→Qwen2.5-7B,Qwen/Qwen2.5-0.5B,hellaswag,0,hellaswag_317,0,commonsense_reasoning,observed_full
Qwen2.5-0.5B→Qwen2.5-7B,Qwen/Qwen2.5-0.5B,hellaswag,0,hellaswag_318,1,commonsense_reasoning,observed_full
Qwen2.5-0.5B→Qwen2.5-7B,Qwen/Qwen2.5-0.5B,hellaswag,0,hellaswag_319,0,commonsense_reasoning,observed_full
Qwen2.5-0.5B→Qwen2.5-7B,Qwen/Qwen2.5-0.5B,hellaswag,0,hellaswag_320,1,commonsense_reasoning,observed_full
Qwen2.5-0.5B→Qwen2.5-7B,Qwen/Qwen2.5-0.5B,hellaswag,0,hellaswag_321,0,commonsense_reasoning,observed_full
Qwen2.5-0.5B→Qwen2.5-7B,Qwen/Qwen2.5-0.5B,hellaswag,0,hellaswag_322,0,commonsense_reasoning,observed_full
Qwen2.5-0.5B→Qwen2.5-7B,Qwen/Qwen2.5-0.5B,hellaswag,0,hellaswag_323,1,commonsense_reasoning,observed_full
Qwen2.5-0.5B→Qwen2.5-7B,Qwen/Qwen2.5-0.5B,hellaswag,0,hellaswag_324,0,commonsense_reasoning,observed_full
Qwen2.5-0.5B→Qwen2.5-7B,Qwen/Qwen2.5-0.5B,hellaswag,0,hellaswag_325,0,commonsense_reasoning,observed_full
Qwen2.5-0.5B→Qwen2.5-7B,Qwen/Qwen2.5-0.5B,hellaswag,0,hellaswag_326,0,commonsense_reasoning,observed_full
Qwen2.5-0.5B→Qwen2.5-7B,Qwen/Qwen2.5-0.5B,hellaswag,0,hellaswag_327,1,commonsense_reasoning,observed_full
Qwen2.5-0.5B→Qwen2.5-7B,Qwen/Qwen2.5-0.5B,hellaswag,0,hellaswag_328,0,commonsense_reasoning,observed_full
Qwen2.5-0.5B→Qwen2.5-7B,Qwen/Qwen2.5-0.5B,hellaswag,0,hellaswag_329,1,commonsense_reasoning,observed_full
Qwen2.5-0.5B→Qwen2.5-7B,Qwen/Qwen2.5-0.5B,hellaswag,0,hellaswag_330,1,commonsense_reasoning,observed_full
Qwen2.5-0.5B→Qwen2.5-7B,Qwen/Qwen2.5-0.5B,hellaswag,0,hellaswag_331,0,commonsense_reasoning,observed_full
Qwen2.5-0.5B→Qwen2.5-7B,Qwen/Qwen2.5-0.5B,hellaswag,0,hellaswag_332,0,commonsense_reasoning,observed_full
Qwen2.5-0.5B→Qwen2.5-7B,Qwen/Qwen2.5-0.5B,hellaswag,0,hellaswag_333,0,commonsense_reasoning,observed_full
Qwen2.5-0.5B→Qwen2.5-7B,Qwen/Qwen2.5-0.5B,hellaswag,0,hellaswag_334,0,commonsense_reasoning,observed_full
Qwen2.5-0.5B→Qwen2.5-7B,Qwen/Qwen2.5-0.5B,hellaswag,0,hellaswag_335,1,commonsense_reasoning,observed_full
Qwen2.5-0.5B→Qwen2.5-7B,Qwen/Qwen2.5-0.5B,hellaswag,0,hellaswag_336,1,commonsense_reasoning,observed_full
Qwen2.5-0.5B→Qwen2.5-7B,Qwen/Qwen2.5-0.5B,hellaswag,0,hellaswag_337,0,commonsense_reasoning,observed_full
Qwen2.5-0.5B→Qwen2.5-7B,Qwen/Qwen2.5-0.5B,hellaswag,0,hellaswag_338,0,commonsense_reasoning,observed_full
Qwen2.5-0.5B→Qwen2.5-7B,Qwen/Qwen2.5-0.5B,hellaswag,0,hellaswag_339,0,commonsense_reasoning,observed_full
Qwen2.5-0.5B→Qwen2.5-7B,Qwen/Qwen2.5-0.5B,hellaswag,0,hellaswag_340,0,commonsense_reasoning,observed_full
Qwen2.5-0.5B→Qwen2.5-7B,Qwen/Qwen2.5-0.5B,hellaswag,0,hellaswag_341,1,commonsense_reasoning,observed_full
Qwen2.5-0.5B→Qwen2.5-7B,Qwen/Qwen2.5-0.5B,hellaswag,0,hellaswag_342,1,commonsense_reasoning,observed_full
Qwen2.5-0.5B→Qwen2.5-7B,Qwen/Qwen2.5-0.5B,hellaswag,0,hellaswag_343,0,commonsense_reasoning,observed_full
Qwen2.5-0.5B→Qwen2.5-7B,Qwen/Qwen2.5-0.5B,hellaswag,0,hellaswag_344,1,commonsense_reasoning,observed_full
Qwen2.5-0.5B→Qwen2.5-7B,Qwen/Qwen2.5-0.5B,hellaswag,0,hellaswag_345,1,commonsense_reasoning,observed_full
Qwen2.5-0.5B→Qwen2.5-7B,Qwen/Qwen2.5-0.5B,hellaswag,0,hellaswag_346,1,commonsense_reasoning,observed_full
Qwen2.5-0.5B→Qwen2.5-7B,Qwen/Qwen2.5-0.5B,hellaswag,0,hellaswag_347,0,commonsense_reasoning,observed_full
Qwen2.5-0.5B→Qwen2.5-7B,Qwen/Qwen2.5-0.5B,hellaswag,0,hellaswag_348,1,commonsense_reasoning,observed_full
Qwen2.5-0.5B→Qwen2.5-7B,Qwen/Qwen2.5-0.5B,hellaswag,0,hellaswag_349,0,commonsense_reasoning,observed_full
Qwen2.5-0.5B→Qwen2.5-7B,Qwen/Qwen2.5-0.5B,hellaswag,0,hellaswag_350,0,commonsense_reasoning,observed_full
Qwen2.5-0.5B→Qwen2.5-7B,Qwen/Qwen2.5-0.5B,hellaswag,0,hellaswag_351,1,commonsense_reasoning,observed_full
Qwen2.5-0.5B→Qwen2.5-7B,Qwen/Qwen2.5-0.5B,hellaswag,0,hellaswag_352,0,commonsense_reasoning,observed_full
Qwen2.5-0.5B→Qwen2.5-7B,Qwen/Qwen2.5-0.5B,hellaswag,0,hellaswag_353,0,commonsense_reasoning,observed_full
Qwen2.5-0.5B→Qwen2.5-7B,Qwen/Qwen2.5-0.5B,hellaswag,0,hellaswag_354,0,commonsense_reasoning,observed_full
Qwen2.5-0.5B→Qwen2.5-7B,Qwen/Qwen2.5-0.5B,hellaswag,0,hellaswag_355,1,commonsense_reasoning,observed_full
Qwen2.5-0.5B→Qwen2.5-7B,Qwen/Qwen2.5-0.5B,hellaswag,0,hellaswag_356,0,commonsense_reasoning,observed_full
Qwen2.5-0.5B→Qwen2.5-7B,Qwen/Qwen2.5-0.5B,hellaswag,0,hellaswag_357,0,commonsense_reasoning,observed_full
Qwen2.5-0.5B→Qwen2.5-7B,Qwen/Qwen2.5-0.5B,hellaswag,0,hellaswag_358,1,commonsense_reasoning,observed_full
Qwen2.5-0.5B→Qwen2.5-7B,Qwen/Qwen2.5-0.5B,hellaswag,0,hellaswag_359,0,commonsense_reasoning,observed_full
Qwen2.5-0.5B→Qwen2.5-7B,Qwen/Qwen2.5-0.5B,hellaswag,0,hellaswag_360,0,commonsense_reasoning,observed_full
Qwen2.5-0.5B→Qwen2.5-7B,Qwen/Qwen2.5-0.5B,hellaswag,0,hellaswag_361,0,commonsense_reasoning,observed_full
Qwen2.5-0.5B→Qwen2.5-7B,Qwen/Qwen2.5-0.5B,hellaswag,0,hellaswag_362,0,commonsense_reasoning,observed_full
Qwen2.5-0.5B→Qwen2.5-7B,Qwen/Qwen2.5-0.5B,hellaswag,0,hellaswag_363,1,commonsense_reasoning,observed_full
Qwen2.5-0.5B→Qwen2.5-7B,Qwen/Qwen2.5-0.5B,hellaswag,0,hellaswag_364,0,commonsense_reasoning,observed_full
Qwen2.5-0.5B→Qwen2.5-7B,Qwen/Qwen2.5-0.5B,hellaswag,0,hellaswag_365,0,commonsense_reasoning,observed_full
Qwen2.5-0.5B→Qwen2.5-7B,Qwen/Qwen2.5-0.5B,hellaswag,0,hellaswag_366,1,commonsense_reasoning,observed_full
Qwen2.5-0.5B→Qwen2.5-7B,Qwen/Qwen2.5-0.5B,hellaswag,0,hellaswag_367,0,commonsense_reasoning,observed_full
Qwen2.5-0.5B→Qwen2.5-7B,Qwen/Qwen2.5-0.5B,hellaswag,0,hellaswag_368,0,commonsense_reasoning,observed_full
Qwen2.5-0.5B→Qwen2.5-7B,Qwen/Qwen2.5-0.5B,hellaswag,0,hellaswag_369,0,commonsense_reasoning,observed_full
Qwen2.5-0.5B→Qwen2.5-7B,Qwen/Qwen2.5-0.5B,hellaswag,0,hellaswag_370,0,commonsense_reasoning,observed_full
Qwen2.5-0.5B→Qwen2.5-7B,Qwen/Qwen2.5-0.5B,hellaswag,0,hellaswag_371,0,commonsense_reasoning,observed_full
Qwen2.5-0.5B→Qwen2.5-7B,Qwen/Qwen2.5-0.5B,hellaswag,0,hellaswag_372,0,commonsense_reasoning,observed_full
Qwen2.5-0.5B→Qwen2.5-7B,Qwen/Qwen2.5-0.5B,hellaswag,0,hellaswag_373,0,commonsense_reasoning,observed_full
Qwen2.5-0.5B→Qwen2.5-7B,Qwen/Qwen2.5-0.5B,hellaswag,0,hellaswag_374,1,commonsense_reasoning,observed_full
Qwen2.5-0.5B→Qwen2.5-7B,Qwen/Qwen2.5-0.5B,hellaswag,0,hellaswag_375,0,commonsense_reasoning,observed_full
Qwen2.5-0.5B→Qwen2.5-7B,Qwen/Qwen2.5-0.5B,hellaswag,0,hellaswag_376,0,commonsense_reasoning,observed_full
Qwen2.5-0.5B→Qwen2.5-7B,Qwen/Qwen2.5-0.5B,hellaswag,0,hellaswag_377,0,commonsense_reasoning,observed_full
Qwen2.5-0.5B→Qwen2.5-7B,Qwen/Qwen2.5-0.5B,hellaswag,0,hellaswag_378,0,commonsense_reasoning,observed_full
Qwen2.5-0.5B→Qwen2.5-7B,Qwen/Qwen2.5-0.5B,hellaswag,0,hellaswag_379,1,commonsense_reasoning,observed_full
Qwen2.5-0.5B→Qwen2.5-7B,Qwen/Qwen2.5-0.5B,hellaswag,0,hellaswag_380,0,commonsense_reasoning,observed_full
Qwen2.5-0.5B→Qwen2.5-7B,Qwen/Qwen2.5-0.5B,hellaswag,0,hellaswag_381,0,commonsense_reasoning,observed_full
Qwen2.5-0.5B→Qwen2.5-7B,Qwen/Qwen2.5-0.5B,hellaswag,0,hellaswag_382,0,commonsense_reasoning,observed_full
Qwen2.5-0.5B→Qwen2.5-7B,Qwen/Qwen2.5-0.5B,hellaswag,0,hellaswag_383,1,commonsense_reasoning,observed_full
Qwen2.5-0.5B→Qwen2.5-7B,Qwen/Qwen2.5-0.5B,hellaswag,0,hellaswag_384,0,commonsense_reasoning,observed_full
Qwen2.5-0.5B→Qwen2.5-7B,Qwen/Qwen2.5-0.5B,hellaswag,0,hellaswag_385,1,commonsense_reasoning,observed_full
Qwen2.5-0.5B→Qwen2.5-7B,Qwen/Qwen2.5-0.5B,hellaswag,0,hellaswag_386,0,commonsense_reasoning,observed_full
Qwen2.5-0.5B→Qwen2.5-7B,Qwen/Qwen2.5-0.5B,hellaswag,0,hellaswag_387,0,commonsense_reasoning,observed_full
Qwen2.5-0.5B→Qwen2.5-7B,Qwen/Qwen2.5-0.5B,hellaswag,0,hellaswag_388,0,commonsense_reasoning,observed_full
Qwen2.5-0.5B→Qwen2.5-7B,Qwen/Qwen2.5-0.5B,hellaswag,0,hellaswag_389,1,commonsense_reasoning,observed_full
Qwen2.5-0.5B→Qwen2.5-7B,Qwen/Qwen2.5-0.5B,hellaswag,0,hellaswag_390,1,commonsense_reasoning,observed_full
Qwen2.5-0.5B→Qwen2.5-7B,Qwen/Qwen2.5-0.5B,hellaswag,0,hellaswag_391,0,commonsense_reasoning,observed_full
Qwen2.5-0.5B→Qwen2.5-7B,Qwen/Qwen2.5-0.5B,hellaswag,0,hellaswag_392,1,commonsense_reasoning,observed_full
Qwen2.5-0.5B→Qwen2.5-7B,Qwen/Qwen2.5-0.5B,hellaswag,0,hellaswag_393,0,commonsense_reasoning,observed_full
Qwen2.5-0.5B→Qwen2.5-7B,Qwen/Qwen2.5-0.5B,hellaswag,0,hellaswag_394,0,commonsense_reasoning,observed_full
Qwen2.5-0.5B→Qwen2.5-7B,Qwen/Qwen2.5-0.5B,hellaswag,0,hellaswag_395,1,commonsense_reasoning,observed_full
Qwen2.5-0.5B→Qwen2.5-7B,Qwen/Qwen2.5-0.5B,hellaswag,0,hellaswag_396,0,commonsense_reasoning,observed_full
Qwen2.5-0.5B→Qwen2.5-7B,Qwen/Qwen2.5-0.5B,hellaswag,0,hellaswag_397,1,commonsense_reasoning,observed_full
Qwen2.5-0.5B→Qwen2.5-7B,Qwen/Qwen2.5-0.5B,hellaswag,0,hellaswag_398,1,commonsense_reasoning,observed_full
Qwen2.5-0.5B→Qwen2.5-7B,Qwen/Qwen2.5-0.5B,hellaswag,0,hellaswag_399,1,commonsense_reasoning,observed_full
Qwen2.5-0.5B→Qwen2.5-7B,Qwen/Qwen2.5-0.5B,hellaswag,0,hellaswag_400,1,commonsense_reasoning,observed_full
Qwen2.5-0.5B→Qwen2.5-7B,Qwen/Qwen2.5-0.5B,hellaswag,0,hellaswag_401,1,commonsense_reasoning,observed_full
Qwen2.5-0.5B→Qwen2.5-7B,Qwen/Qwen2.5-0.5B,hellaswag,0,hellaswag_402,0,commonsense_reasoning,observed_full
Qwen2.5-0.5B→Qwen2.5-7B,Qwen/Qwen2.5-0.5B,hellaswag,0,hellaswag_403,0,commonsense_reasoning,observed_full
Qwen2.5-0.5B→Qwen2.5-7B,Qwen/Qwen2.5-0.5B,hellaswag,0,hellaswag_404,0,commonsense_reasoning,observed_full
Qwen2.5-0.5B→Qwen2.5-7B,Qwen/Qwen2.5-0.5B,hellaswag,0,hellaswag_405,0,commonsense_reasoning,observed_full
Qwen2.5-0.5B→Qwen2.5-7B,Qwen/Qwen2.5-0.5B,hellaswag,0,hellaswag_406,1,commonsense_reasoning,observed_full
Qwen2.5-0.5B→Qwen2.5-7B,Qwen/Qwen2.5-0.5B,hellaswag,0,hellaswag_407,0,commonsense_reasoning,observed_full
Qwen2.5-0.5B→Qwen2.5-7B,Qwen/Qwen2.5-0.5B,hellaswag,0,hellaswag_408,0,commonsense_reasoning,observed_full
Qwen2.5-0.5B→Qwen2.5-7B,Qwen/Qwen2.5-0.5B,hellaswag,0,hellaswag_409,1,commonsense_reasoning,observed_full
Qwen2.5-0.5B→Qwen2.5-7B,Qwen/Qwen2.5-0.5B,hellaswag,0,hellaswag_410,0,commonsense_reasoning,observed_full
Qwen2.5-0.5B→Qwen2.5-7B,Qwen/Qwen2.5-0.5B,hellaswag,0,hellaswag_411,0,commonsense_reasoning,observed_full
Qwen2.5-0.5B→Qwen2.5-7B,Qwen/Qwen2.5-0.5B,hellaswag,0,hellaswag_412,0,commonsense_reasoning,observed_full
Qwen2.5-0.5B→Qwen2.5-7B,Qwen/Qwen2.5-0.5B,hellaswag,0,hellaswag_413,1,commonsense_reasoning,observed_full
Qwen2.5-0.5B→Qwen2.5-7B,Qwen/Qwen2.5-0.5B,hellaswag,0,hellaswag_414,0,commonsense_reasoning,observed_full
Qwen2.5-0.5B→Qwen2.5-7B,Qwen/Qwen2.5-0.5B,hellaswag,0,hellaswag_415,0,commonsense_reasoning,observed_full
Qwen2.5-0.5B→Qwen2.5-7B,Qwen/Qwen2.5-0.5B,hellaswag,0,hellaswag_416,0,commonsense_reasoning,observed_full
Qwen2.5-0.5B→Qwen2.5-7B,Qwen/Qwen2.5-0.5B,hellaswag,0,hellaswag_417,0,commonsense_reasoning,observed_full
Qwen2.5-0.5B→Qwen2.5-7B,Qwen/Qwen2.5-0.5B,hellaswag,0,hellaswag_418,0,commonsense_reasoning,observed_full
Qwen2.5-0.5B→Qwen2.5-7B,Qwen/Qwen2.5-0.5B,hellaswag,0,hellaswag_419,0,commonsense_reasoning,observed_full
Qwen2.5-0.5B→Qwen2.5-7B,Qwen/Qwen2.5-0.5B,hellaswag,0,hellaswag_420,0,commonsense_reasoning,observed_full
Qwen2.5-0.5B→Qwen2.5-7B,Qwen/Qwen2.5-0.5B,hellaswag,0,hellaswag_421,1,commonsense_reasoning,observed_full
Qwen2.5-0.5B→Qwen2.5-7B,Qwen/Qwen2.5-0.5B,hellaswag,0,hellaswag_422,0,commonsense_reasoning,observed_full
Qwen2.5-0.5B→Qwen2.5-7B,Qwen/Qwen2.5-0.5B,hellaswag,0,hellaswag_423,1,commonsense_reasoning,observed_full
Qwen2.5-0.5B→Qwen2.5-7B,Qwen/Qwen2.5-0.5B,hellaswag,0,hellaswag_424,0,commonsense_reasoning,observed_full
Qwen2.5-0.5B→Qwen2.5-7B,Qwen/Qwen2.5-0.5B,hellaswag,0,hellaswag_425,0,commonsense_reasoning,observed_full
Qwen2.5-0.5B→Qwen2.5-7B,Qwen/Qwen2.5-0.5B,hellaswag,0,hellaswag_426,1,commonsense_reasoning,observed_full
Qwen2.5-0.5B→Qwen2.5-7B,Qwen/Qwen2.5-0.5B,hellaswag,0,hellaswag_427,1,commonsense_reasoning,observed_full
Qwen2.5-0.5B→Qwen2.5-7B,Qwen/Qwen2.5-0.5B,hellaswag,0,hellaswag_428,1,commonsense_reasoning,observed_full
Qwen2.5-0.5B→Qwen2.5-7B,Qwen/Qwen2.5-0.5B,hellaswag,0,hellaswag_429,0,commonsense_reasoning,observed_full
Qwen2.5-0.5B→Qwen2.5-7B,Qwen/Qwen2.5-0.5B,hellaswag,0,hellaswag_430,0,commonsense_reasoning,observed_full
Qwen2.5-0.5B→Qwen2.5-7B,Qwen/Qwen2.5-0.5B,hellaswag,0,hellaswag_431,0,commonsense_reasoning,observed_full
Qwen2.5-0.5B→Qwen2.5-7B,Qwen/Qwen2.5-0.5B,hellaswag,0,hellaswag_432,0,commonsense_reasoning,observed_full
Qwen2.5-0.5B→Qwen2.5-7B,Qwen/Qwen2.5-0.5B,hellaswag,0,hellaswag_433,0,commonsense_reasoning,observed_full
Qwen2.5-0.5B→Qwen2.5-7B,Qwen/Qwen2.5-0.5B,hellaswag,0,hellaswag_434,0,commonsense_reasoning,observed_full
Qwen2.5-0.5B→Qwen2.5-7B,Qwen/Qwen2.5-0.5B,hellaswag,0,hellaswag_435,0,commonsense_reasoning,observed_full
Qwen2.5-0.5B→Qwen2.5-7B,Qwen/Qwen2.5-0.5B,hellaswag,0,hellaswag_436,0,commonsense_reasoning,observed_full
Qwen2.5-0.5B→Qwen2.5-7B,Qwen/Qwen2.5-0.5B,hellaswag,0,hellaswag_437,1,commonsense_reasoning,observed_full
Qwen2.5-0.5B→Qwen2.5-7B,Qwen/Qwen2.5-0.5B,hellaswag,0,hellaswag_438,1,commonsense_reasoning,observed_full
Qwen2.5-0.5B→Qwen2.5-7B,Qwen/Qwen2.5-0.5B,hellaswag,0,hellaswag_439,1,commonsense_reasoning,observed_full
Qwen2.5-0.5B→Qwen2.5-7B,Qwen/Qwen2.5-0.5B,hellaswag,0,hellaswag_440,1,commonsense_reasoning,observed_full
Qwen2.5-0.5B→Qwen2.5-7B,Qwen/Qwen2.5-0.5B,hellaswag,0,hellaswag_441,1,commonsense_reasoning,observed_full
Qwen2.5-0.5B→Qwen2.5-7B,Qwen/Qwen2.5-0.5B,hellaswag,0,hellaswag_442,1,commonsense_reasoning,observed_full
Qwen2.5-0.5B→Qwen2.5-7B,Qwen/Qwen2.5-0.5B,hellaswag,0,hellaswag_443,1,commonsense_reasoning,observed_full
Qwen2.5-0.5B→Qwen2.5-7B,Qwen/Qwen2.5-0.5B,hellaswag,0,hellaswag_444,1,commonsense_reasoning,observed_full
Qwen2.5-0.5B→Qwen2.5-7B,Qwen/Qwen2.5-0.5B,hellaswag,0,hellaswag_445,0,commonsense_reasoning,observed_full
Qwen2.5-0.5B→Qwen2.5-7B,Qwen/Qwen2.5-0.5B,hellaswag,0,hellaswag_446,0,commonsense_reasoning,observed_full
Qwen2.5-0.5B→Qwen2.5-7B,Qwen/Qwen2.5-0.5B,hellaswag,0,hellaswag_447,1,commonsense_reasoning,observed_full
Qwen2.5-0.5B→Qwen2.5-7B,Qwen/Qwen2.5-0.5B,hellaswag,0,hellaswag_448,0,commonsense_reasoning,observed_full
Qwen2.5-0.5B→Qwen2.5-7B,Qwen/Qwen2.5-0.5B,hellaswag,0,hellaswag_449,0,commonsense_reasoning,observed_full
Qwen2.5-0.5B→Qwen2.5-7B,Qwen/Qwen2.5-0.5B,hellaswag,0,hellaswag_450,1,commonsense_reasoning,observed_full
Qwen2.5-0.5B→Qwen2.5-7B,Qwen/Qwen2.5-0.5B,hellaswag,0,hellaswag_451,0,commonsense_reasoning,observed_full
Qwen2.5-0.5B→Qwen2.5-7B,Qwen/Qwen2.5-0.5B,hellaswag,0,hellaswag_452,0,commonsense_reasoning,observed_full
Qwen2.5-0.5B→Qwen2.5-7B,Qwen/Qwen2.5-0.5B,hellaswag,0,hellaswag_453,1,commonsense_reasoning,observed_full
Qwen2.5-0.5B→Qwen2.5-7B,Qwen/Qwen2.5-0.5B,hellaswag,0,hellaswag_454,1,commonsense_reasoning,observed_full
Qwen2.5-0.5B→Qwen2.5-7B,Qwen/Qwen2.5-0.5B,hellaswag,0,hellaswag_455,1,commonsense_reasoning,observed_full
Qwen2.5-0.5B→Qwen2.5-7B,Qwen/Qwen2.5-0.5B,hellaswag,0,hellaswag_456,0,commonsense_reasoning,observed_full
Qwen2.5-0.5B→Qwen2.5-7B,Qwen/Qwen2.5-0.5B,hellaswag,0,hellaswag_457,1,commonsense_reasoning,observed_full
Qwen2.5-0.5B→Qwen2.5-7B,Qwen/Qwen2.5-0.5B,hellaswag,0,hellaswag_458,0,commonsense_reasoning,observed_full
Qwen2.5-0.5B→Qwen2.5-7B,Qwen/Qwen2.5-0.5B,hellaswag,0,hellaswag_459,1,commonsense_reasoning,observed_full
Qwen2.5-0.5B→Qwen2.5-7B,Qwen/Qwen2.5-0.5B,hellaswag,0,hellaswag_460,1,commonsense_reasoning,observed_full
Qwen2.5-0.5B→Qwen2.5-7B,Qwen/Qwen2.5-0.5B,hellaswag,0,hellaswag_461,1,commonsense_reasoning,observed_full
Qwen2.5-0.5B→Qwen2.5-7B,Qwen/Qwen2.5-0.5B,hellaswag,0,hellaswag_462,1,commonsense_reasoning,observed_full
Qwen2.5-0.5B→Qwen2.5-7B,Qwen/Qwen2.5-0.5B,hellaswag,0,hellaswag_463,0,commonsense_reasoning,observed_full
Qwen2.5-0.5B→Qwen2.5-7B,Qwen/Qwen2.5-0.5B,hellaswag,0,hellaswag_464,0,commonsense_reasoning,observed_full
Qwen2.5-0.5B→Qwen2.5-7B,Qwen/Qwen2.5-0.5B,hellaswag,0,hellaswag_465,0,commonsense_reasoning,observed_full
Qwen2.5-0.5B→Qwen2.5-7B,Qwen/Qwen2.5-0.5B,hellaswag,0,hellaswag_466,0,commonsense_reasoning,observed_full
Qwen2.5-0.5B→Qwen2.5-7B,Qwen/Qwen2.5-0.5B,hellaswag,0,hellaswag_467,1,commonsense_reasoning,observed_full
Qwen2.5-0.5B→Qwen2.5-7B,Qwen/Qwen2.5-0.5B,hellaswag,0,hellaswag_468,0,commonsense_reasoning,observed_full
Qwen2.5-0.5B→Qwen2.5-7B,Qwen/Qwen2.5-0.5B,hellaswag,0,hellaswag_469,0,commonsense_reasoning,observed_full
Qwen2.5-0.5B→Qwen2.5-7B,Qwen/Qwen2.5-0.5B,hellaswag,0,hellaswag_470,0,commonsense_reasoning,observed_full
Qwen2.5-0.5B→Qwen2.5-7B,Qwen/Qwen2.5-0.5B,hellaswag,0,hellaswag_471,0,commonsense_reasoning,observed_full
Qwen2.5-0.5B→Qwen2.5-7B,Qwen/Qwen2.5-0.5B,hellaswag,0,hellaswag_472,1,commonsense_reasoning,observed_full
Qwen2.5-0.5B→Qwen2.5-7B,Qwen/Qwen2.5-0.5B,hellaswag,0,hellaswag_473,1,commonsense_reasoning,observed_full
Qwen2.5-0.5B→Qwen2.5-7B,Qwen/Qwen2.5-0.5B,hellaswag,0,hellaswag_474,0,commonsense_reasoning,observed_full
Qwen2.5-0.5B→Qwen2.5-7B,Qwen/Qwen2.5-0.5B,hellaswag,0,hellaswag_475,0,commonsense_reasoning,observed_full
Qwen2.5-0.5B→Qwen2.5-7B,Qwen/Qwen2.5-0.5B,hellaswag,0,hellaswag_476,0,commonsense_reasoning,observed_full
Qwen2.5-0.5B→Qwen2.5-7B,Qwen/Qwen2.5-0.5B,hellaswag,0,hellaswag_477,1,commonsense_reasoning,observed_full
Qwen2.5-0.5B→Qwen2.5-7B,Qwen/Qwen2.5-0.5B,hellaswag,0,hellaswag_478,0,commonsense_reasoning,observed_full
Qwen2.5-0.5B→Qwen2.5-7B,Qwen/Qwen2.5-0.5B,hellaswag,0,hellaswag_479,1,commonsense_reasoning,observed_full
Qwen2.5-0.5B→Qwen2.5-7B,Qwen/Qwen2.5-0.5B,hellaswag,0,hellaswag_480,1,commonsense_reasoning,observed_full
Qwen2.5-0.5B→Qwen2.5-7B,Qwen/Qwen2.5-0.5B,hellaswag,0,hellaswag_481,0,commonsense_reasoning,observed_full
Qwen2.5-0.5B→Qwen2.5-7B,Qwen/Qwen2.5-0.5B,hellaswag,0,hellaswag_482,0,commonsense_reasoning,observed_full
Qwen2.5-0.5B→Qwen2.5-7B,Qwen/Qwen2.5-0.5B,hellaswag,0,hellaswag_483,1,commonsense_reasoning,observed_full
Qwen2.5-0.5B→Qwen2.5-7B,Qwen/Qwen2.5-0.5B,hellaswag,0,hellaswag_484,0,commonsense_reasoning,observed_full
Qwen2.5-0.5B→Qwen2.5-7B,Qwen/Qwen2.5-0.5B,hellaswag,0,hellaswag_485,1,commonsense_reasoning,observed_full
Qwen2.5-0.5B→Qwen2.5-7B,Qwen/Qwen2.5-0.5B,hellaswag,0,hellaswag_486,0,commonsense_reasoning,observed_full
Qwen2.5-0.5B→Qwen2.5-7B,Qwen/Qwen2.5-0.5B,hellaswag,0,hellaswag_487,0,commonsense_reasoning,observed_full
Qwen2.5-0.5B→Qwen2.5-7B,Qwen/Qwen2.5-0.5B,hellaswag,0,hellaswag_488,1,commonsense_reasoning,observed_full
Qwen2.5-0.5B→Qwen2.5-7B,Qwen/Qwen2.5-0.5B,hellaswag,0,hellaswag_489,0,commonsense_reasoning,observed_full
Qwen2.5-0.5B→Qwen2.5-7B,Qwen/Qwen2.5-0.5B,hellaswag,0,hellaswag_490,0,commonsense_reasoning,observed_full
Qwen2.5-0.5B→Qwen2.5-7B,Qwen/Qwen2.5-0.5B,hellaswag,0,hellaswag_491,1,commonsense_reasoning,observed_full
Qwen2.5-0.5B→Qwen2.5-7B,Qwen/Qwen2.5-0.5B,hellaswag,0,hellaswag_492,1,commonsense_reasoning,observed_full
Qwen2.5-0.5B→Qwen2.5-7B,Qwen/Qwen2.5-0.5B,hellaswag,0,hellaswag_493,0,commonsense_reasoning,observed_full
Qwen2.5-0.5B→Qwen2.5-7B,Qwen/Qwen2.5-0.5B,hellaswag,0,hellaswag_494,0,commonsense_reasoning,observed_full
Qwen2.5-0.5B→Qwen2.5-7B,Qwen/Qwen2.5-0.5B,hellaswag,0,hellaswag_495,0,commonsense_reasoning,observed_full
Qwen2.5-0.5B→Qwen2.5-7B,Qwen/Qwen2.5-0.5B,hellaswag,0,hellaswag_496,0,commonsense_reasoning,observed_full
Qwen2.5-0.5B→Qwen2.5-7B,Qwen/Qwen2.5-0.5B,hellaswag,0,hellaswag_497,0,commonsense_reasoning,observed_full
Qwen2.5-0.5B→Qwen2.5-7B,Qwen/Qwen2.5-0.5B,hellaswag,0,hellaswag_498,1,commonsense_reasoning,observed_full
Qwen2.5-0.5B→Qwen2.5-7B,Qwen/Qwen2.5-0.5B,hellaswag,0,hellaswag_499,1,commonsense_reasoning,observed_full
Llama-3.2-1B→Llama-3.1-8B,meta-llama/Llama-3.2-1B,gsm8k,0,gsm8k_0,0,math_reasoning,projected
Llama-3.2-1B→Llama-3.1-8B,meta-llama/Llama-3.2-1B,gsm8k,0,gsm8k_1,0,math_reasoning,projected
Llama-3.2-1B→Llama-3.1-8B,meta-llama/Llama-3.2-1B,gsm8k,0,gsm8k_2,0,math_reasoning,projected
Llama-3.2-1B→Llama-3.1-8B,meta-llama/Llama-3.2-1B,gsm8k,0,gsm8k_3,1,math_reasoning,projected
Llama-3.2-1B→Llama-3.1-8B,meta-llama/Llama-3.2-1B,gsm8k,0,gsm8k_4,0,math_reasoning,projected
Llama-3.2-1B→Llama-3.1-8B,meta-llama/Llama-3.2-1B,gsm8k,0,gsm8k_5,0,math_reasoning,projected
Llama-3.2-1B→Llama-3.1-8B,meta-llama/Llama-3.2-1B,gsm8k,0,gsm8k_6,0,math_reasoning,projected
Llama-3.2-1B→Llama-3.1-8B,meta-llama/Llama-3.2-1B,gsm8k,0,gsm8k_7,0,math_reasoning,projected
Llama-3.2-1B→Llama-3.1-8B,meta-llama/Llama-3.2-1B,gsm8k,0,gsm8k_8,0,math_reasoning,projected
Llama-3.2-1B→Llama-3.1-8B,meta-llama/Llama-3.2-1B,gsm8k,0,gsm8k_9,0,math_reasoning,projected
Llama-3.2-1B→Llama-3.1-8B,meta-llama/Llama-3.2-1B,gsm8k,0,gsm8k_10,0,math_reasoning,projected
Llama-3.2-1B→Llama-3.1-8B,meta-llama/Llama-3.2-1B,gsm8k,0,gsm8k_11,0,math_reasoning,projected
Llama-3.2-1B→Llama-3.1-8B,meta-llama/Llama-3.2-1B,gsm8k,0,gsm8k_12,0,math_reasoning,projected
Llama-3.2-1B→Llama-3.1-8B,meta-llama/Llama-3.2-1B,gsm8k,0,gsm8k_13,0,math_reasoning,projected
Llama-3.2-1B→Llama-3.1-8B,meta-llama/Llama-3.2-1B,gsm8k,0,gsm8k_14,0,math_reasoning,projected
Llama-3.2-1B→Llama-3.1-8B,meta-llama/Llama-3.2-1B,gsm8k,0,gsm8k_15,0,math_reasoning,projected
Llama-3.2-1B→Llama-3.1-8B,meta-llama/Llama-3.2-1B,gsm8k,0,gsm8k_16,0,math_reasoning,projected
Llama-3.2-1B→Llama-3.1-8B,meta-llama/Llama-3.2-1B,gsm8k,0,gsm8k_17,0,math_reasoning,projected
Llama-3.2-1B→Llama-3.1-8B,meta-llama/Llama-3.2-1B,gsm8k,0,gsm8k_18,0,math_reasoning,projected
Llama-3.2-1B→Llama-3.1-8B,meta-llama/Llama-3.2-1B,gsm8k,0,gsm8k_19,0,math_reasoning,projected
Llama-3.2-1B→Llama-3.1-8B,meta-llama/Llama-3.2-1B,mmlu,0,mmlu_0,0,knowledge_reasoning,observed_full
Llama-3.2-1B→Llama-3.1-8B,meta-llama/Llama-3.2-1B,mmlu,0,mmlu_1,0,knowledge_reasoning,observed_full
Llama-3.2-1B→Llama-3.1-8B,meta-llama/Llama-3.2-1B,mmlu,0,mmlu_2,1,knowledge_reasoning,observed_full
Llama-3.2-1B→Llama-3.1-8B,meta-llama/Llama-3.2-1B,mmlu,0,mmlu_3,0,knowledge_reasoning,observed_full
Llama-3.2-1B→Llama-3.1-8B,meta-llama/Llama-3.2-1B,mmlu,0,mmlu_4,0,knowledge_reasoning,observed_full
Llama-3.2-1B→Llama-3.1-8B,meta-llama/Llama-3.2-1B,mmlu,0,mmlu_5,0,knowledge_reasoning,observed_full
Llama-3.2-1B→Llama-3.1-8B,meta-llama/Llama-3.2-1B,mmlu,0,mmlu_6,1,knowledge_reasoning,observed_full
Llama-3.2-1B→Llama-3.1-8B,meta-llama/Llama-3.2-1B,mmlu,0,mmlu_7,0,knowledge_reasoning,observed_full
Llama-3.2-1B→Llama-3.1-8B,meta-llama/Llama-3.2-1B,mmlu,0,mmlu_8,0,knowledge_reasoning,observed_full
Llama-3.2-1B→Llama-3.1-8B,meta-llama/Llama-3.2-1B,mmlu,0,mmlu_9,0,knowledge_reasoning,observed_full
Llama-3.2-1B→Llama-3.1-8B,meta-llama/Llama-3.2-1B,mmlu,0,mmlu_10,0,knowledge_reasoning,observed_full
Llama-3.2-1B→Llama-3.1-8B,meta-llama/Llama-3.2-1B,mmlu,0,mmlu_11,0,knowledge_reasoning,observed_full
Llama-3.2-1B→Llama-3.1-8B,meta-llama/Llama-3.2-1B,mmlu,0,mmlu_12,1,knowledge_reasoning,observed_full
Llama-3.2-1B→Llama-3.1-8B,meta-llama/Llama-3.2-1B,mmlu,0,mmlu_13,0,knowledge_reasoning,observed_full
Llama-3.2-1B→Llama-3.1-8B,meta-llama/Llama-3.2-1B,mmlu,0,mmlu_14,0,knowledge_reasoning,observed_full
Llama-3.2-1B→Llama-3.1-8B,meta-llama/Llama-3.2-1B,mmlu,0,mmlu_15,0,knowledge_reasoning,observed_full
Llama-3.2-1B→Llama-3.1-8B,meta-llama/Llama-3.2-1B,mmlu,0,mmlu_16,0,knowledge_reasoning,observed_full
Llama-3.2-1B→Llama-3.1-8B,meta-llama/Llama-3.2-1B,mmlu,0,mmlu_17,0,knowledge_reasoning,observed_full
Llama-3.2-1B→Llama-3.1-8B,meta-llama/Llama-3.2-1B,mmlu,0,mmlu_18,0,knowledge_reasoning,observed_full
Llama-3.2-1B→Llama-3.1-8B,meta-llama/Llama-3.2-1B,mmlu,0,mmlu_19,1,knowledge_reasoning,observed_full
Llama-3.2-1B→Llama-3.1-8B,meta-llama/Llama-3.2-1B,mmlu,0,mmlu_20,0,knowledge_reasoning,observed_full
Llama-3.2-1B→Llama-3.1-8B,meta-llama/Llama-3.2-1B,mmlu,0,mmlu_21,0,knowledge_reasoning,observed_full
Llama-3.2-1B→Llama-3.1-8B,meta-llama/Llama-3.2-1B,mmlu,0,mmlu_22,0,knowledge_reasoning,observed_full
Llama-3.2-1B→Llama-3.1-8B,meta-llama/Llama-3.2-1B,mmlu,0,mmlu_23,0,knowledge_reasoning,observed_full
Llama-3.2-1B→Llama-3.1-8B,meta-llama/Llama-3.2-1B,mmlu,0,mmlu_24,0,knowledge_reasoning,observed_full
Llama-3.2-1B→Llama-3.1-8B,meta-llama/Llama-3.2-1B,mmlu,0,mmlu_25,1,knowledge_reasoning,observed_full
Llama-3.2-1B→Llama-3.1-8B,meta-llama/Llama-3.2-1B,mmlu,0,mmlu_26,1,knowledge_reasoning,observed_full
Llama-3.2-1B→Llama-3.1-8B,meta-llama/Llama-3.2-1B,mmlu,0,mmlu_27,0,knowledge_reasoning,observed_full
Llama-3.2-1B→Llama-3.1-8B,meta-llama/Llama-3.2-1B,mmlu,0,mmlu_28,0,knowledge_reasoning,observed_full
Llama-3.2-1B→Llama-3.1-8B,meta-llama/Llama-3.2-1B,mmlu,0,mmlu_29,0,knowledge_reasoning,observed_full
Llama-3.2-1B→Llama-3.1-8B,meta-llama/Llama-3.2-1B,mmlu,0,mmlu_30,0,knowledge_reasoning,observed_full
Llama-3.2-1B→Llama-3.1-8B,meta-llama/Llama-3.2-1B,mmlu,0,mmlu_31,0,knowledge_reasoning,observed_full
Llama-3.2-1B→Llama-3.1-8B,meta-llama/Llama-3.2-1B,mmlu,0,mmlu_32,1,knowledge_reasoning,observed_full
Llama-3.2-1B→Llama-3.1-8B,meta-llama/Llama-3.2-1B,mmlu,0,mmlu_33,1,knowledge_reasoning,observed_full
Llama-3.2-1B→Llama-3.1-8B,meta-llama/Llama-3.2-1B,mmlu,0,mmlu_34,0,knowledge_reasoning,observed_full
Llama-3.2-1B→Llama-3.1-8B,meta-llama/Llama-3.2-1B,mmlu,0,mmlu_35,0,knowledge_reasoning,observed_full
Llama-3.2-1B→Llama-3.1-8B,meta-llama/Llama-3.2-1B,mmlu,0,mmlu_36,0,knowledge_reasoning,observed_full
Llama-3.2-1B→Llama-3.1-8B,meta-llama/Llama-3.2-1B,mmlu,0,mmlu_37,0,knowledge_reasoning,observed_full
Llama-3.2-1B→Llama-3.1-8B,meta-llama/Llama-3.2-1B,mmlu,0,mmlu_38,1,knowledge_reasoning,observed_full
Llama-3.2-1B→Llama-3.1-8B,meta-llama/Llama-3.2-1B,mmlu,0,mmlu_39,0,knowledge_reasoning,observed_full
Llama-3.2-1B→Llama-3.1-8B,meta-llama/Llama-3.2-1B,mmlu,0,mmlu_40,1,knowledge_reasoning,observed_full
Llama-3.2-1B→Llama-3.1-8B,meta-llama/Llama-3.2-1B,mmlu,0,mmlu_41,0,knowledge_reasoning,observed_full
Llama-3.2-1B→Llama-3.1-8B,meta-llama/Llama-3.2-1B,mmlu,0,mmlu_42,0,knowledge_reasoning,observed_full
Llama-3.2-1B→Llama-3.1-8B,meta-llama/Llama-3.2-1B,mmlu,0,mmlu_43,1,knowledge_reasoning,observed_full
Llama-3.2-1B→Llama-3.1-8B,meta-llama/Llama-3.2-1B,mmlu,0,mmlu_44,0,knowledge_reasoning,observed_full
Llama-3.2-1B→Llama-3.1-8B,meta-llama/Llama-3.2-1B,mmlu,0,mmlu_45,1,knowledge_reasoning,observed_full
Llama-3.2-1B→Llama-3.1-8B,meta-llama/Llama-3.2-1B,mmlu,0,mmlu_46,1,knowledge_reasoning,observed_full
Llama-3.2-1B→Llama-3.1-8B,meta-llama/Llama-3.2-1B,mmlu,0,mmlu_47,0,knowledge_reasoning,observed_full
Llama-3.2-1B→Llama-3.1-8B,meta-llama/Llama-3.2-1B,mmlu,0,mmlu_48,0,knowledge_reasoning,observed_full
Llama-3.2-1B→Llama-3.1-8B,meta-llama/Llama-3.2-1B,mmlu,0,mmlu_49,1,knowledge_reasoning,observed_full
Llama-3.2-1B→Llama-3.1-8B,meta-llama/Llama-3.2-1B,mmlu,0,mmlu_50,0,knowledge_reasoning,observed_full
Llama-3.2-1B→Llama-3.1-8B,meta-llama/Llama-3.2-1B,mmlu,0,mmlu_51,0,knowledge_reasoning,observed_full
Llama-3.2-1B→Llama-3.1-8B,meta-llama/Llama-3.2-1B,mmlu,0,mmlu_52,1,knowledge_reasoning,observed_full
Llama-3.2-1B→Llama-3.1-8B,meta-llama/Llama-3.2-1B,mmlu,0,mmlu_53,0,knowledge_reasoning,observed_full
Llama-3.2-1B→Llama-3.1-8B,meta-llama/Llama-3.2-1B,mmlu,0,mmlu_54,0,knowledge_reasoning,observed_full
Llama-3.2-1B→Llama-3.1-8B,meta-llama/Llama-3.2-1B,mmlu,0,mmlu_55,1,knowledge_reasoning,observed_full
Llama-3.2-1B→Llama-3.1-8B,meta-llama/Llama-3.2-1B,mmlu,0,mmlu_56,0,knowledge_reasoning,observed_full
Llama-3.2-1B→Llama-3.1-8B,meta-llama/Llama-3.2-1B,mmlu,0,mmlu_57,0,knowledge_reasoning,observed_full
Llama-3.2-1B→Llama-3.1-8B,meta-llama/Llama-3.2-1B,mmlu,0,mmlu_58,0,knowledge_reasoning,observed_full
Llama-3.2-1B→Llama-3.1-8B,meta-llama/Llama-3.2-1B,mmlu,0,mmlu_59,0,knowledge_reasoning,observed_full
Llama-3.2-1B→Llama-3.1-8B,meta-llama/Llama-3.2-1B,mmlu,0,mmlu_60,0,knowledge_reasoning,observed_full
Llama-3.2-1B→Llama-3.1-8B,meta-llama/Llama-3.2-1B,mmlu,0,mmlu_61,0,knowledge_reasoning,observed_full
Llama-3.2-1B→Llama-3.1-8B,meta-llama/Llama-3.2-1B,mmlu,0,mmlu_62,0,knowledge_reasoning,observed_full
Llama-3.2-1B→Llama-3.1-8B,meta-llama/Llama-3.2-1B,mmlu,0,mmlu_63,1,knowledge_reasoning,observed_full
Llama-3.2-1B→Llama-3.1-8B,meta-llama/Llama-3.2-1B,mmlu,0,mmlu_64,1,knowledge_reasoning,observed_full
Llama-3.2-1B→Llama-3.1-8B,meta-llama/Llama-3.2-1B,mmlu,0,mmlu_65,1,knowledge_reasoning,observed_full
Llama-3.2-1B→Llama-3.1-8B,meta-llama/Llama-3.2-1B,mmlu,0,mmlu_66,1,knowledge_reasoning,observed_full
Llama-3.2-1B→Llama-3.1-8B,meta-llama/Llama-3.2-1B,mmlu,0,mmlu_67,0,knowledge_reasoning,observed_full
Llama-3.2-1B→Llama-3.1-8B,meta-llama/Llama-3.2-1B,mmlu,0,mmlu_68,1,knowledge_reasoning,observed_full
Llama-3.2-1B→Llama-3.1-8B,meta-llama/Llama-3.2-1B,mmlu,0,mmlu_69,0,knowledge_reasoning,observed_full
Llama-3.2-1B→Llama-3.1-8B,meta-llama/Llama-3.2-1B,mmlu,0,mmlu_70,0,knowledge_reasoning,observed_full
Llama-3.2-1B→Llama-3.1-8B,meta-llama/Llama-3.2-1B,mmlu,0,mmlu_71,1,knowledge_reasoning,observed_full
Llama-3.2-1B→Llama-3.1-8B,meta-llama/Llama-3.2-1B,mmlu,0,mmlu_72,1,knowledge_reasoning,observed_full
Llama-3.2-1B→Llama-3.1-8B,meta-llama/Llama-3.2-1B,mmlu,0,mmlu_73,0,knowledge_reasoning,observed_full
Llama-3.2-1B→Llama-3.1-8B,meta-llama/Llama-3.2-1B,mmlu,0,mmlu_74,0,knowledge_reasoning,observed_full
Llama-3.2-1B→Llama-3.1-8B,meta-llama/Llama-3.2-1B,mmlu,0,mmlu_75,0,knowledge_reasoning,observed_full
Llama-3.2-1B→Llama-3.1-8B,meta-llama/Llama-3.2-1B,mmlu,0,mmlu_76,1,knowledge_reasoning,observed_full
Llama-3.2-1B→Llama-3.1-8B,meta-llama/Llama-3.2-1B,mmlu,0,mmlu_77,1,knowledge_reasoning,observed_full
Llama-3.2-1B→Llama-3.1-8B,meta-llama/Llama-3.2-1B,mmlu,0,mmlu_78,0,knowledge_reasoning,observed_full
Llama-3.2-1B→Llama-3.1-8B,meta-llama/Llama-3.2-1B,mmlu,0,mmlu_79,0,knowledge_reasoning,observed_full
Llama-3.2-1B→Llama-3.1-8B,meta-llama/Llama-3.2-1B,mmlu,0,mmlu_80,1,knowledge_reasoning,observed_full
Llama-3.2-1B→Llama-3.1-8B,meta-llama/Llama-3.2-1B,mmlu,0,mmlu_81,0,knowledge_reasoning,observed_full
Llama-3.2-1B→Llama-3.1-8B,meta-llama/Llama-3.2-1B,mmlu,0,mmlu_82,1,knowledge_reasoning,observed_full
Llama-3.2-1B→Llama-3.1-8B,meta-llama/Llama-3.2-1B,mmlu,0,mmlu_83,0,knowledge_reasoning,observed_full
Llama-3.2-1B→Llama-3.1-8B,meta-llama/Llama-3.2-1B,mmlu,0,mmlu_84,0,knowledge_reasoning,observed_full
Llama-3.2-1B→Llama-3.1-8B,meta-llama/Llama-3.2-1B,mmlu,0,mmlu_85,1,knowledge_reasoning,observed_full
Llama-3.2-1B→Llama-3.1-8B,meta-llama/Llama-3.2-1B,mmlu,0,mmlu_86,0,knowledge_reasoning,observed_full
Llama-3.2-1B→Llama-3.1-8B,meta-llama/Llama-3.2-1B,mmlu,0,mmlu_87,1,knowledge_reasoning,observed_full
Llama-3.2-1B→Llama-3.1-8B,meta-llama/Llama-3.2-1B,mmlu,0,mmlu_88,0,knowledge_reasoning,observed_full
Llama-3.2-1B→Llama-3.1-8B,meta-llama/Llama-3.2-1B,mmlu,0,mmlu_89,1,knowledge_reasoning,observed_full
Llama-3.2-1B→Llama-3.1-8B,meta-llama/Llama-3.2-1B,mmlu,0,mmlu_90,0,knowledge_reasoning,observed_full
Llama-3.2-1B→Llama-3.1-8B,meta-llama/Llama-3.2-1B,mmlu,0,mmlu_91,1,knowledge_reasoning,observed_full
Llama-3.2-1B→Llama-3.1-8B,meta-llama/Llama-3.2-1B,mmlu,0,mmlu_92,1,knowledge_reasoning,observed_full
Llama-3.2-1B→Llama-3.1-8B,meta-llama/Llama-3.2-1B,mmlu,0,mmlu_93,0,knowledge_reasoning,observed_full
Llama-3.2-1B→Llama-3.1-8B,meta-llama/Llama-3.2-1B,mmlu,0,mmlu_94,0,knowledge_reasoning,observed_full
Llama-3.2-1B→Llama-3.1-8B,meta-llama/Llama-3.2-1B,mmlu,0,mmlu_95,0,knowledge_reasoning,observed_full
Llama-3.2-1B→Llama-3.1-8B,meta-llama/Llama-3.2-1B,mmlu,0,mmlu_96,1,knowledge_reasoning,observed_full
Llama-3.2-1B→Llama-3.1-8B,meta-llama/Llama-3.2-1B,mmlu,0,mmlu_97,0,knowledge_reasoning,observed_full
Llama-3.2-1B→Llama-3.1-8B,meta-llama/Llama-3.2-1B,mmlu,0,mmlu_98,0,knowledge_reasoning,observed_full
Llama-3.2-1B→Llama-3.1-8B,meta-llama/Llama-3.2-1B,mmlu,0,mmlu_99,0,knowledge_reasoning,observed_full
Llama-3.2-1B→Llama-3.1-8B,meta-llama/Llama-3.2-1B,mmlu,0,mmlu_100,0,knowledge_reasoning,observed_full
Llama-3.2-1B→Llama-3.1-8B,meta-llama/Llama-3.2-1B,mmlu,0,mmlu_101,0,knowledge_reasoning,observed_full
Llama-3.2-1B→Llama-3.1-8B,meta-llama/Llama-3.2-1B,mmlu,0,mmlu_102,0,knowledge_reasoning,observed_full
Llama-3.2-1B→Llama-3.1-8B,meta-llama/Llama-3.2-1B,mmlu,0,mmlu_103,0,knowledge_reasoning,observed_full
Llama-3.2-1B→Llama-3.1-8B,meta-llama/Llama-3.2-1B,mmlu,0,mmlu_104,1,knowledge_reasoning,observed_full
Llama-3.2-1B→Llama-3.1-8B,meta-llama/Llama-3.2-1B,mmlu,0,mmlu_105,0,knowledge_reasoning,observed_full
Llama-3.2-1B→Llama-3.1-8B,meta-llama/Llama-3.2-1B,mmlu,0,mmlu_106,0,knowledge_reasoning,observed_full
Llama-3.2-1B→Llama-3.1-8B,meta-llama/Llama-3.2-1B,mmlu,0,mmlu_107,0,knowledge_reasoning,observed_full
Llama-3.2-1B→Llama-3.1-8B,meta-llama/Llama-3.2-1B,mmlu,0,mmlu_108,0,knowledge_reasoning,observed_full
Llama-3.2-1B→Llama-3.1-8B,meta-llama/Llama-3.2-1B,mmlu,0,mmlu_109,0,knowledge_reasoning,observed_full
Llama-3.2-1B→Llama-3.1-8B,meta-llama/Llama-3.2-1B,mmlu,0,mmlu_110,0,knowledge_reasoning,observed_full
Llama-3.2-1B→Llama-3.1-8B,meta-llama/Llama-3.2-1B,mmlu,0,mmlu_111,0,knowledge_reasoning,observed_full
Llama-3.2-1B→Llama-3.1-8B,meta-llama/Llama-3.2-1B,mmlu,0,mmlu_112,1,knowledge_reasoning,observed_full
Llama-3.2-1B→Llama-3.1-8B,meta-llama/Llama-3.2-1B,mmlu,0,mmlu_113,1,knowledge_reasoning,observed_full
Llama-3.2-1B→Llama-3.1-8B,meta-llama/Llama-3.2-1B,mmlu,0,mmlu_114,0,knowledge_reasoning,observed_full
Llama-3.2-1B→Llama-3.1-8B,meta-llama/Llama-3.2-1B,mmlu,0,mmlu_115,0,knowledge_reasoning,observed_full
Llama-3.2-1B→Llama-3.1-8B,meta-llama/Llama-3.2-1B,mmlu,0,mmlu_116,0,knowledge_reasoning,observed_full
Llama-3.2-1B→Llama-3.1-8B,meta-llama/Llama-3.2-1B,mmlu,0,mmlu_117,0,knowledge_reasoning,observed_full
Llama-3.2-1B→Llama-3.1-8B,meta-llama/Llama-3.2-1B,mmlu,0,mmlu_118,0,knowledge_reasoning,observed_full
Llama-3.2-1B→Llama-3.1-8B,meta-llama/Llama-3.2-1B,mmlu,0,mmlu_119,1,knowledge_reasoning,observed_full
Llama-3.2-1B→Llama-3.1-8B,meta-llama/Llama-3.2-1B,mmlu,0,mmlu_120,1,knowledge_reasoning,observed_full
Llama-3.2-1B→Llama-3.1-8B,meta-llama/Llama-3.2-1B,mmlu,0,mmlu_121,1,knowledge_reasoning,observed_full
Llama-3.2-1B→Llama-3.1-8B,meta-llama/Llama-3.2-1B,mmlu,0,mmlu_122,1,knowledge_reasoning,observed_full
Llama-3.2-1B→Llama-3.1-8B,meta-llama/Llama-3.2-1B,mmlu,0,mmlu_123,0,knowledge_reasoning,observed_full
Llama-3.2-1B→Llama-3.1-8B,meta-llama/Llama-3.2-1B,mmlu,0,mmlu_124,0,knowledge_reasoning,observed_full
Llama-3.2-1B→Llama-3.1-8B,meta-llama/Llama-3.2-1B,mmlu,0,mmlu_125,0,knowledge_reasoning,observed_full
Llama-3.2-1B→Llama-3.1-8B,meta-llama/Llama-3.2-1B,mmlu,0,mmlu_126,1,knowledge_reasoning,observed_full
Llama-3.2-1B→Llama-3.1-8B,meta-llama/Llama-3.2-1B,mmlu,0,mmlu_127,1,knowledge_reasoning,observed_full
Llama-3.2-1B→Llama-3.1-8B,meta-llama/Llama-3.2-1B,mmlu,0,mmlu_128,0,knowledge_reasoning,observed_full
Llama-3.2-1B→Llama-3.1-8B,meta-llama/Llama-3.2-1B,mmlu,0,mmlu_129,0,knowledge_reasoning,observed_full
Llama-3.2-1B→Llama-3.1-8B,meta-llama/Llama-3.2-1B,mmlu,0,mmlu_130,1,knowledge_reasoning,observed_full
Llama-3.2-1B→Llama-3.1-8B,meta-llama/Llama-3.2-1B,mmlu,0,mmlu_131,0,knowledge_reasoning,observed_full
Llama-3.2-1B→Llama-3.1-8B,meta-llama/Llama-3.2-1B,mmlu,0,mmlu_132,1,knowledge_reasoning,observed_full
Llama-3.2-1B→Llama-3.1-8B,meta-llama/Llama-3.2-1B,mmlu,0,mmlu_133,0,knowledge_reasoning,observed_full
Llama-3.2-1B→Llama-3.1-8B,meta-llama/Llama-3.2-1B,mmlu,0,mmlu_134,0,knowledge_reasoning,observed_full
Llama-3.2-1B→Llama-3.1-8B,meta-llama/Llama-3.2-1B,mmlu,0,mmlu_135,1,knowledge_reasoning,observed_full
Llama-3.2-1B→Llama-3.1-8B,meta-llama/Llama-3.2-1B,mmlu,0,mmlu_136,1,knowledge_reasoning,observed_full
Llama-3.2-1B→Llama-3.1-8B,meta-llama/Llama-3.2-1B,mmlu,0,mmlu_137,0,knowledge_reasoning,observed_full
Llama-3.2-1B→Llama-3.1-8B,meta-llama/Llama-3.2-1B,mmlu,0,mmlu_138,1,knowledge_reasoning,observed_full
Llama-3.2-1B→Llama-3.1-8B,meta-llama/Llama-3.2-1B,mmlu,0,mmlu_139,0,knowledge_reasoning,observed_full
Llama-3.2-1B→Llama-3.1-8B,meta-llama/Llama-3.2-1B,mmlu,0,mmlu_140,0,knowledge_reasoning,observed_full
Llama-3.2-1B→Llama-3.1-8B,meta-llama/Llama-3.2-1B,mmlu,0,mmlu_141,0,knowledge_reasoning,observed_full
Llama-3.2-1B→Llama-3.1-8B,meta-llama/Llama-3.2-1B,mmlu,0,mmlu_142,1,knowledge_reasoning,observed_full
Llama-3.2-1B→Llama-3.1-8B,meta-llama/Llama-3.2-1B,mmlu,0,mmlu_143,0,knowledge_reasoning,observed_full
Llama-3.2-1B→Llama-3.1-8B,meta-llama/Llama-3.2-1B,mmlu,0,mmlu_144,0,knowledge_reasoning,observed_full
Llama-3.2-1B→Llama-3.1-8B,meta-llama/Llama-3.2-1B,mmlu,0,mmlu_145,1,knowledge_reasoning,observed_full
Llama-3.2-1B→Llama-3.1-8B,meta-llama/Llama-3.2-1B,mmlu,0,mmlu_146,1,knowledge_reasoning,observed_full
Llama-3.2-1B→Llama-3.1-8B,meta-llama/Llama-3.2-1B,mmlu,0,mmlu_147,0,knowledge_reasoning,observed_full
Llama-3.2-1B→Llama-3.1-8B,meta-llama/Llama-3.2-1B,mmlu,0,mmlu_148,0,knowledge_reasoning,observed_full
Llama-3.2-1B→Llama-3.1-8B,meta-llama/Llama-3.2-1B,mmlu,0,mmlu_149,0,knowledge_reasoning,observed_full
Llama-3.2-1B→Llama-3.1-8B,meta-llama/Llama-3.2-1B,mmlu,0,mmlu_150,1,knowledge_reasoning,observed_full
Llama-3.2-1B→Llama-3.1-8B,meta-llama/Llama-3.2-1B,mmlu,0,mmlu_151,1,knowledge_reasoning,observed_full
Llama-3.2-1B→Llama-3.1-8B,meta-llama/Llama-3.2-1B,mmlu,0,mmlu_152,1,knowledge_reasoning,observed_full
Llama-3.2-1B→Llama-3.1-8B,meta-llama/Llama-3.2-1B,mmlu,0,mmlu_153,0,knowledge_reasoning,observed_full
Llama-3.2-1B→Llama-3.1-8B,meta-llama/Llama-3.2-1B,mmlu,0,mmlu_154,0,knowledge_reasoning,observed_full
Llama-3.2-1B→Llama-3.1-8B,meta-llama/Llama-3.2-1B,mmlu,0,mmlu_155,0,knowledge_reasoning,observed_full
Llama-3.2-1B→Llama-3.1-8B,meta-llama/Llama-3.2-1B,mmlu,0,mmlu_156,1,knowledge_reasoning,observed_full
Llama-3.2-1B→Llama-3.1-8B,meta-llama/Llama-3.2-1B,mmlu,0,mmlu_157,1,knowledge_reasoning,observed_full
Llama-3.2-1B→Llama-3.1-8B,meta-llama/Llama-3.2-1B,mmlu,0,mmlu_158,0,knowledge_reasoning,observed_full
Llama-3.2-1B→Llama-3.1-8B,meta-llama/Llama-3.2-1B,mmlu,0,mmlu_159,0,knowledge_reasoning,observed_full
Llama-3.2-1B→Llama-3.1-8B,meta-llama/Llama-3.2-1B,mmlu,0,mmlu_160,0,knowledge_reasoning,observed_full
Llama-3.2-1B→Llama-3.1-8B,meta-llama/Llama-3.2-1B,mmlu,0,mmlu_161,0,knowledge_reasoning,observed_full
Llama-3.2-1B→Llama-3.1-8B,meta-llama/Llama-3.2-1B,mmlu,0,mmlu_162,0,knowledge_reasoning,observed_full
Llama-3.2-1B→Llama-3.1-8B,meta-llama/Llama-3.2-1B,mmlu,0,mmlu_163,1,knowledge_reasoning,observed_full
Llama-3.2-1B→Llama-3.1-8B,meta-llama/Llama-3.2-1B,mmlu,0,mmlu_164,1,knowledge_reasoning,observed_full
Llama-3.2-1B→Llama-3.1-8B,meta-llama/Llama-3.2-1B,mmlu,0,mmlu_165,1,knowledge_reasoning,observed_full
Llama-3.2-1B→Llama-3.1-8B,meta-llama/Llama-3.2-1B,mmlu,0,mmlu_166,0,knowledge_reasoning,observed_full
Llama-3.2-1B→Llama-3.1-8B,meta-llama/Llama-3.2-1B,mmlu,0,mmlu_167,1,knowledge_reasoning,observed_full
Llama-3.2-1B→Llama-3.1-8B,meta-llama/Llama-3.2-1B,mmlu,0,mmlu_168,0,knowledge_reasoning,observed_full
Llama-3.2-1B→Llama-3.1-8B,meta-llama/Llama-3.2-1B,mmlu,0,mmlu_169,1,knowledge_reasoning,observed_full
Llama-3.2-1B→Llama-3.1-8B,meta-llama/Llama-3.2-1B,mmlu,0,mmlu_170,0,knowledge_reasoning,observed_full
Llama-3.2-1B→Llama-3.1-8B,meta-llama/Llama-3.2-1B,mmlu,0,mmlu_171,1,knowledge_reasoning,observed_full
Llama-3.2-1B→Llama-3.1-8B,meta-llama/Llama-3.2-1B,mmlu,0,mmlu_172,1,knowledge_reasoning,observed_full
Llama-3.2-1B→Llama-3.1-8B,meta-llama/Llama-3.2-1B,mmlu,0,mmlu_173,0,knowledge_reasoning,observed_full
Llama-3.2-1B→Llama-3.1-8B,meta-llama/Llama-3.2-1B,mmlu,0,mmlu_174,0,knowledge_reasoning,observed_full
Llama-3.2-1B→Llama-3.1-8B,meta-llama/Llama-3.2-1B,mmlu,0,mmlu_175,0,knowledge_reasoning,observed_full
Llama-3.2-1B→Llama-3.1-8B,meta-llama/Llama-3.2-1B,mmlu,0,mmlu_176,0,knowledge_reasoning,observed_full
Llama-3.2-1B→Llama-3.1-8B,meta-llama/Llama-3.2-1B,mmlu,0,mmlu_177,1,knowledge_reasoning,observed_full
Llama-3.2-1B→Llama-3.1-8B,meta-llama/Llama-3.2-1B,mmlu,0,mmlu_178,0,knowledge_reasoning,observed_full
Llama-3.2-1B→Llama-3.1-8B,meta-llama/Llama-3.2-1B,mmlu,0,mmlu_179,0,knowledge_reasoning,observed_full
Llama-3.2-1B→Llama-3.1-8B,meta-llama/Llama-3.2-1B,mmlu,0,mmlu_180,0,knowledge_reasoning,observed_full
Llama-3.2-1B→Llama-3.1-8B,meta-llama/Llama-3.2-1B,mmlu,0,mmlu_181,1,knowledge_reasoning,observed_full
Llama-3.2-1B→Llama-3.1-8B,meta-llama/Llama-3.2-1B,mmlu,0,mmlu_182,0,knowledge_reasoning,observed_full
Llama-3.2-1B→Llama-3.1-8B,meta-llama/Llama-3.2-1B,mmlu,0,mmlu_183,1,knowledge_reasoning,observed_full
Llama-3.2-1B→Llama-3.1-8B,meta-llama/Llama-3.2-1B,mmlu,0,mmlu_184,0,knowledge_reasoning,observed_full
Llama-3.2-1B→Llama-3.1-8B,meta-llama/Llama-3.2-1B,mmlu,0,mmlu_185,0,knowledge_reasoning,observed_full
Llama-3.2-1B→Llama-3.1-8B,meta-llama/Llama-3.2-1B,mmlu,0,mmlu_186,0,knowledge_reasoning,observed_full
Llama-3.2-1B→Llama-3.1-8B,meta-llama/Llama-3.2-1B,mmlu,0,mmlu_187,1,knowledge_reasoning,observed_full
Llama-3.2-1B→Llama-3.1-8B,meta-llama/Llama-3.2-1B,mmlu,0,mmlu_188,1,knowledge_reasoning,observed_full
Llama-3.2-1B→Llama-3.1-8B,meta-llama/Llama-3.2-1B,mmlu,0,mmlu_189,0,knowledge_reasoning,observed_full
Llama-3.2-1B→Llama-3.1-8B,meta-llama/Llama-3.2-1B,mmlu,0,mmlu_190,0,knowledge_reasoning,observed_full
Llama-3.2-1B→Llama-3.1-8B,meta-llama/Llama-3.2-1B,mmlu,0,mmlu_191,0,knowledge_reasoning,observed_full
Llama-3.2-1B→Llama-3.1-8B,meta-llama/Llama-3.2-1B,mmlu,0,mmlu_192,0,knowledge_reasoning,observed_full
Llama-3.2-1B→Llama-3.1-8B,meta-llama/Llama-3.2-1B,mmlu,0,mmlu_193,0,knowledge_reasoning,observed_full
Llama-3.2-1B→Llama-3.1-8B,meta-llama/Llama-3.2-1B,mmlu,0,mmlu_194,0,knowledge_reasoning,observed_full
Llama-3.2-1B→Llama-3.1-8B,meta-llama/Llama-3.2-1B,mmlu,0,mmlu_195,0,knowledge_reasoning,observed_full
Llama-3.2-1B→Llama-3.1-8B,meta-llama/Llama-3.2-1B,mmlu,0,mmlu_196,0,knowledge_reasoning,observed_full
Llama-3.2-1B→Llama-3.1-8B,meta-llama/Llama-3.2-1B,mmlu,0,mmlu_197,0,knowledge_reasoning,observed_full
Llama-3.2-1B→Llama-3.1-8B,meta-llama/Llama-3.2-1B,mmlu,0,mmlu_198,1,knowledge_reasoning,observed_full
Llama-3.2-1B→Llama-3.1-8B,meta-llama/Llama-3.2-1B,mmlu,0,mmlu_199,1,knowledge_reasoning,observed_full
Llama-3.2-1B→Llama-3.1-8B,meta-llama/Llama-3.2-1B,mmlu,0,mmlu_200,1,knowledge_reasoning,observed_full
Llama-3.2-1B→Llama-3.1-8B,meta-llama/Llama-3.2-1B,mmlu,0,mmlu_201,1,knowledge_reasoning,observed_full
Llama-3.2-1B→Llama-3.1-8B,meta-llama/Llama-3.2-1B,mmlu,0,mmlu_202,1,knowledge_reasoning,observed_full
Llama-3.2-1B→Llama-3.1-8B,meta-llama/Llama-3.2-1B,mmlu,0,mmlu_203,1,knowledge_reasoning,observed_full
Llama-3.2-1B→Llama-3.1-8B,meta-llama/Llama-3.2-1B,mmlu,0,mmlu_204,1,knowledge_reasoning,observed_full
Llama-3.2-1B→Llama-3.1-8B,meta-llama/Llama-3.2-1B,mmlu,0,mmlu_205,1,knowledge_reasoning,observed_full
Llama-3.2-1B→Llama-3.1-8B,meta-llama/Llama-3.2-1B,mmlu,0,mmlu_206,1,knowledge_reasoning,observed_full
Llama-3.2-1B→Llama-3.1-8B,meta-llama/Llama-3.2-1B,mmlu,0,mmlu_207,1,knowledge_reasoning,observed_full
Llama-3.2-1B→Llama-3.1-8B,meta-llama/Llama-3.2-1B,mmlu,0,mmlu_208,1,knowledge_reasoning,observed_full
Llama-3.2-1B→Llama-3.1-8B,meta-llama/Llama-3.2-1B,mmlu,0,mmlu_209,0,knowledge_reasoning,observed_full
Llama-3.2-1B→Llama-3.1-8B,meta-llama/Llama-3.2-1B,mmlu,0,mmlu_210,1,knowledge_reasoning,observed_full
Llama-3.2-1B→Llama-3.1-8B,meta-llama/Llama-3.2-1B,mmlu,0,mmlu_211,1,knowledge_reasoning,observed_full
Llama-3.2-1B→Llama-3.1-8B,meta-llama/Llama-3.2-1B,mmlu,0,mmlu_212,0,knowledge_reasoning,observed_full
Llama-3.2-1B→Llama-3.1-8B,meta-llama/Llama-3.2-1B,mmlu,0,mmlu_213,1,knowledge_reasoning,observed_full
Llama-3.2-1B→Llama-3.1-8B,meta-llama/Llama-3.2-1B,mmlu,0,mmlu_214,1,knowledge_reasoning,observed_full
Llama-3.2-1B→Llama-3.1-8B,meta-llama/Llama-3.2-1B,mmlu,0,mmlu_215,0,knowledge_reasoning,observed_full
Llama-3.2-1B→Llama-3.1-8B,meta-llama/Llama-3.2-1B,mmlu,0,mmlu_216,0,knowledge_reasoning,observed_full
Llama-3.2-1B→Llama-3.1-8B,meta-llama/Llama-3.2-1B,mmlu,0,mmlu_217,0,knowledge_reasoning,observed_full
Llama-3.2-1B→Llama-3.1-8B,meta-llama/Llama-3.2-1B,mmlu,0,mmlu_218,0,knowledge_reasoning,observed_full
Llama-3.2-1B→Llama-3.1-8B,meta-llama/Llama-3.2-1B,mmlu,0,mmlu_219,0,knowledge_reasoning,observed_full
Llama-3.2-1B→Llama-3.1-8B,meta-llama/Llama-3.2-1B,mmlu,0,mmlu_220,1,knowledge_reasoning,observed_full
Llama-3.2-1B→Llama-3.1-8B,meta-llama/Llama-3.2-1B,mmlu,0,mmlu_221,1,knowledge_reasoning,observed_full
Llama-3.2-1B→Llama-3.1-8B,meta-llama/Llama-3.2-1B,mmlu,0,mmlu_222,1,knowledge_reasoning,observed_full
Llama-3.2-1B→Llama-3.1-8B,meta-llama/Llama-3.2-1B,mmlu,0,mmlu_223,0,knowledge_reasoning,observed_full
Llama-3.2-1B→Llama-3.1-8B,meta-llama/Llama-3.2-1B,mmlu,0,mmlu_224,0,knowledge_reasoning,observed_full
Llama-3.2-1B→Llama-3.1-8B,meta-llama/Llama-3.2-1B,mmlu,0,mmlu_225,0,knowledge_reasoning,observed_full
Llama-3.2-1B→Llama-3.1-8B,meta-llama/Llama-3.2-1B,mmlu,0,mmlu_226,0,knowledge_reasoning,observed_full
Llama-3.2-1B→Llama-3.1-8B,meta-llama/Llama-3.2-1B,mmlu,0,mmlu_227,0,knowledge_reasoning,observed_full
Llama-3.2-1B→Llama-3.1-8B,meta-llama/Llama-3.2-1B,mmlu,0,mmlu_228,0,knowledge_reasoning,observed_full
Llama-3.2-1B→Llama-3.1-8B,meta-llama/Llama-3.2-1B,mmlu,0,mmlu_229,0,knowledge_reasoning,observed_full
Llama-3.2-1B→Llama-3.1-8B,meta-llama/Llama-3.2-1B,mmlu,0,mmlu_230,0,knowledge_reasoning,observed_full
Llama-3.2-1B→Llama-3.1-8B,meta-llama/Llama-3.2-1B,mmlu,0,mmlu_231,1,knowledge_reasoning,observed_full
Llama-3.2-1B→Llama-3.1-8B,meta-llama/Llama-3.2-1B,mmlu,0,mmlu_232,1,knowledge_reasoning,observed_full
Llama-3.2-1B→Llama-3.1-8B,meta-llama/Llama-3.2-1B,mmlu,0,mmlu_233,0,knowledge_reasoning,observed_full
Llama-3.2-1B→Llama-3.1-8B,meta-llama/Llama-3.2-1B,mmlu,0,mmlu_234,0,knowledge_reasoning,observed_full
Llama-3.2-1B→Llama-3.1-8B,meta-llama/Llama-3.2-1B,mmlu,0,mmlu_235,0,knowledge_reasoning,observed_full
Llama-3.2-1B→Llama-3.1-8B,meta-llama/Llama-3.2-1B,mmlu,0,mmlu_236,0,knowledge_reasoning,observed_full
Llama-3.2-1B→Llama-3.1-8B,meta-llama/Llama-3.2-1B,mmlu,0,mmlu_237,0,knowledge_reasoning,observed_full
Llama-3.2-1B→Llama-3.1-8B,meta-llama/Llama-3.2-1B,mmlu,0,mmlu_238,1,knowledge_reasoning,observed_full
Llama-3.2-1B→Llama-3.1-8B,meta-llama/Llama-3.2-1B,mmlu,0,mmlu_239,0,knowledge_reasoning,observed_full
Llama-3.2-1B→Llama-3.1-8B,meta-llama/Llama-3.2-1B,mmlu,0,mmlu_240,0,knowledge_reasoning,observed_full
Llama-3.2-1B→Llama-3.1-8B,meta-llama/Llama-3.2-1B,mmlu,0,mmlu_241,0,knowledge_reasoning,observed_full
Llama-3.2-1B→Llama-3.1-8B,meta-llama/Llama-3.2-1B,mmlu,0,mmlu_242,1,knowledge_reasoning,observed_full
Llama-3.2-1B→Llama-3.1-8B,meta-llama/Llama-3.2-1B,mmlu,0,mmlu_243,1,knowledge_reasoning,observed_full
Llama-3.2-1B→Llama-3.1-8B,meta-llama/Llama-3.2-1B,mmlu,0,mmlu_244,1,knowledge_reasoning,observed_full
Llama-3.2-1B→Llama-3.1-8B,meta-llama/Llama-3.2-1B,mmlu,0,mmlu_245,1,knowledge_reasoning,observed_full
Llama-3.2-1B→Llama-3.1-8B,meta-llama/Llama-3.2-1B,mmlu,0,mmlu_246,0,knowledge_reasoning,observed_full
Llama-3.2-1B→Llama-3.1-8B,meta-llama/Llama-3.2-1B,mmlu,0,mmlu_247,1,knowledge_reasoning,observed_full
Llama-3.2-1B→Llama-3.1-8B,meta-llama/Llama-3.2-1B,mmlu,0,mmlu_248,0,knowledge_reasoning,observed_full
Llama-3.2-1B→Llama-3.1-8B,meta-llama/Llama-3.2-1B,mmlu,0,mmlu_249,0,knowledge_reasoning,observed_full
Llama-3.2-1B→Llama-3.1-8B,meta-llama/Llama-3.2-1B,mmlu,0,mmlu_250,1,knowledge_reasoning,observed_full
Llama-3.2-1B→Llama-3.1-8B,meta-llama/Llama-3.2-1B,mmlu,0,mmlu_251,1,knowledge_reasoning,observed_full
Llama-3.2-1B→Llama-3.1-8B,meta-llama/Llama-3.2-1B,mmlu,0,mmlu_252,1,knowledge_reasoning,observed_full
Llama-3.2-1B→Llama-3.1-8B,meta-llama/Llama-3.2-1B,mmlu,0,mmlu_253,0,knowledge_reasoning,observed_full
Llama-3.2-1B→Llama-3.1-8B,meta-llama/Llama-3.2-1B,mmlu,0,mmlu_254,1,knowledge_reasoning,observed_full
Llama-3.2-1B→Llama-3.1-8B,meta-llama/Llama-3.2-1B,mmlu,0,mmlu_255,0,knowledge_reasoning,observed_full
Llama-3.2-1B→Llama-3.1-8B,meta-llama/Llama-3.2-1B,mmlu,0,mmlu_256,0,knowledge_reasoning,observed_full
Llama-3.2-1B→Llama-3.1-8B,meta-llama/Llama-3.2-1B,mmlu,0,mmlu_257,0,knowledge_reasoning,observed_full
Llama-3.2-1B→Llama-3.1-8B,meta-llama/Llama-3.2-1B,mmlu,0,mmlu_258,0,knowledge_reasoning,observed_full
Llama-3.2-1B→Llama-3.1-8B,meta-llama/Llama-3.2-1B,mmlu,0,mmlu_259,0,knowledge_reasoning,observed_full
Llama-3.2-1B→Llama-3.1-8B,meta-llama/Llama-3.2-1B,mmlu,0,mmlu_260,0,knowledge_reasoning,observed_full
Llama-3.2-1B→Llama-3.1-8B,meta-llama/Llama-3.2-1B,mmlu,0,mmlu_261,0,knowledge_reasoning,observed_full
Llama-3.2-1B→Llama-3.1-8B,meta-llama/Llama-3.2-1B,mmlu,0,mmlu_262,0,knowledge_reasoning,observed_full
Llama-3.2-1B→Llama-3.1-8B,meta-llama/Llama-3.2-1B,mmlu,0,mmlu_263,1,knowledge_reasoning,observed_full
Llama-3.2-1B→Llama-3.1-8B,meta-llama/Llama-3.2-1B,mmlu,0,mmlu_264,1,knowledge_reasoning,observed_full
Llama-3.2-1B→Llama-3.1-8B,meta-llama/Llama-3.2-1B,mmlu,0,mmlu_265,1,knowledge_reasoning,observed_full
Llama-3.2-1B→Llama-3.1-8B,meta-llama/Llama-3.2-1B,mmlu,0,mmlu_266,0,knowledge_reasoning,observed_full
Llama-3.2-1B→Llama-3.1-8B,meta-llama/Llama-3.2-1B,mmlu,0,mmlu_267,1,knowledge_reasoning,observed_full
Llama-3.2-1B→Llama-3.1-8B,meta-llama/Llama-3.2-1B,mmlu,0,mmlu_268,0,knowledge_reasoning,observed_full
Llama-3.2-1B→Llama-3.1-8B,meta-llama/Llama-3.2-1B,mmlu,0,mmlu_269,1,knowledge_reasoning,observed_full
Llama-3.2-1B→Llama-3.1-8B,meta-llama/Llama-3.2-1B,mmlu,0,mmlu_270,0,knowledge_reasoning,observed_full
Llama-3.2-1B→Llama-3.1-8B,meta-llama/Llama-3.2-1B,mmlu,0,mmlu_271,0,knowledge_reasoning,observed_full
Llama-3.2-1B→Llama-3.1-8B,meta-llama/Llama-3.2-1B,mmlu,0,mmlu_272,0,knowledge_reasoning,observed_full
Llama-3.2-1B→Llama-3.1-8B,meta-llama/Llama-3.2-1B,mmlu,0,mmlu_273,0,knowledge_reasoning,observed_full
Llama-3.2-1B→Llama-3.1-8B,meta-llama/Llama-3.2-1B,mmlu,0,mmlu_274,1,knowledge_reasoning,observed_full
Llama-3.2-1B→Llama-3.1-8B,meta-llama/Llama-3.2-1B,mmlu,0,mmlu_275,0,knowledge_reasoning,observed_full
Llama-3.2-1B→Llama-3.1-8B,meta-llama/Llama-3.2-1B,mmlu,0,mmlu_276,1,knowledge_reasoning,observed_full
Llama-3.2-1B→Llama-3.1-8B,meta-llama/Llama-3.2-1B,mmlu,0,mmlu_277,0,knowledge_reasoning,observed_full
Llama-3.2-1B→Llama-3.1-8B,meta-llama/Llama-3.2-1B,mmlu,0,mmlu_278,0,knowledge_reasoning,observed_full
Llama-3.2-1B→Llama-3.1-8B,meta-llama/Llama-3.2-1B,mmlu,0,mmlu_279,0,knowledge_reasoning,observed_full
Llama-3.2-1B→Llama-3.1-8B,meta-llama/Llama-3.2-1B,mmlu,0,mmlu_280,0,knowledge_reasoning,observed_full
Llama-3.2-1B→Llama-3.1-8B,meta-llama/Llama-3.2-1B,mmlu,0,mmlu_281,1,knowledge_reasoning,observed_full
Llama-3.2-1B→Llama-3.1-8B,meta-llama/Llama-3.2-1B,mmlu,0,mmlu_282,0,knowledge_reasoning,observed_full
Llama-3.2-1B→Llama-3.1-8B,meta-llama/Llama-3.2-1B,mmlu,0,mmlu_283,0,knowledge_reasoning,observed_full
Llama-3.2-1B→Llama-3.1-8B,meta-llama/Llama-3.2-1B,mmlu,0,mmlu_284,0,knowledge_reasoning,observed_full
Llama-3.2-1B→Llama-3.1-8B,meta-llama/Llama-3.2-1B,mmlu,0,mmlu_285,1,knowledge_reasoning,observed_full
Llama-3.2-1B→Llama-3.1-8B,meta-llama/Llama-3.2-1B,mmlu,0,mmlu_286,1,knowledge_reasoning,observed_full
Llama-3.2-1B→Llama-3.1-8B,meta-llama/Llama-3.2-1B,mmlu,0,mmlu_287,0,knowledge_reasoning,observed_full
Llama-3.2-1B→Llama-3.1-8B,meta-llama/Llama-3.2-1B,mmlu,0,mmlu_288,1,knowledge_reasoning,observed_full
Llama-3.2-1B→Llama-3.1-8B,meta-llama/Llama-3.2-1B,mmlu,0,mmlu_289,0,knowledge_reasoning,observed_full
Llama-3.2-1B→Llama-3.1-8B,meta-llama/Llama-3.2-1B,mmlu,0,mmlu_290,0,knowledge_reasoning,observed_full
Llama-3.2-1B→Llama-3.1-8B,meta-llama/Llama-3.2-1B,mmlu,0,mmlu_291,1,knowledge_reasoning,observed_full
Llama-3.2-1B→Llama-3.1-8B,meta-llama/Llama-3.2-1B,mmlu,0,mmlu_292,0,knowledge_reasoning,observed_full
Llama-3.2-1B→Llama-3.1-8B,meta-llama/Llama-3.2-1B,mmlu,0,mmlu_293,0,knowledge_reasoning,observed_full
Llama-3.2-1B→Llama-3.1-8B,meta-llama/Llama-3.2-1B,mmlu,0,mmlu_294,1,knowledge_reasoning,observed_full
Llama-3.2-1B→Llama-3.1-8B,meta-llama/Llama-3.2-1B,mmlu,0,mmlu_295,0,knowledge_reasoning,observed_full
Llama-3.2-1B→Llama-3.1-8B,meta-llama/Llama-3.2-1B,mmlu,0,mmlu_296,0,knowledge_reasoning,observed_full
Llama-3.2-1B→Llama-3.1-8B,meta-llama/Llama-3.2-1B,mmlu,0,mmlu_297,0,knowledge_reasoning,observed_full
Llama-3.2-1B→Llama-3.1-8B,meta-llama/Llama-3.2-1B,mmlu,0,mmlu_298,0,knowledge_reasoning,observed_full
Llama-3.2-1B→Llama-3.1-8B,meta-llama/Llama-3.2-1B,mmlu,0,mmlu_299,0,knowledge_reasoning,observed_full
Llama-3.2-1B→Llama-3.1-8B,meta-llama/Llama-3.2-1B,mmlu,0,mmlu_300,0,knowledge_reasoning,observed_full
Llama-3.2-1B→Llama-3.1-8B,meta-llama/Llama-3.2-1B,mmlu,0,mmlu_301,1,knowledge_reasoning,observed_full
Llama-3.2-1B→Llama-3.1-8B,meta-llama/Llama-3.2-1B,mmlu,0,mmlu_302,0,knowledge_reasoning,observed_full
Llama-3.2-1B→Llama-3.1-8B,meta-llama/Llama-3.2-1B,mmlu,0,mmlu_303,0,knowledge_reasoning,observed_full
Llama-3.2-1B→Llama-3.1-8B,meta-llama/Llama-3.2-1B,mmlu,0,mmlu_304,1,knowledge_reasoning,observed_full
Llama-3.2-1B→Llama-3.1-8B,meta-llama/Llama-3.2-1B,mmlu,0,mmlu_305,0,knowledge_reasoning,observed_full
Llama-3.2-1B→Llama-3.1-8B,meta-llama/Llama-3.2-1B,mmlu,0,mmlu_306,1,knowledge_reasoning,observed_full
Llama-3.2-1B→Llama-3.1-8B,meta-llama/Llama-3.2-1B,mmlu,0,mmlu_307,0,knowledge_reasoning,observed_full
Llama-3.2-1B→Llama-3.1-8B,meta-llama/Llama-3.2-1B,mmlu,0,mmlu_308,1,knowledge_reasoning,observed_full
Llama-3.2-1B→Llama-3.1-8B,meta-llama/Llama-3.2-1B,mmlu,0,mmlu_309,1,knowledge_reasoning,observed_full
Llama-3.2-1B→Llama-3.1-8B,meta-llama/Llama-3.2-1B,mmlu,0,mmlu_310,0,knowledge_reasoning,observed_full
Llama-3.2-1B→Llama-3.1-8B,meta-llama/Llama-3.2-1B,mmlu,0,mmlu_311,0,knowledge_reasoning,observed_full
Llama-3.2-1B→Llama-3.1-8B,meta-llama/Llama-3.2-1B,mmlu,0,mmlu_312,1,knowledge_reasoning,observed_full
Llama-3.2-1B→Llama-3.1-8B,meta-llama/Llama-3.2-1B,mmlu,0,mmlu_313,0,knowledge_reasoning,observed_full
Llama-3.2-1B→Llama-3.1-8B,meta-llama/Llama-3.2-1B,mmlu,0,mmlu_314,1,knowledge_reasoning,observed_full
Llama-3.2-1B→Llama-3.1-8B,meta-llama/Llama-3.2-1B,mmlu,0,mmlu_315,1,knowledge_reasoning,observed_full
Llama-3.2-1B→Llama-3.1-8B,meta-llama/Llama-3.2-1B,mmlu,0,mmlu_316,0,knowledge_reasoning,observed_full
Llama-3.2-1B→Llama-3.1-8B,meta-llama/Llama-3.2-1B,mmlu,0,mmlu_317,1,knowledge_reasoning,observed_full
Llama-3.2-1B→Llama-3.1-8B,meta-llama/Llama-3.2-1B,mmlu,0,mmlu_318,1,knowledge_reasoning,observed_full
Llama-3.2-1B→Llama-3.1-8B,meta-llama/Llama-3.2-1B,mmlu,0,mmlu_319,0,knowledge_reasoning,observed_full
Llama-3.2-1B→Llama-3.1-8B,meta-llama/Llama-3.2-1B,mmlu,0,mmlu_320,0,knowledge_reasoning,observed_full
Llama-3.2-1B→Llama-3.1-8B,meta-llama/Llama-3.2-1B,mmlu,0,mmlu_321,0,knowledge_reasoning,observed_full
Llama-3.2-1B→Llama-3.1-8B,meta-llama/Llama-3.2-1B,mmlu,0,mmlu_322,1,knowledge_reasoning,observed_full
Llama-3.2-1B→Llama-3.1-8B,meta-llama/Llama-3.2-1B,mmlu,0,mmlu_323,0,knowledge_reasoning,observed_full
Llama-3.2-1B→Llama-3.1-8B,meta-llama/Llama-3.2-1B,mmlu,0,mmlu_324,0,knowledge_reasoning,observed_full
Llama-3.2-1B→Llama-3.1-8B,meta-llama/Llama-3.2-1B,mmlu,0,mmlu_325,0,knowledge_reasoning,observed_full
Llama-3.2-1B→Llama-3.1-8B,meta-llama/Llama-3.2-1B,mmlu,0,mmlu_326,0,knowledge_reasoning,observed_full
Llama-3.2-1B→Llama-3.1-8B,meta-llama/Llama-3.2-1B,mmlu,0,mmlu_327,1,knowledge_reasoning,observed_full
Llama-3.2-1B→Llama-3.1-8B,meta-llama/Llama-3.2-1B,mmlu,0,mmlu_328,0,knowledge_reasoning,observed_full
Llama-3.2-1B→Llama-3.1-8B,meta-llama/Llama-3.2-1B,mmlu,0,mmlu_329,0,knowledge_reasoning,observed_full
Llama-3.2-1B→Llama-3.1-8B,meta-llama/Llama-3.2-1B,mmlu,0,mmlu_330,1,knowledge_reasoning,observed_full
Llama-3.2-1B→Llama-3.1-8B,meta-llama/Llama-3.2-1B,mmlu,0,mmlu_331,0,knowledge_reasoning,observed_full
Llama-3.2-1B→Llama-3.1-8B,meta-llama/Llama-3.2-1B,mmlu,0,mmlu_332,0,knowledge_reasoning,observed_full
Llama-3.2-1B→Llama-3.1-8B,meta-llama/Llama-3.2-1B,mmlu,0,mmlu_333,0,knowledge_reasoning,observed_full
Llama-3.2-1B→Llama-3.1-8B,meta-llama/Llama-3.2-1B,mmlu,0,mmlu_334,0,knowledge_reasoning,observed_full
Llama-3.2-1B→Llama-3.1-8B,meta-llama/Llama-3.2-1B,mmlu,0,mmlu_335,0,knowledge_reasoning,observed_full
Llama-3.2-1B→Llama-3.1-8B,meta-llama/Llama-3.2-1B,mmlu,0,mmlu_336,0,knowledge_reasoning,observed_full
Llama-3.2-1B→Llama-3.1-8B,meta-llama/Llama-3.2-1B,mmlu,0,mmlu_337,0,knowledge_reasoning,observed_full
Llama-3.2-1B→Llama-3.1-8B,meta-llama/Llama-3.2-1B,mmlu,0,mmlu_338,0,knowledge_reasoning,observed_full
Llama-3.2-1B→Llama-3.1-8B,meta-llama/Llama-3.2-1B,mmlu,0,mmlu_339,1,knowledge_reasoning,observed_full
Llama-3.2-1B→Llama-3.1-8B,meta-llama/Llama-3.2-1B,mmlu,0,mmlu_340,0,knowledge_reasoning,observed_full
Llama-3.2-1B→Llama-3.1-8B,meta-llama/Llama-3.2-1B,mmlu,0,mmlu_341,0,knowledge_reasoning,observed_full
Llama-3.2-1B→Llama-3.1-8B,meta-llama/Llama-3.2-1B,mmlu,0,mmlu_342,1,knowledge_reasoning,observed_full
Llama-3.2-1B→Llama-3.1-8B,meta-llama/Llama-3.2-1B,mmlu,0,mmlu_343,0,knowledge_reasoning,observed_full
Llama-3.2-1B→Llama-3.1-8B,meta-llama/Llama-3.2-1B,mmlu,0,mmlu_344,0,knowledge_reasoning,observed_full
Llama-3.2-1B→Llama-3.1-8B,meta-llama/Llama-3.2-1B,mmlu,0,mmlu_345,0,knowledge_reasoning,observed_full
Llama-3.2-1B→Llama-3.1-8B,meta-llama/Llama-3.2-1B,mmlu,0,mmlu_346,0,knowledge_reasoning,observed_full
Llama-3.2-1B→Llama-3.1-8B,meta-llama/Llama-3.2-1B,mmlu,0,mmlu_347,0,knowledge_reasoning,observed_full
Llama-3.2-1B→Llama-3.1-8B,meta-llama/Llama-3.2-1B,mmlu,0,mmlu_348,1,knowledge_reasoning,observed_full
Llama-3.2-1B→Llama-3.1-8B,meta-llama/Llama-3.2-1B,mmlu,0,mmlu_349,0,knowledge_reasoning,observed_full
Llama-3.2-1B→Llama-3.1-8B,meta-llama/Llama-3.2-1B,mmlu,0,mmlu_350,0,knowledge_reasoning,observed_full
Llama-3.2-1B→Llama-3.1-8B,meta-llama/Llama-3.2-1B,mmlu,0,mmlu_351,1,knowledge_reasoning,observed_full
Llama-3.2-1B→Llama-3.1-8B,meta-llama/Llama-3.2-1B,mmlu,0,mmlu_352,1,knowledge_reasoning,observed_full
Llama-3.2-1B→Llama-3.1-8B,meta-llama/Llama-3.2-1B,mmlu,0,mmlu_353,0,knowledge_reasoning,observed_full
Llama-3.2-1B→Llama-3.1-8B,meta-llama/Llama-3.2-1B,mmlu,0,mmlu_354,1,knowledge_reasoning,observed_full
Llama-3.2-1B→Llama-3.1-8B,meta-llama/Llama-3.2-1B,mmlu,0,mmlu_355,0,knowledge_reasoning,observed_full
Llama-3.2-1B→Llama-3.1-8B,meta-llama/Llama-3.2-1B,mmlu,0,mmlu_356,1,knowledge_reasoning,observed_full
Llama-3.2-1B→Llama-3.1-8B,meta-llama/Llama-3.2-1B,mmlu,0,mmlu_357,0,knowledge_reasoning,observed_full
Llama-3.2-1B→Llama-3.1-8B,meta-llama/Llama-3.2-1B,mmlu,0,mmlu_358,0,knowledge_reasoning,observed_full
Llama-3.2-1B→Llama-3.1-8B,meta-llama/Llama-3.2-1B,mmlu,0,mmlu_359,0,knowledge_reasoning,observed_full
Llama-3.2-1B→Llama-3.1-8B,meta-llama/Llama-3.2-1B,mmlu,0,mmlu_360,0,knowledge_reasoning,observed_full
Llama-3.2-1B→Llama-3.1-8B,meta-llama/Llama-3.2-1B,mmlu,0,mmlu_361,0,knowledge_reasoning,observed_full
Llama-3.2-1B→Llama-3.1-8B,meta-llama/Llama-3.2-1B,mmlu,0,mmlu_362,0,knowledge_reasoning,observed_full
Llama-3.2-1B→Llama-3.1-8B,meta-llama/Llama-3.2-1B,mmlu,0,mmlu_363,1,knowledge_reasoning,observed_full
Llama-3.2-1B→Llama-3.1-8B,meta-llama/Llama-3.2-1B,mmlu,0,mmlu_364,1,knowledge_reasoning,observed_full
Llama-3.2-1B→Llama-3.1-8B,meta-llama/Llama-3.2-1B,mmlu,0,mmlu_365,1,knowledge_reasoning,observed_full
Llama-3.2-1B→Llama-3.1-8B,meta-llama/Llama-3.2-1B,mmlu,0,mmlu_366,1,knowledge_reasoning,observed_full
Llama-3.2-1B→Llama-3.1-8B,meta-llama/Llama-3.2-1B,mmlu,0,mmlu_367,0,knowledge_reasoning,observed_full
Llama-3.2-1B→Llama-3.1-8B,meta-llama/Llama-3.2-1B,mmlu,0,mmlu_368,0,knowledge_reasoning,observed_full
Llama-3.2-1B→Llama-3.1-8B,meta-llama/Llama-3.2-1B,mmlu,0,mmlu_369,1,knowledge_reasoning,observed_full
Llama-3.2-1B→Llama-3.1-8B,meta-llama/Llama-3.2-1B,mmlu,0,mmlu_370,0,knowledge_reasoning,observed_full
Llama-3.2-1B→Llama-3.1-8B,meta-llama/Llama-3.2-1B,mmlu,0,mmlu_371,0,knowledge_reasoning,observed_full
Llama-3.2-1B→Llama-3.1-8B,meta-llama/Llama-3.2-1B,mmlu,0,mmlu_372,0,knowledge_reasoning,observed_full
Llama-3.2-1B→Llama-3.1-8B,meta-llama/Llama-3.2-1B,mmlu,0,mmlu_373,1,knowledge_reasoning,observed_full
Llama-3.2-1B→Llama-3.1-8B,meta-llama/Llama-3.2-1B,mmlu,0,mmlu_374,0,knowledge_reasoning,observed_full
Llama-3.2-1B→Llama-3.1-8B,meta-llama/Llama-3.2-1B,mmlu,0,mmlu_375,1,knowledge_reasoning,observed_full
Llama-3.2-1B→Llama-3.1-8B,meta-llama/Llama-3.2-1B,mmlu,0,mmlu_376,0,knowledge_reasoning,observed_full
Llama-3.2-1B→Llama-3.1-8B,meta-llama/Llama-3.2-1B,mmlu,0,mmlu_377,0,knowledge_reasoning,observed_full
Llama-3.2-1B→Llama-3.1-8B,meta-llama/Llama-3.2-1B,mmlu,0,mmlu_378,0,knowledge_reasoning,observed_full
Llama-3.2-1B→Llama-3.1-8B,meta-llama/Llama-3.2-1B,mmlu,0,mmlu_379,0,knowledge_reasoning,observed_full
Llama-3.2-1B→Llama-3.1-8B,meta-llama/Llama-3.2-1B,mmlu,0,mmlu_380,0,knowledge_reasoning,observed_full
Llama-3.2-1B→Llama-3.1-8B,meta-llama/Llama-3.2-1B,mmlu,0,mmlu_381,0,knowledge_reasoning,observed_full
Llama-3.2-1B→Llama-3.1-8B,meta-llama/Llama-3.2-1B,mmlu,0,mmlu_382,0,knowledge_reasoning,observed_full
Llama-3.2-1B→Llama-3.1-8B,meta-llama/Llama-3.2-1B,mmlu,0,mmlu_383,0,knowledge_reasoning,observed_full
Llama-3.2-1B→Llama-3.1-8B,meta-llama/Llama-3.2-1B,mmlu,0,mmlu_384,0,knowledge_reasoning,observed_full
Llama-3.2-1B→Llama-3.1-8B,meta-llama/Llama-3.2-1B,mmlu,0,mmlu_385,0,knowledge_reasoning,observed_full
Llama-3.2-1B→Llama-3.1-8B,meta-llama/Llama-3.2-1B,mmlu,0,mmlu_386,0,knowledge_reasoning,observed_full
Llama-3.2-1B→Llama-3.1-8B,meta-llama/Llama-3.2-1B,mmlu,0,mmlu_387,0,knowledge_reasoning,observed_full
Llama-3.2-1B→Llama-3.1-8B,meta-llama/Llama-3.2-1B,mmlu,0,mmlu_388,0,knowledge_reasoning,observed_full
Llama-3.2-1B→Llama-3.1-8B,meta-llama/Llama-3.2-1B,mmlu,0,mmlu_389,0,knowledge_reasoning,observed_full
Llama-3.2-1B→Llama-3.1-8B,meta-llama/Llama-3.2-1B,mmlu,0,mmlu_390,0,knowledge_reasoning,observed_full
Llama-3.2-1B→Llama-3.1-8B,meta-llama/Llama-3.2-1B,mmlu,0,mmlu_391,0,knowledge_reasoning,observed_full
Llama-3.2-1B→Llama-3.1-8B,meta-llama/Llama-3.2-1B,mmlu,0,mmlu_392,0,knowledge_reasoning,observed_full
Llama-3.2-1B→Llama-3.1-8B,meta-llama/Llama-3.2-1B,mmlu,0,mmlu_393,1,knowledge_reasoning,observed_full
Llama-3.2-1B→Llama-3.1-8B,meta-llama/Llama-3.2-1B,mmlu,0,mmlu_394,0,knowledge_reasoning,observed_full
Llama-3.2-1B→Llama-3.1-8B,meta-llama/Llama-3.2-1B,mmlu,0,mmlu_395,0,knowledge_reasoning,observed_full
Llama-3.2-1B→Llama-3.1-8B,meta-llama/Llama-3.2-1B,mmlu,0,mmlu_396,0,knowledge_reasoning,observed_full
Llama-3.2-1B→Llama-3.1-8B,meta-llama/Llama-3.2-1B,mmlu,0,mmlu_397,1,knowledge_reasoning,observed_full
Llama-3.2-1B→Llama-3.1-8B,meta-llama/Llama-3.2-1B,mmlu,0,mmlu_398,0,knowledge_reasoning,observed_full
Llama-3.2-1B→Llama-3.1-8B,meta-llama/Llama-3.2-1B,mmlu,0,mmlu_399,0,knowledge_reasoning,observed_full
Llama-3.2-1B→Llama-3.1-8B,meta-llama/Llama-3.2-1B,mmlu,0,mmlu_400,0,knowledge_reasoning,observed_full
Llama-3.2-1B→Llama-3.1-8B,meta-llama/Llama-3.2-1B,mmlu,0,mmlu_401,1,knowledge_reasoning,observed_full
Llama-3.2-1B→Llama-3.1-8B,meta-llama/Llama-3.2-1B,mmlu,0,mmlu_402,0,knowledge_reasoning,observed_full
Llama-3.2-1B→Llama-3.1-8B,meta-llama/Llama-3.2-1B,mmlu,0,mmlu_403,0,knowledge_reasoning,observed_full
Llama-3.2-1B→Llama-3.1-8B,meta-llama/Llama-3.2-1B,mmlu,0,mmlu_404,0,knowledge_reasoning,observed_full
Llama-3.2-1B→Llama-3.1-8B,meta-llama/Llama-3.2-1B,mmlu,0,mmlu_405,1,knowledge_reasoning,observed_full
Llama-3.2-1B→Llama-3.1-8B,meta-llama/Llama-3.2-1B,mmlu,0,mmlu_406,0,knowledge_reasoning,observed_full
Llama-3.2-1B→Llama-3.1-8B,meta-llama/Llama-3.2-1B,mmlu,0,mmlu_407,0,knowledge_reasoning,observed_full
Llama-3.2-1B→Llama-3.1-8B,meta-llama/Llama-3.2-1B,mmlu,0,mmlu_408,0,knowledge_reasoning,observed_full
Llama-3.2-1B→Llama-3.1-8B,meta-llama/Llama-3.2-1B,mmlu,0,mmlu_409,1,knowledge_reasoning,observed_full
Llama-3.2-1B→Llama-3.1-8B,meta-llama/Llama-3.2-1B,mmlu,0,mmlu_410,0,knowledge_reasoning,observed_full
Llama-3.2-1B→Llama-3.1-8B,meta-llama/Llama-3.2-1B,mmlu,0,mmlu_411,0,knowledge_reasoning,observed_full
Llama-3.2-1B→Llama-3.1-8B,meta-llama/Llama-3.2-1B,mmlu,0,mmlu_412,0,knowledge_reasoning,observed_full
Llama-3.2-1B→Llama-3.1-8B,meta-llama/Llama-3.2-1B,mmlu,0,mmlu_413,0,knowledge_reasoning,observed_full
Llama-3.2-1B→Llama-3.1-8B,meta-llama/Llama-3.2-1B,mmlu,0,mmlu_414,0,knowledge_reasoning,observed_full
Llama-3.2-1B→Llama-3.1-8B,meta-llama/Llama-3.2-1B,mmlu,0,mmlu_415,0,knowledge_reasoning,observed_full
Llama-3.2-1B→Llama-3.1-8B,meta-llama/Llama-3.2-1B,mmlu,0,mmlu_416,1,knowledge_reasoning,observed_full
Llama-3.2-1B→Llama-3.1-8B,meta-llama/Llama-3.2-1B,mmlu,0,mmlu_417,0,knowledge_reasoning,observed_full
Llama-3.2-1B→Llama-3.1-8B,meta-llama/Llama-3.2-1B,mmlu,0,mmlu_418,0,knowledge_reasoning,observed_full
Llama-3.2-1B→Llama-3.1-8B,meta-llama/Llama-3.2-1B,mmlu,0,mmlu_419,0,knowledge_reasoning,observed_full
Llama-3.2-1B→Llama-3.1-8B,meta-llama/Llama-3.2-1B,mmlu,0,mmlu_420,0,knowledge_reasoning,observed_full
Llama-3.2-1B→Llama-3.1-8B,meta-llama/Llama-3.2-1B,mmlu,0,mmlu_421,0,knowledge_reasoning,observed_full
Llama-3.2-1B→Llama-3.1-8B,meta-llama/Llama-3.2-1B,mmlu,0,mmlu_422,1,knowledge_reasoning,observed_full
Llama-3.2-1B→Llama-3.1-8B,meta-llama/Llama-3.2-1B,mmlu,0,mmlu_423,1,knowledge_reasoning,observed_full
Llama-3.2-1B→Llama-3.1-8B,meta-llama/Llama-3.2-1B,mmlu,0,mmlu_424,0,knowledge_reasoning,observed_full
Llama-3.2-1B→Llama-3.1-8B,meta-llama/Llama-3.2-1B,mmlu,0,mmlu_425,0,knowledge_reasoning,observed_full
Llama-3.2-1B→Llama-3.1-8B,meta-llama/Llama-3.2-1B,mmlu,0,mmlu_426,1,knowledge_reasoning,observed_full
Llama-3.2-1B→Llama-3.1-8B,meta-llama/Llama-3.2-1B,mmlu,0,mmlu_427,0,knowledge_reasoning,observed_full
Llama-3.2-1B→Llama-3.1-8B,meta-llama/Llama-3.2-1B,mmlu,0,mmlu_428,1,knowledge_reasoning,observed_full
Llama-3.2-1B→Llama-3.1-8B,meta-llama/Llama-3.2-1B,mmlu,0,mmlu_429,0,knowledge_reasoning,observed_full
Llama-3.2-1B→Llama-3.1-8B,meta-llama/Llama-3.2-1B,mmlu,0,mmlu_430,1,knowledge_reasoning,observed_full
Llama-3.2-1B→Llama-3.1-8B,meta-llama/Llama-3.2-1B,mmlu,0,mmlu_431,1,knowledge_reasoning,observed_full
Llama-3.2-1B→Llama-3.1-8B,meta-llama/Llama-3.2-1B,mmlu,0,mmlu_432,0,knowledge_reasoning,observed_full
Llama-3.2-1B→Llama-3.1-8B,meta-llama/Llama-3.2-1B,mmlu,0,mmlu_433,0,knowledge_reasoning,observed_full
Llama-3.2-1B→Llama-3.1-8B,meta-llama/Llama-3.2-1B,mmlu,0,mmlu_434,0,knowledge_reasoning,observed_full
Llama-3.2-1B→Llama-3.1-8B,meta-llama/Llama-3.2-1B,mmlu,0,mmlu_435,0,knowledge_reasoning,observed_full
Llama-3.2-1B→Llama-3.1-8B,meta-llama/Llama-3.2-1B,mmlu,0,mmlu_436,0,knowledge_reasoning,observed_full
Llama-3.2-1B→Llama-3.1-8B,meta-llama/Llama-3.2-1B,mmlu,0,mmlu_437,0,knowledge_reasoning,observed_full
Llama-3.2-1B→Llama-3.1-8B,meta-llama/Llama-3.2-1B,mmlu,0,mmlu_438,0,knowledge_reasoning,observed_full
Llama-3.2-1B→Llama-3.1-8B,meta-llama/Llama-3.2-1B,mmlu,0,mmlu_439,0,knowledge_reasoning,observed_full
Llama-3.2-1B→Llama-3.1-8B,meta-llama/Llama-3.2-1B,mmlu,0,mmlu_440,1,knowledge_reasoning,observed_full
Llama-3.2-1B→Llama-3.1-8B,meta-llama/Llama-3.2-1B,mmlu,0,mmlu_441,0,knowledge_reasoning,observed_full
Llama-3.2-1B→Llama-3.1-8B,meta-llama/Llama-3.2-1B,mmlu,0,mmlu_442,0,knowledge_reasoning,observed_full
Llama-3.2-1B→Llama-3.1-8B,meta-llama/Llama-3.2-1B,mmlu,0,mmlu_443,0,knowledge_reasoning,observed_full
Llama-3.2-1B→Llama-3.1-8B,meta-llama/Llama-3.2-1B,mmlu,0,mmlu_444,0,knowledge_reasoning,observed_full
Llama-3.2-1B→Llama-3.1-8B,meta-llama/Llama-3.2-1B,mmlu,0,mmlu_445,0,knowledge_reasoning,observed_full
Llama-3.2-1B→Llama-3.1-8B,meta-llama/Llama-3.2-1B,mmlu,0,mmlu_446,0,knowledge_reasoning,observed_full
Llama-3.2-1B→Llama-3.1-8B,meta-llama/Llama-3.2-1B,mmlu,0,mmlu_447,0,knowledge_reasoning,observed_full
Llama-3.2-1B→Llama-3.1-8B,meta-llama/Llama-3.2-1B,mmlu,0,mmlu_448,1,knowledge_reasoning,observed_full
Llama-3.2-1B→Llama-3.1-8B,meta-llama/Llama-3.2-1B,mmlu,0,mmlu_449,1,knowledge_reasoning,observed_full
Llama-3.2-1B→Llama-3.1-8B,meta-llama/Llama-3.2-1B,mmlu,0,mmlu_450,0,knowledge_reasoning,observed_full
Llama-3.2-1B→Llama-3.1-8B,meta-llama/Llama-3.2-1B,mmlu,0,mmlu_451,0,knowledge_reasoning,observed_full
Llama-3.2-1B→Llama-3.1-8B,meta-llama/Llama-3.2-1B,mmlu,0,mmlu_452,0,knowledge_reasoning,observed_full
Llama-3.2-1B→Llama-3.1-8B,meta-llama/Llama-3.2-1B,mmlu,0,mmlu_453,1,knowledge_reasoning,observed_full
Llama-3.2-1B→Llama-3.1-8B,meta-llama/Llama-3.2-1B,mmlu,0,mmlu_454,0,knowledge_reasoning,observed_full
Llama-3.2-1B→Llama-3.1-8B,meta-llama/Llama-3.2-1B,mmlu,0,mmlu_455,1,knowledge_reasoning,observed_full
Llama-3.2-1B→Llama-3.1-8B,meta-llama/Llama-3.2-1B,mmlu,0,mmlu_456,0,knowledge_reasoning,observed_full
Llama-3.2-1B→Llama-3.1-8B,meta-llama/Llama-3.2-1B,mmlu,0,mmlu_457,0,knowledge_reasoning,observed_full
Llama-3.2-1B→Llama-3.1-8B,meta-llama/Llama-3.2-1B,mmlu,0,mmlu_458,0,knowledge_reasoning,observed_full
Llama-3.2-1B→Llama-3.1-8B,meta-llama/Llama-3.2-1B,mmlu,0,mmlu_459,1,knowledge_reasoning,observed_full
Llama-3.2-1B→Llama-3.1-8B,meta-llama/Llama-3.2-1B,mmlu,0,mmlu_460,0,knowledge_reasoning,observed_full
Llama-3.2-1B→Llama-3.1-8B,meta-llama/Llama-3.2-1B,mmlu,0,mmlu_461,0,knowledge_reasoning,observed_full
Llama-3.2-1B→Llama-3.1-8B,meta-llama/Llama-3.2-1B,mmlu,0,mmlu_462,1,knowledge_reasoning,observed_full
Llama-3.2-1B→Llama-3.1-8B,meta-llama/Llama-3.2-1B,mmlu,0,mmlu_463,0,knowledge_reasoning,observed_full
Llama-3.2-1B→Llama-3.1-8B,meta-llama/Llama-3.2-1B,mmlu,0,mmlu_464,1,knowledge_reasoning,observed_full
Llama-3.2-1B→Llama-3.1-8B,meta-llama/Llama-3.2-1B,mmlu,0,mmlu_465,0,knowledge_reasoning,observed_full
Llama-3.2-1B→Llama-3.1-8B,meta-llama/Llama-3.2-1B,mmlu,0,mmlu_466,1,knowledge_reasoning,observed_full
Llama-3.2-1B→Llama-3.1-8B,meta-llama/Llama-3.2-1B,mmlu,0,mmlu_467,0,knowledge_reasoning,observed_full
Llama-3.2-1B→Llama-3.1-8B,meta-llama/Llama-3.2-1B,mmlu,0,mmlu_468,0,knowledge_reasoning,observed_full
Llama-3.2-1B→Llama-3.1-8B,meta-llama/Llama-3.2-1B,mmlu,0,mmlu_469,0,knowledge_reasoning,observed_full
Llama-3.2-1B→Llama-3.1-8B,meta-llama/Llama-3.2-1B,mmlu,0,mmlu_470,0,knowledge_reasoning,observed_full
Llama-3.2-1B→Llama-3.1-8B,meta-llama/Llama-3.2-1B,mmlu,0,mmlu_471,0,knowledge_reasoning,observed_full
Llama-3.2-1B→Llama-3.1-8B,meta-llama/Llama-3.2-1B,mmlu,0,mmlu_472,1,knowledge_reasoning,observed_full
Llama-3.2-1B→Llama-3.1-8B,meta-llama/Llama-3.2-1B,mmlu,0,mmlu_473,0,knowledge_reasoning,observed_full
Llama-3.2-1B→Llama-3.1-8B,meta-llama/Llama-3.2-1B,mmlu,0,mmlu_474,0,knowledge_reasoning,observed_full
Llama-3.2-1B→Llama-3.1-8B,meta-llama/Llama-3.2-1B,mmlu,0,mmlu_475,1,knowledge_reasoning,observed_full
Llama-3.2-1B→Llama-3.1-8B,meta-llama/Llama-3.2-1B,mmlu,0,mmlu_476,0,knowledge_reasoning,observed_full
Llama-3.2-1B→Llama-3.1-8B,meta-llama/Llama-3.2-1B,mmlu,0,mmlu_477,0,knowledge_reasoning,observed_full
Llama-3.2-1B→Llama-3.1-8B,meta-llama/Llama-3.2-1B,mmlu,0,mmlu_478,0,knowledge_reasoning,observed_full
Llama-3.2-1B→Llama-3.1-8B,meta-llama/Llama-3.2-1B,mmlu,0,mmlu_479,0,knowledge_reasoning,observed_full
Llama-3.2-1B→Llama-3.1-8B,meta-llama/Llama-3.2-1B,mmlu,0,mmlu_480,0,knowledge_reasoning,observed_full
Llama-3.2-1B→Llama-3.1-8B,meta-llama/Llama-3.2-1B,mmlu,0,mmlu_481,1,knowledge_reasoning,observed_full
Llama-3.2-1B→Llama-3.1-8B,meta-llama/Llama-3.2-1B,mmlu,0,mmlu_482,0,knowledge_reasoning,observed_full
Llama-3.2-1B→Llama-3.1-8B,meta-llama/Llama-3.2-1B,mmlu,0,mmlu_483,1,knowledge_reasoning,observed_full
Llama-3.2-1B→Llama-3.1-8B,meta-llama/Llama-3.2-1B,mmlu,0,mmlu_484,1,knowledge_reasoning,observed_full
Llama-3.2-1B→Llama-3.1-8B,meta-llama/Llama-3.2-1B,mmlu,0,mmlu_485,0,knowledge_reasoning,observed_full
Llama-3.2-1B→Llama-3.1-8B,meta-llama/Llama-3.2-1B,mmlu,0,mmlu_486,0,knowledge_reasoning,observed_full
Llama-3.2-1B→Llama-3.1-8B,meta-llama/Llama-3.2-1B,mmlu,0,mmlu_487,0,knowledge_reasoning,observed_full
Llama-3.2-1B→Llama-3.1-8B,meta-llama/Llama-3.2-1B,mmlu,0,mmlu_488,1,knowledge_reasoning,observed_full
Llama-3.2-1B→Llama-3.1-8B,meta-llama/Llama-3.2-1B,mmlu,0,mmlu_489,0,knowledge_reasoning,observed_full
Llama-3.2-1B→Llama-3.1-8B,meta-llama/Llama-3.2-1B,mmlu,0,mmlu_490,1,knowledge_reasoning,observed_full
Llama-3.2-1B→Llama-3.1-8B,meta-llama/Llama-3.2-1B,mmlu,0,mmlu_491,0,knowledge_reasoning,observed_full
Llama-3.2-1B→Llama-3.1-8B,meta-llama/Llama-3.2-1B,mmlu,0,mmlu_492,0,knowledge_reasoning,observed_full
Llama-3.2-1B→Llama-3.1-8B,meta-llama/Llama-3.2-1B,mmlu,0,mmlu_493,0,knowledge_reasoning,observed_full
Llama-3.2-1B→Llama-3.1-8B,meta-llama/Llama-3.2-1B,mmlu,0,mmlu_494,0,knowledge_reasoning,observed_full
Llama-3.2-1B→Llama-3.1-8B,meta-llama/Llama-3.2-1B,mmlu,0,mmlu_495,0,knowledge_reasoning,observed_full
Llama-3.2-1B→Llama-3.1-8B,meta-llama/Llama-3.2-1B,mmlu,0,mmlu_496,0,knowledge_reasoning,observed_full
Llama-3.2-1B→Llama-3.1-8B,meta-llama/Llama-3.2-1B,mmlu,0,mmlu_497,0,knowledge_reasoning,observed_full
Llama-3.2-1B→Llama-3.1-8B,meta-llama/Llama-3.2-1B,mmlu,0,mmlu_498,1,knowledge_reasoning,observed_full
Llama-3.2-1B→Llama-3.1-8B,meta-llama/Llama-3.2-1B,mmlu,0,mmlu_499,0,knowledge_reasoning,observed_full
Llama-3.2-1B→Llama-3.1-8B,meta-llama/Llama-3.2-1B,hellaswag,0,hellaswag_0,1,commonsense_reasoning,observed_full
Llama-3.2-1B→Llama-3.1-8B,meta-llama/Llama-3.2-1B,hellaswag,0,hellaswag_1,1,commonsense_reasoning,observed_full
Llama-3.2-1B→Llama-3.1-8B,meta-llama/Llama-3.2-1B,hellaswag,0,hellaswag_2,1,commonsense_reasoning,observed_full
Llama-3.2-1B→Llama-3.1-8B,meta-llama/Llama-3.2-1B,hellaswag,0,hellaswag_3,0,commonsense_reasoning,observed_full
Llama-3.2-1B→Llama-3.1-8B,meta-llama/Llama-3.2-1B,hellaswag,0,hellaswag_4,1,commonsense_reasoning,observed_full
Llama-3.2-1B→Llama-3.1-8B,meta-llama/Llama-3.2-1B,hellaswag,0,hellaswag_5,1,commonsense_reasoning,observed_full
Llama-3.2-1B→Llama-3.1-8B,meta-llama/Llama-3.2-1B,hellaswag,0,hellaswag_6,0,commonsense_reasoning,observed_full
Llama-3.2-1B→Llama-3.1-8B,meta-llama/Llama-3.2-1B,hellaswag,0,hellaswag_7,0,commonsense_reasoning,observed_full
Llama-3.2-1B→Llama-3.1-8B,meta-llama/Llama-3.2-1B,hellaswag,0,hellaswag_8,0,commonsense_reasoning,observed_full
Llama-3.2-1B→Llama-3.1-8B,meta-llama/Llama-3.2-1B,hellaswag,0,hellaswag_9,1,commonsense_reasoning,observed_full
Llama-3.2-1B→Llama-3.1-8B,meta-llama/Llama-3.2-1B,hellaswag,0,hellaswag_10,1,commonsense_reasoning,observed_full
Llama-3.2-1B→Llama-3.1-8B,meta-llama/Llama-3.2-1B,hellaswag,0,hellaswag_11,0,commonsense_reasoning,observed_full
Llama-3.2-1B→Llama-3.1-8B,meta-llama/Llama-3.2-1B,hellaswag,0,hellaswag_12,0,commonsense_reasoning,observed_full
Llama-3.2-1B→Llama-3.1-8B,meta-llama/Llama-3.2-1B,hellaswag,0,hellaswag_13,0,commonsense_reasoning,observed_full
Llama-3.2-1B→Llama-3.1-8B,meta-llama/Llama-3.2-1B,hellaswag,0,hellaswag_14,0,commonsense_reasoning,observed_full
Llama-3.2-1B→Llama-3.1-8B,meta-llama/Llama-3.2-1B,hellaswag,0,hellaswag_15,1,commonsense_reasoning,observed_full
Llama-3.2-1B→Llama-3.1-8B,meta-llama/Llama-3.2-1B,hellaswag,0,hellaswag_16,0,commonsense_reasoning,observed_full
Llama-3.2-1B→Llama-3.1-8B,meta-llama/Llama-3.2-1B,hellaswag,0,hellaswag_17,0,commonsense_reasoning,observed_full
Llama-3.2-1B→Llama-3.1-8B,meta-llama/Llama-3.2-1B,hellaswag,0,hellaswag_18,0,commonsense_reasoning,observed_full
Llama-3.2-1B→Llama-3.1-8B,meta-llama/Llama-3.2-1B,hellaswag,0,hellaswag_19,1,commonsense_reasoning,observed_full
Llama-3.2-1B→Llama-3.1-8B,meta-llama/Llama-3.2-1B,hellaswag,0,hellaswag_20,1,commonsense_reasoning,observed_full
Llama-3.2-1B→Llama-3.1-8B,meta-llama/Llama-3.2-1B,hellaswag,0,hellaswag_21,1,commonsense_reasoning,observed_full
Llama-3.2-1B→Llama-3.1-8B,meta-llama/Llama-3.2-1B,hellaswag,0,hellaswag_22,0,commonsense_reasoning,observed_full
Llama-3.2-1B→Llama-3.1-8B,meta-llama/Llama-3.2-1B,hellaswag,0,hellaswag_23,0,commonsense_reasoning,observed_full
Llama-3.2-1B→Llama-3.1-8B,meta-llama/Llama-3.2-1B,hellaswag,0,hellaswag_24,0,commonsense_reasoning,observed_full
Llama-3.2-1B→Llama-3.1-8B,meta-llama/Llama-3.2-1B,hellaswag,0,hellaswag_25,0,commonsense_reasoning,observed_full
Llama-3.2-1B→Llama-3.1-8B,meta-llama/Llama-3.2-1B,hellaswag,0,hellaswag_26,1,commonsense_reasoning,observed_full
Llama-3.2-1B→Llama-3.1-8B,meta-llama/Llama-3.2-1B,hellaswag,0,hellaswag_27,0,commonsense_reasoning,observed_full
Llama-3.2-1B→Llama-3.1-8B,meta-llama/Llama-3.2-1B,hellaswag,0,hellaswag_28,1,commonsense_reasoning,observed_full
Llama-3.2-1B→Llama-3.1-8B,meta-llama/Llama-3.2-1B,hellaswag,0,hellaswag_29,1,commonsense_reasoning,observed_full
Llama-3.2-1B→Llama-3.1-8B,meta-llama/Llama-3.2-1B,hellaswag,0,hellaswag_30,1,commonsense_reasoning,observed_full
Llama-3.2-1B→Llama-3.1-8B,meta-llama/Llama-3.2-1B,hellaswag,0,hellaswag_31,0,commonsense_reasoning,observed_full
Llama-3.2-1B→Llama-3.1-8B,meta-llama/Llama-3.2-1B,hellaswag,0,hellaswag_32,0,commonsense_reasoning,observed_full
Llama-3.2-1B→Llama-3.1-8B,meta-llama/Llama-3.2-1B,hellaswag,0,hellaswag_33,0,commonsense_reasoning,observed_full
Llama-3.2-1B→Llama-3.1-8B,meta-llama/Llama-3.2-1B,hellaswag,0,hellaswag_34,0,commonsense_reasoning,observed_full
Llama-3.2-1B→Llama-3.1-8B,meta-llama/Llama-3.2-1B,hellaswag,0,hellaswag_35,0,commonsense_reasoning,observed_full
Llama-3.2-1B→Llama-3.1-8B,meta-llama/Llama-3.2-1B,hellaswag,0,hellaswag_36,0,commonsense_reasoning,observed_full
Llama-3.2-1B→Llama-3.1-8B,meta-llama/Llama-3.2-1B,hellaswag,0,hellaswag_37,0,commonsense_reasoning,observed_full
Llama-3.2-1B→Llama-3.1-8B,meta-llama/Llama-3.2-1B,hellaswag,0,hellaswag_38,0,commonsense_reasoning,observed_full
Llama-3.2-1B→Llama-3.1-8B,meta-llama/Llama-3.2-1B,hellaswag,0,hellaswag_39,0,commonsense_reasoning,observed_full
Llama-3.2-1B→Llama-3.1-8B,meta-llama/Llama-3.2-1B,hellaswag,0,hellaswag_40,1,commonsense_reasoning,observed_full
Llama-3.2-1B→Llama-3.1-8B,meta-llama/Llama-3.2-1B,hellaswag,0,hellaswag_41,1,commonsense_reasoning,observed_full
Llama-3.2-1B→Llama-3.1-8B,meta-llama/Llama-3.2-1B,hellaswag,0,hellaswag_42,0,commonsense_reasoning,observed_full
Llama-3.2-1B→Llama-3.1-8B,meta-llama/Llama-3.2-1B,hellaswag,0,hellaswag_43,1,commonsense_reasoning,observed_full
Llama-3.2-1B→Llama-3.1-8B,meta-llama/Llama-3.2-1B,hellaswag,0,hellaswag_44,0,commonsense_reasoning,observed_full
Llama-3.2-1B→Llama-3.1-8B,meta-llama/Llama-3.2-1B,hellaswag,0,hellaswag_45,0,commonsense_reasoning,observed_full
Llama-3.2-1B→Llama-3.1-8B,meta-llama/Llama-3.2-1B,hellaswag,0,hellaswag_46,0,commonsense_reasoning,observed_full
Llama-3.2-1B→Llama-3.1-8B,meta-llama/Llama-3.2-1B,hellaswag,0,hellaswag_47,1,commonsense_reasoning,observed_full
Llama-3.2-1B→Llama-3.1-8B,meta-llama/Llama-3.2-1B,hellaswag,0,hellaswag_48,0,commonsense_reasoning,observed_full
Llama-3.2-1B→Llama-3.1-8B,meta-llama/Llama-3.2-1B,hellaswag,0,hellaswag_49,1,commonsense_reasoning,observed_full
Llama-3.2-1B→Llama-3.1-8B,meta-llama/Llama-3.2-1B,hellaswag,0,hellaswag_50,0,commonsense_reasoning,observed_full
Llama-3.2-1B→Llama-3.1-8B,meta-llama/Llama-3.2-1B,hellaswag,0,hellaswag_51,1,commonsense_reasoning,observed_full
Llama-3.2-1B→Llama-3.1-8B,meta-llama/Llama-3.2-1B,hellaswag,0,hellaswag_52,0,commonsense_reasoning,observed_full
Llama-3.2-1B→Llama-3.1-8B,meta-llama/Llama-3.2-1B,hellaswag,0,hellaswag_53,1,commonsense_reasoning,observed_full
Llama-3.2-1B→Llama-3.1-8B,meta-llama/Llama-3.2-1B,hellaswag,0,hellaswag_54,0,commonsense_reasoning,observed_full
Llama-3.2-1B→Llama-3.1-8B,meta-llama/Llama-3.2-1B,hellaswag,0,hellaswag_55,1,commonsense_reasoning,observed_full
Llama-3.2-1B→Llama-3.1-8B,meta-llama/Llama-3.2-1B,hellaswag,0,hellaswag_56,0,commonsense_reasoning,observed_full
Llama-3.2-1B→Llama-3.1-8B,meta-llama/Llama-3.2-1B,hellaswag,0,hellaswag_57,0,commonsense_reasoning,observed_full
Llama-3.2-1B→Llama-3.1-8B,meta-llama/Llama-3.2-1B,hellaswag,0,hellaswag_58,0,commonsense_reasoning,observed_full
Llama-3.2-1B→Llama-3.1-8B,meta-llama/Llama-3.2-1B,hellaswag,0,hellaswag_59,1,commonsense_reasoning,observed_full
Llama-3.2-1B→Llama-3.1-8B,meta-llama/Llama-3.2-1B,hellaswag,0,hellaswag_60,1,commonsense_reasoning,observed_full
Llama-3.2-1B→Llama-3.1-8B,meta-llama/Llama-3.2-1B,hellaswag,0,hellaswag_61,0,commonsense_reasoning,observed_full
Llama-3.2-1B→Llama-3.1-8B,meta-llama/Llama-3.2-1B,hellaswag,0,hellaswag_62,1,commonsense_reasoning,observed_full
Llama-3.2-1B→Llama-3.1-8B,meta-llama/Llama-3.2-1B,hellaswag,0,hellaswag_63,0,commonsense_reasoning,observed_full
Llama-3.2-1B→Llama-3.1-8B,meta-llama/Llama-3.2-1B,hellaswag,0,hellaswag_64,1,commonsense_reasoning,observed_full
Llama-3.2-1B→Llama-3.1-8B,meta-llama/Llama-3.2-1B,hellaswag,0,hellaswag_65,0,commonsense_reasoning,observed_full
Llama-3.2-1B→Llama-3.1-8B,meta-llama/Llama-3.2-1B,hellaswag,0,hellaswag_66,0,commonsense_reasoning,observed_full
Llama-3.2-1B→Llama-3.1-8B,meta-llama/Llama-3.2-1B,hellaswag,0,hellaswag_67,0,commonsense_reasoning,observed_full
Llama-3.2-1B→Llama-3.1-8B,meta-llama/Llama-3.2-1B,hellaswag,0,hellaswag_68,0,commonsense_reasoning,observed_full
Llama-3.2-1B→Llama-3.1-8B,meta-llama/Llama-3.2-1B,hellaswag,0,hellaswag_69,0,commonsense_reasoning,observed_full
Llama-3.2-1B→Llama-3.1-8B,meta-llama/Llama-3.2-1B,hellaswag,0,hellaswag_70,0,commonsense_reasoning,observed_full
Llama-3.2-1B→Llama-3.1-8B,meta-llama/Llama-3.2-1B,hellaswag,0,hellaswag_71,0,commonsense_reasoning,observed_full
Llama-3.2-1B→Llama-3.1-8B,meta-llama/Llama-3.2-1B,hellaswag,0,hellaswag_72,1,commonsense_reasoning,observed_full
Llama-3.2-1B→Llama-3.1-8B,meta-llama/Llama-3.2-1B,hellaswag,0,hellaswag_73,0,commonsense_reasoning,observed_full
Llama-3.2-1B→Llama-3.1-8B,meta-llama/Llama-3.2-1B,hellaswag,0,hellaswag_74,0,commonsense_reasoning,observed_full
Llama-3.2-1B→Llama-3.1-8B,meta-llama/Llama-3.2-1B,hellaswag,0,hellaswag_75,1,commonsense_reasoning,observed_full
Llama-3.2-1B→Llama-3.1-8B,meta-llama/Llama-3.2-1B,hellaswag,0,hellaswag_76,0,commonsense_reasoning,observed_full
Llama-3.2-1B→Llama-3.1-8B,meta-llama/Llama-3.2-1B,hellaswag,0,hellaswag_77,1,commonsense_reasoning,observed_full
Llama-3.2-1B→Llama-3.1-8B,meta-llama/Llama-3.2-1B,hellaswag,0,hellaswag_78,0,commonsense_reasoning,observed_full
Llama-3.2-1B→Llama-3.1-8B,meta-llama/Llama-3.2-1B,hellaswag,0,hellaswag_79,0,commonsense_reasoning,observed_full
Llama-3.2-1B→Llama-3.1-8B,meta-llama/Llama-3.2-1B,hellaswag,0,hellaswag_80,1,commonsense_reasoning,observed_full
Llama-3.2-1B→Llama-3.1-8B,meta-llama/Llama-3.2-1B,hellaswag,0,hellaswag_81,0,commonsense_reasoning,observed_full
Llama-3.2-1B→Llama-3.1-8B,meta-llama/Llama-3.2-1B,hellaswag,0,hellaswag_82,0,commonsense_reasoning,observed_full
Llama-3.2-1B→Llama-3.1-8B,meta-llama/Llama-3.2-1B,hellaswag,0,hellaswag_83,0,commonsense_reasoning,observed_full
Llama-3.2-1B→Llama-3.1-8B,meta-llama/Llama-3.2-1B,hellaswag,0,hellaswag_84,1,commonsense_reasoning,observed_full
Llama-3.2-1B→Llama-3.1-8B,meta-llama/Llama-3.2-1B,hellaswag,0,hellaswag_85,0,commonsense_reasoning,observed_full
Llama-3.2-1B→Llama-3.1-8B,meta-llama/Llama-3.2-1B,hellaswag,0,hellaswag_86,0,commonsense_reasoning,observed_full
Llama-3.2-1B→Llama-3.1-8B,meta-llama/Llama-3.2-1B,hellaswag,0,hellaswag_87,0,commonsense_reasoning,observed_full
Llama-3.2-1B→Llama-3.1-8B,meta-llama/Llama-3.2-1B,hellaswag,0,hellaswag_88,0,commonsense_reasoning,observed_full
Llama-3.2-1B→Llama-3.1-8B,meta-llama/Llama-3.2-1B,hellaswag,0,hellaswag_89,1,commonsense_reasoning,observed_full
Llama-3.2-1B→Llama-3.1-8B,meta-llama/Llama-3.2-1B,hellaswag,0,hellaswag_90,0,commonsense_reasoning,observed_full
Llama-3.2-1B→Llama-3.1-8B,meta-llama/Llama-3.2-1B,hellaswag,0,hellaswag_91,0,commonsense_reasoning,observed_full
Llama-3.2-1B→Llama-3.1-8B,meta-llama/Llama-3.2-1B,hellaswag,0,hellaswag_92,0,commonsense_reasoning,observed_full
Llama-3.2-1B→Llama-3.1-8B,meta-llama/Llama-3.2-1B,hellaswag,0,hellaswag_93,0,commonsense_reasoning,observed_full
Llama-3.2-1B→Llama-3.1-8B,meta-llama/Llama-3.2-1B,hellaswag,0,hellaswag_94,0,commonsense_reasoning,observed_full
Llama-3.2-1B→Llama-3.1-8B,meta-llama/Llama-3.2-1B,hellaswag,0,hellaswag_95,1,commonsense_reasoning,observed_full
Llama-3.2-1B→Llama-3.1-8B,meta-llama/Llama-3.2-1B,hellaswag,0,hellaswag_96,0,commonsense_reasoning,observed_full
Llama-3.2-1B→Llama-3.1-8B,meta-llama/Llama-3.2-1B,hellaswag,0,hellaswag_97,0,commonsense_reasoning,observed_full
Llama-3.2-1B→Llama-3.1-8B,meta-llama/Llama-3.2-1B,hellaswag,0,hellaswag_98,0,commonsense_reasoning,observed_full
Llama-3.2-1B→Llama-3.1-8B,meta-llama/Llama-3.2-1B,hellaswag,0,hellaswag_99,0,commonsense_reasoning,observed_full
Llama-3.2-1B→Llama-3.1-8B,meta-llama/Llama-3.2-1B,hellaswag,0,hellaswag_100,0,commonsense_reasoning,observed_full
Llama-3.2-1B→Llama-3.1-8B,meta-llama/Llama-3.2-1B,hellaswag,0,hellaswag_101,1,commonsense_reasoning,observed_full
Llama-3.2-1B→Llama-3.1-8B,meta-llama/Llama-3.2-1B,hellaswag,0,hellaswag_102,1,commonsense_reasoning,observed_full
Llama-3.2-1B→Llama-3.1-8B,meta-llama/Llama-3.2-1B,hellaswag,0,hellaswag_103,0,commonsense_reasoning,observed_full
Llama-3.2-1B→Llama-3.1-8B,meta-llama/Llama-3.2-1B,hellaswag,0,hellaswag_104,0,commonsense_reasoning,observed_full
Llama-3.2-1B→Llama-3.1-8B,meta-llama/Llama-3.2-1B,hellaswag,0,hellaswag_105,1,commonsense_reasoning,observed_full
Llama-3.2-1B→Llama-3.1-8B,meta-llama/Llama-3.2-1B,hellaswag,0,hellaswag_106,1,commonsense_reasoning,observed_full
Llama-3.2-1B→Llama-3.1-8B,meta-llama/Llama-3.2-1B,hellaswag,0,hellaswag_107,0,commonsense_reasoning,observed_full
Llama-3.2-1B→Llama-3.1-8B,meta-llama/Llama-3.2-1B,hellaswag,0,hellaswag_108,0,commonsense_reasoning,observed_full
Llama-3.2-1B→Llama-3.1-8B,meta-llama/Llama-3.2-1B,hellaswag,0,hellaswag_109,0,commonsense_reasoning,observed_full
Llama-3.2-1B→Llama-3.1-8B,meta-llama/Llama-3.2-1B,hellaswag,0,hellaswag_110,1,commonsense_reasoning,observed_full
Llama-3.2-1B→Llama-3.1-8B,meta-llama/Llama-3.2-1B,hellaswag,0,hellaswag_111,1,commonsense_reasoning,observed_full
Llama-3.2-1B→Llama-3.1-8B,meta-llama/Llama-3.2-1B,hellaswag,0,hellaswag_112,1,commonsense_reasoning,observed_full
Llama-3.2-1B→Llama-3.1-8B,meta-llama/Llama-3.2-1B,hellaswag,0,hellaswag_113,0,commonsense_reasoning,observed_full
Llama-3.2-1B→Llama-3.1-8B,meta-llama/Llama-3.2-1B,hellaswag,0,hellaswag_114,0,commonsense_reasoning,observed_full
Llama-3.2-1B→Llama-3.1-8B,meta-llama/Llama-3.2-1B,hellaswag,0,hellaswag_115,0,commonsense_reasoning,observed_full
Llama-3.2-1B→Llama-3.1-8B,meta-llama/Llama-3.2-1B,hellaswag,0,hellaswag_116,0,commonsense_reasoning,observed_full
Llama-3.2-1B→Llama-3.1-8B,meta-llama/Llama-3.2-1B,hellaswag,0,hellaswag_117,0,commonsense_reasoning,observed_full
Llama-3.2-1B→Llama-3.1-8B,meta-llama/Llama-3.2-1B,hellaswag,0,hellaswag_118,1,commonsense_reasoning,observed_full
Llama-3.2-1B→Llama-3.1-8B,meta-llama/Llama-3.2-1B,hellaswag,0,hellaswag_119,1,commonsense_reasoning,observed_full
Llama-3.2-1B→Llama-3.1-8B,meta-llama/Llama-3.2-1B,hellaswag,0,hellaswag_120,0,commonsense_reasoning,observed_full
Llama-3.2-1B→Llama-3.1-8B,meta-llama/Llama-3.2-1B,hellaswag,0,hellaswag_121,0,commonsense_reasoning,observed_full
Llama-3.2-1B→Llama-3.1-8B,meta-llama/Llama-3.2-1B,hellaswag,0,hellaswag_122,0,commonsense_reasoning,observed_full
Llama-3.2-1B→Llama-3.1-8B,meta-llama/Llama-3.2-1B,hellaswag,0,hellaswag_123,1,commonsense_reasoning,observed_full
Llama-3.2-1B→Llama-3.1-8B,meta-llama/Llama-3.2-1B,hellaswag,0,hellaswag_124,0,commonsense_reasoning,observed_full
Llama-3.2-1B→Llama-3.1-8B,meta-llama/Llama-3.2-1B,hellaswag,0,hellaswag_125,1,commonsense_reasoning,observed_full
Llama-3.2-1B→Llama-3.1-8B,meta-llama/Llama-3.2-1B,hellaswag,0,hellaswag_126,1,commonsense_reasoning,observed_full
Llama-3.2-1B→Llama-3.1-8B,meta-llama/Llama-3.2-1B,hellaswag,0,hellaswag_127,1,commonsense_reasoning,observed_full
Llama-3.2-1B→Llama-3.1-8B,meta-llama/Llama-3.2-1B,hellaswag,0,hellaswag_128,0,commonsense_reasoning,observed_full
Llama-3.2-1B→Llama-3.1-8B,meta-llama/Llama-3.2-1B,hellaswag,0,hellaswag_129,0,commonsense_reasoning,observed_full
Llama-3.2-1B→Llama-3.1-8B,meta-llama/Llama-3.2-1B,hellaswag,0,hellaswag_130,0,commonsense_reasoning,observed_full
Llama-3.2-1B→Llama-3.1-8B,meta-llama/Llama-3.2-1B,hellaswag,0,hellaswag_131,0,commonsense_reasoning,observed_full
Llama-3.2-1B→Llama-3.1-8B,meta-llama/Llama-3.2-1B,hellaswag,0,hellaswag_132,0,commonsense_reasoning,observed_full
Llama-3.2-1B→Llama-3.1-8B,meta-llama/Llama-3.2-1B,hellaswag,0,hellaswag_133,0,commonsense_reasoning,observed_full
Llama-3.2-1B→Llama-3.1-8B,meta-llama/Llama-3.2-1B,hellaswag,0,hellaswag_134,0,commonsense_reasoning,observed_full
Llama-3.2-1B→Llama-3.1-8B,meta-llama/Llama-3.2-1B,hellaswag,0,hellaswag_135,0,commonsense_reasoning,observed_full
Llama-3.2-1B→Llama-3.1-8B,meta-llama/Llama-3.2-1B,hellaswag,0,hellaswag_136,0,commonsense_reasoning,observed_full
Llama-3.2-1B→Llama-3.1-8B,meta-llama/Llama-3.2-1B,hellaswag,0,hellaswag_137,0,commonsense_reasoning,observed_full
Llama-3.2-1B→Llama-3.1-8B,meta-llama/Llama-3.2-1B,hellaswag,0,hellaswag_138,0,commonsense_reasoning,observed_full
Llama-3.2-1B→Llama-3.1-8B,meta-llama/Llama-3.2-1B,hellaswag,0,hellaswag_139,0,commonsense_reasoning,observed_full
Llama-3.2-1B→Llama-3.1-8B,meta-llama/Llama-3.2-1B,hellaswag,0,hellaswag_140,0,commonsense_reasoning,observed_full
Llama-3.2-1B→Llama-3.1-8B,meta-llama/Llama-3.2-1B,hellaswag,0,hellaswag_141,1,commonsense_reasoning,observed_full
Llama-3.2-1B→Llama-3.1-8B,meta-llama/Llama-3.2-1B,hellaswag,0,hellaswag_142,1,commonsense_reasoning,observed_full
Llama-3.2-1B→Llama-3.1-8B,meta-llama/Llama-3.2-1B,hellaswag,0,hellaswag_143,1,commonsense_reasoning,observed_full
Llama-3.2-1B→Llama-3.1-8B,meta-llama/Llama-3.2-1B,hellaswag,0,hellaswag_144,0,commonsense_reasoning,observed_full
Llama-3.2-1B→Llama-3.1-8B,meta-llama/Llama-3.2-1B,hellaswag,0,hellaswag_145,1,commonsense_reasoning,observed_full
Llama-3.2-1B→Llama-3.1-8B,meta-llama/Llama-3.2-1B,hellaswag,0,hellaswag_146,0,commonsense_reasoning,observed_full
Llama-3.2-1B→Llama-3.1-8B,meta-llama/Llama-3.2-1B,hellaswag,0,hellaswag_147,0,commonsense_reasoning,observed_full
Llama-3.2-1B→Llama-3.1-8B,meta-llama/Llama-3.2-1B,hellaswag,0,hellaswag_148,0,commonsense_reasoning,observed_full
Llama-3.2-1B→Llama-3.1-8B,meta-llama/Llama-3.2-1B,hellaswag,0,hellaswag_149,0,commonsense_reasoning,observed_full
Llama-3.2-1B→Llama-3.1-8B,meta-llama/Llama-3.2-1B,hellaswag,0,hellaswag_150,1,commonsense_reasoning,observed_full
Llama-3.2-1B→Llama-3.1-8B,meta-llama/Llama-3.2-1B,hellaswag,0,hellaswag_151,0,commonsense_reasoning,observed_full
Llama-3.2-1B→Llama-3.1-8B,meta-llama/Llama-3.2-1B,hellaswag,0,hellaswag_152,0,commonsense_reasoning,observed_full
Llama-3.2-1B→Llama-3.1-8B,meta-llama/Llama-3.2-1B,hellaswag,0,hellaswag_153,1,commonsense_reasoning,observed_full
Llama-3.2-1B→Llama-3.1-8B,meta-llama/Llama-3.2-1B,hellaswag,0,hellaswag_154,0,commonsense_reasoning,observed_full
Llama-3.2-1B→Llama-3.1-8B,meta-llama/Llama-3.2-1B,hellaswag,0,hellaswag_155,0,commonsense_reasoning,observed_full
Llama-3.2-1B→Llama-3.1-8B,meta-llama/Llama-3.2-1B,hellaswag,0,hellaswag_156,0,commonsense_reasoning,observed_full
Llama-3.2-1B→Llama-3.1-8B,meta-llama/Llama-3.2-1B,hellaswag,0,hellaswag_157,1,commonsense_reasoning,observed_full
Llama-3.2-1B→Llama-3.1-8B,meta-llama/Llama-3.2-1B,hellaswag,0,hellaswag_158,1,commonsense_reasoning,observed_full
Llama-3.2-1B→Llama-3.1-8B,meta-llama/Llama-3.2-1B,hellaswag,0,hellaswag_159,0,commonsense_reasoning,observed_full
Llama-3.2-1B→Llama-3.1-8B,meta-llama/Llama-3.2-1B,hellaswag,0,hellaswag_160,0,commonsense_reasoning,observed_full
Llama-3.2-1B→Llama-3.1-8B,meta-llama/Llama-3.2-1B,hellaswag,0,hellaswag_161,0,commonsense_reasoning,observed_full
Llama-3.2-1B→Llama-3.1-8B,meta-llama/Llama-3.2-1B,hellaswag,0,hellaswag_162,0,commonsense_reasoning,observed_full
Llama-3.2-1B→Llama-3.1-8B,meta-llama/Llama-3.2-1B,hellaswag,0,hellaswag_163,0,commonsense_reasoning,observed_full
Llama-3.2-1B→Llama-3.1-8B,meta-llama/Llama-3.2-1B,hellaswag,0,hellaswag_164,1,commonsense_reasoning,observed_full
Llama-3.2-1B→Llama-3.1-8B,meta-llama/Llama-3.2-1B,hellaswag,0,hellaswag_165,1,commonsense_reasoning,observed_full
Llama-3.2-1B→Llama-3.1-8B,meta-llama/Llama-3.2-1B,hellaswag,0,hellaswag_166,1,commonsense_reasoning,observed_full
Llama-3.2-1B→Llama-3.1-8B,meta-llama/Llama-3.2-1B,hellaswag,0,hellaswag_167,1,commonsense_reasoning,observed_full
Llama-3.2-1B→Llama-3.1-8B,meta-llama/Llama-3.2-1B,hellaswag,0,hellaswag_168,0,commonsense_reasoning,observed_full
Llama-3.2-1B→Llama-3.1-8B,meta-llama/Llama-3.2-1B,hellaswag,0,hellaswag_169,0,commonsense_reasoning,observed_full
Llama-3.2-1B→Llama-3.1-8B,meta-llama/Llama-3.2-1B,hellaswag,0,hellaswag_170,0,commonsense_reasoning,observed_full
Llama-3.2-1B→Llama-3.1-8B,meta-llama/Llama-3.2-1B,hellaswag,0,hellaswag_171,0,commonsense_reasoning,observed_full
Llama-3.2-1B→Llama-3.1-8B,meta-llama/Llama-3.2-1B,hellaswag,0,hellaswag_172,0,commonsense_reasoning,observed_full
Llama-3.2-1B→Llama-3.1-8B,meta-llama/Llama-3.2-1B,hellaswag,0,hellaswag_173,0,commonsense_reasoning,observed_full
Llama-3.2-1B→Llama-3.1-8B,meta-llama/Llama-3.2-1B,hellaswag,0,hellaswag_174,0,commonsense_reasoning,observed_full
Llama-3.2-1B→Llama-3.1-8B,meta-llama/Llama-3.2-1B,hellaswag,0,hellaswag_175,0,commonsense_reasoning,observed_full
Llama-3.2-1B→Llama-3.1-8B,meta-llama/Llama-3.2-1B,hellaswag,0,hellaswag_176,0,commonsense_reasoning,observed_full
Llama-3.2-1B→Llama-3.1-8B,meta-llama/Llama-3.2-1B,hellaswag,0,hellaswag_177,0,commonsense_reasoning,observed_full
Llama-3.2-1B→Llama-3.1-8B,meta-llama/Llama-3.2-1B,hellaswag,0,hellaswag_178,0,commonsense_reasoning,observed_full
Llama-3.2-1B→Llama-3.1-8B,meta-llama/Llama-3.2-1B,hellaswag,0,hellaswag_179,0,commonsense_reasoning,observed_full
Llama-3.2-1B→Llama-3.1-8B,meta-llama/Llama-3.2-1B,hellaswag,0,hellaswag_180,0,commonsense_reasoning,observed_full
Llama-3.2-1B→Llama-3.1-8B,meta-llama/Llama-3.2-1B,hellaswag,0,hellaswag_181,0,commonsense_reasoning,observed_full
Llama-3.2-1B→Llama-3.1-8B,meta-llama/Llama-3.2-1B,hellaswag,0,hellaswag_182,0,commonsense_reasoning,observed_full
Llama-3.2-1B→Llama-3.1-8B,meta-llama/Llama-3.2-1B,hellaswag,0,hellaswag_183,1,commonsense_reasoning,observed_full
Llama-3.2-1B→Llama-3.1-8B,meta-llama/Llama-3.2-1B,hellaswag,0,hellaswag_184,0,commonsense_reasoning,observed_full
Llama-3.2-1B→Llama-3.1-8B,meta-llama/Llama-3.2-1B,hellaswag,0,hellaswag_185,0,commonsense_reasoning,observed_full
Llama-3.2-1B→Llama-3.1-8B,meta-llama/Llama-3.2-1B,hellaswag,0,hellaswag_186,0,commonsense_reasoning,observed_full
Llama-3.2-1B→Llama-3.1-8B,meta-llama/Llama-3.2-1B,hellaswag,0,hellaswag_187,0,commonsense_reasoning,observed_full
Llama-3.2-1B→Llama-3.1-8B,meta-llama/Llama-3.2-1B,hellaswag,0,hellaswag_188,0,commonsense_reasoning,observed_full
Llama-3.2-1B→Llama-3.1-8B,meta-llama/Llama-3.2-1B,hellaswag,0,hellaswag_189,1,commonsense_reasoning,observed_full
Llama-3.2-1B→Llama-3.1-8B,meta-llama/Llama-3.2-1B,hellaswag,0,hellaswag_190,1,commonsense_reasoning,observed_full
Llama-3.2-1B→Llama-3.1-8B,meta-llama/Llama-3.2-1B,hellaswag,0,hellaswag_191,0,commonsense_reasoning,observed_full
Llama-3.2-1B→Llama-3.1-8B,meta-llama/Llama-3.2-1B,hellaswag,0,hellaswag_192,0,commonsense_reasoning,observed_full
Llama-3.2-1B→Llama-3.1-8B,meta-llama/Llama-3.2-1B,hellaswag,0,hellaswag_193,0,commonsense_reasoning,observed_full
Llama-3.2-1B→Llama-3.1-8B,meta-llama/Llama-3.2-1B,hellaswag,0,hellaswag_194,0,commonsense_reasoning,observed_full
Llama-3.2-1B→Llama-3.1-8B,meta-llama/Llama-3.2-1B,hellaswag,0,hellaswag_195,0,commonsense_reasoning,observed_full
Llama-3.2-1B→Llama-3.1-8B,meta-llama/Llama-3.2-1B,hellaswag,0,hellaswag_196,1,commonsense_reasoning,observed_full
Llama-3.2-1B→Llama-3.1-8B,meta-llama/Llama-3.2-1B,hellaswag,0,hellaswag_197,0,commonsense_reasoning,observed_full
Llama-3.2-1B→Llama-3.1-8B,meta-llama/Llama-3.2-1B,hellaswag,0,hellaswag_198,0,commonsense_reasoning,observed_full
Llama-3.2-1B→Llama-3.1-8B,meta-llama/Llama-3.2-1B,hellaswag,0,hellaswag_199,0,commonsense_reasoning,observed_full
Llama-3.2-1B→Llama-3.1-8B,meta-llama/Llama-3.2-1B,hellaswag,0,hellaswag_200,1,commonsense_reasoning,observed_full
Llama-3.2-1B→Llama-3.1-8B,meta-llama/Llama-3.2-1B,hellaswag,0,hellaswag_201,0,commonsense_reasoning,observed_full
Llama-3.2-1B→Llama-3.1-8B,meta-llama/Llama-3.2-1B,hellaswag,0,hellaswag_202,0,commonsense_reasoning,observed_full
Llama-3.2-1B→Llama-3.1-8B,meta-llama/Llama-3.2-1B,hellaswag,0,hellaswag_203,0,commonsense_reasoning,observed_full
Llama-3.2-1B→Llama-3.1-8B,meta-llama/Llama-3.2-1B,hellaswag,0,hellaswag_204,0,commonsense_reasoning,observed_full
Llama-3.2-1B→Llama-3.1-8B,meta-llama/Llama-3.2-1B,hellaswag,0,hellaswag_205,0,commonsense_reasoning,observed_full
Llama-3.2-1B→Llama-3.1-8B,meta-llama/Llama-3.2-1B,hellaswag,0,hellaswag_206,0,commonsense_reasoning,observed_full
Llama-3.2-1B→Llama-3.1-8B,meta-llama/Llama-3.2-1B,hellaswag,0,hellaswag_207,0,commonsense_reasoning,observed_full
Llama-3.2-1B→Llama-3.1-8B,meta-llama/Llama-3.2-1B,hellaswag,0,hellaswag_208,1,commonsense_reasoning,observed_full
Llama-3.2-1B→Llama-3.1-8B,meta-llama/Llama-3.2-1B,hellaswag,0,hellaswag_209,0,commonsense_reasoning,observed_full
Llama-3.2-1B→Llama-3.1-8B,meta-llama/Llama-3.2-1B,hellaswag,0,hellaswag_210,0,commonsense_reasoning,observed_full
Llama-3.2-1B→Llama-3.1-8B,meta-llama/Llama-3.2-1B,hellaswag,0,hellaswag_211,0,commonsense_reasoning,observed_full
Llama-3.2-1B→Llama-3.1-8B,meta-llama/Llama-3.2-1B,hellaswag,0,hellaswag_212,1,commonsense_reasoning,observed_full
Llama-3.2-1B→Llama-3.1-8B,meta-llama/Llama-3.2-1B,hellaswag,0,hellaswag_213,1,commonsense_reasoning,observed_full
Llama-3.2-1B→Llama-3.1-8B,meta-llama/Llama-3.2-1B,hellaswag,0,hellaswag_214,0,commonsense_reasoning,observed_full
Llama-3.2-1B→Llama-3.1-8B,meta-llama/Llama-3.2-1B,hellaswag,0,hellaswag_215,1,commonsense_reasoning,observed_full
Llama-3.2-1B→Llama-3.1-8B,meta-llama/Llama-3.2-1B,hellaswag,0,hellaswag_216,0,commonsense_reasoning,observed_full
Llama-3.2-1B→Llama-3.1-8B,meta-llama/Llama-3.2-1B,hellaswag,0,hellaswag_217,1,commonsense_reasoning,observed_full
Llama-3.2-1B→Llama-3.1-8B,meta-llama/Llama-3.2-1B,hellaswag,0,hellaswag_218,0,commonsense_reasoning,observed_full
Llama-3.2-1B→Llama-3.1-8B,meta-llama/Llama-3.2-1B,hellaswag,0,hellaswag_219,1,commonsense_reasoning,observed_full
Llama-3.2-1B→Llama-3.1-8B,meta-llama/Llama-3.2-1B,hellaswag,0,hellaswag_220,0,commonsense_reasoning,observed_full
Llama-3.2-1B→Llama-3.1-8B,meta-llama/Llama-3.2-1B,hellaswag,0,hellaswag_221,0,commonsense_reasoning,observed_full
Llama-3.2-1B→Llama-3.1-8B,meta-llama/Llama-3.2-1B,hellaswag,0,hellaswag_222,0,commonsense_reasoning,observed_full
Llama-3.2-1B→Llama-3.1-8B,meta-llama/Llama-3.2-1B,hellaswag,0,hellaswag_223,0,commonsense_reasoning,observed_full
Llama-3.2-1B→Llama-3.1-8B,meta-llama/Llama-3.2-1B,hellaswag,0,hellaswag_224,1,commonsense_reasoning,observed_full
Llama-3.2-1B→Llama-3.1-8B,meta-llama/Llama-3.2-1B,hellaswag,0,hellaswag_225,0,commonsense_reasoning,observed_full
Llama-3.2-1B→Llama-3.1-8B,meta-llama/Llama-3.2-1B,hellaswag,0,hellaswag_226,1,commonsense_reasoning,observed_full
Llama-3.2-1B→Llama-3.1-8B,meta-llama/Llama-3.2-1B,hellaswag,0,hellaswag_227,0,commonsense_reasoning,observed_full
Llama-3.2-1B→Llama-3.1-8B,meta-llama/Llama-3.2-1B,hellaswag,0,hellaswag_228,0,commonsense_reasoning,observed_full
Llama-3.2-1B→Llama-3.1-8B,meta-llama/Llama-3.2-1B,hellaswag,0,hellaswag_229,0,commonsense_reasoning,observed_full
Llama-3.2-1B→Llama-3.1-8B,meta-llama/Llama-3.2-1B,hellaswag,0,hellaswag_230,1,commonsense_reasoning,observed_full
Llama-3.2-1B→Llama-3.1-8B,meta-llama/Llama-3.2-1B,hellaswag,0,hellaswag_231,0,commonsense_reasoning,observed_full
Llama-3.2-1B→Llama-3.1-8B,meta-llama/Llama-3.2-1B,hellaswag,0,hellaswag_232,0,commonsense_reasoning,observed_full
Llama-3.2-1B→Llama-3.1-8B,meta-llama/Llama-3.2-1B,hellaswag,0,hellaswag_233,0,commonsense_reasoning,observed_full
Llama-3.2-1B→Llama-3.1-8B,meta-llama/Llama-3.2-1B,hellaswag,0,hellaswag_234,1,commonsense_reasoning,observed_full
Llama-3.2-1B→Llama-3.1-8B,meta-llama/Llama-3.2-1B,hellaswag,0,hellaswag_235,0,commonsense_reasoning,observed_full
Llama-3.2-1B→Llama-3.1-8B,meta-llama/Llama-3.2-1B,hellaswag,0,hellaswag_236,1,commonsense_reasoning,observed_full
Llama-3.2-1B→Llama-3.1-8B,meta-llama/Llama-3.2-1B,hellaswag,0,hellaswag_237,0,commonsense_reasoning,observed_full
Llama-3.2-1B→Llama-3.1-8B,meta-llama/Llama-3.2-1B,hellaswag,0,hellaswag_238,1,commonsense_reasoning,observed_full
Llama-3.2-1B→Llama-3.1-8B,meta-llama/Llama-3.2-1B,hellaswag,0,hellaswag_239,0,commonsense_reasoning,observed_full
Llama-3.2-1B→Llama-3.1-8B,meta-llama/Llama-3.2-1B,hellaswag,0,hellaswag_240,0,commonsense_reasoning,observed_full
Llama-3.2-1B→Llama-3.1-8B,meta-llama/Llama-3.2-1B,hellaswag,0,hellaswag_241,1,commonsense_reasoning,observed_full
Llama-3.2-1B→Llama-3.1-8B,meta-llama/Llama-3.2-1B,hellaswag,0,hellaswag_242,1,commonsense_reasoning,observed_full
Llama-3.2-1B→Llama-3.1-8B,meta-llama/Llama-3.2-1B,hellaswag,0,hellaswag_243,0,commonsense_reasoning,observed_full
Llama-3.2-1B→Llama-3.1-8B,meta-llama/Llama-3.2-1B,hellaswag,0,hellaswag_244,0,commonsense_reasoning,observed_full
Llama-3.2-1B→Llama-3.1-8B,meta-llama/Llama-3.2-1B,hellaswag,0,hellaswag_245,1,commonsense_reasoning,observed_full
Llama-3.2-1B→Llama-3.1-8B,meta-llama/Llama-3.2-1B,hellaswag,0,hellaswag_246,0,commonsense_reasoning,observed_full
Llama-3.2-1B→Llama-3.1-8B,meta-llama/Llama-3.2-1B,hellaswag,0,hellaswag_247,1,commonsense_reasoning,observed_full
Llama-3.2-1B→Llama-3.1-8B,meta-llama/Llama-3.2-1B,hellaswag,0,hellaswag_248,0,commonsense_reasoning,observed_full
Llama-3.2-1B→Llama-3.1-8B,meta-llama/Llama-3.2-1B,hellaswag,0,hellaswag_249,1,commonsense_reasoning,observed_full
Llama-3.2-1B→Llama-3.1-8B,meta-llama/Llama-3.2-1B,hellaswag,0,hellaswag_250,1,commonsense_reasoning,observed_full
Llama-3.2-1B→Llama-3.1-8B,meta-llama/Llama-3.2-1B,hellaswag,0,hellaswag_251,0,commonsense_reasoning,observed_full
Llama-3.2-1B→Llama-3.1-8B,meta-llama/Llama-3.2-1B,hellaswag,0,hellaswag_252,1,commonsense_reasoning,observed_full
Llama-3.2-1B→Llama-3.1-8B,meta-llama/Llama-3.2-1B,hellaswag,0,hellaswag_253,0,commonsense_reasoning,observed_full
Llama-3.2-1B→Llama-3.1-8B,meta-llama/Llama-3.2-1B,hellaswag,0,hellaswag_254,0,commonsense_reasoning,observed_full
Llama-3.2-1B→Llama-3.1-8B,meta-llama/Llama-3.2-1B,hellaswag,0,hellaswag_255,0,commonsense_reasoning,observed_full
Llama-3.2-1B→Llama-3.1-8B,meta-llama/Llama-3.2-1B,hellaswag,0,hellaswag_256,0,commonsense_reasoning,observed_full
Llama-3.2-1B→Llama-3.1-8B,meta-llama/Llama-3.2-1B,hellaswag,0,hellaswag_257,1,commonsense_reasoning,observed_full
Llama-3.2-1B→Llama-3.1-8B,meta-llama/Llama-3.2-1B,hellaswag,0,hellaswag_258,0,commonsense_reasoning,observed_full
Llama-3.2-1B→Llama-3.1-8B,meta-llama/Llama-3.2-1B,hellaswag,0,hellaswag_259,0,commonsense_reasoning,observed_full
Llama-3.2-1B→Llama-3.1-8B,meta-llama/Llama-3.2-1B,hellaswag,0,hellaswag_260,0,commonsense_reasoning,observed_full
Llama-3.2-1B→Llama-3.1-8B,meta-llama/Llama-3.2-1B,hellaswag,0,hellaswag_261,1,commonsense_reasoning,observed_full
Llama-3.2-1B→Llama-3.1-8B,meta-llama/Llama-3.2-1B,hellaswag,0,hellaswag_262,0,commonsense_reasoning,observed_full
Llama-3.2-1B→Llama-3.1-8B,meta-llama/Llama-3.2-1B,hellaswag,0,hellaswag_263,0,commonsense_reasoning,observed_full
Llama-3.2-1B→Llama-3.1-8B,meta-llama/Llama-3.2-1B,hellaswag,0,hellaswag_264,0,commonsense_reasoning,observed_full
Llama-3.2-1B→Llama-3.1-8B,meta-llama/Llama-3.2-1B,hellaswag,0,hellaswag_265,1,commonsense_reasoning,observed_full
Llama-3.2-1B→Llama-3.1-8B,meta-llama/Llama-3.2-1B,hellaswag,0,hellaswag_266,0,commonsense_reasoning,observed_full
Llama-3.2-1B→Llama-3.1-8B,meta-llama/Llama-3.2-1B,hellaswag,0,hellaswag_267,0,commonsense_reasoning,observed_full
Llama-3.2-1B→Llama-3.1-8B,meta-llama/Llama-3.2-1B,hellaswag,0,hellaswag_268,0,commonsense_reasoning,observed_full
Llama-3.2-1B→Llama-3.1-8B,meta-llama/Llama-3.2-1B,hellaswag,0,hellaswag_269,0,commonsense_reasoning,observed_full
Llama-3.2-1B→Llama-3.1-8B,meta-llama/Llama-3.2-1B,hellaswag,0,hellaswag_270,0,commonsense_reasoning,observed_full
Llama-3.2-1B→Llama-3.1-8B,meta-llama/Llama-3.2-1B,hellaswag,0,hellaswag_271,1,commonsense_reasoning,observed_full
Llama-3.2-1B→Llama-3.1-8B,meta-llama/Llama-3.2-1B,hellaswag,0,hellaswag_272,1,commonsense_reasoning,observed_full
Llama-3.2-1B→Llama-3.1-8B,meta-llama/Llama-3.2-1B,hellaswag,0,hellaswag_273,1,commonsense_reasoning,observed_full
Llama-3.2-1B→Llama-3.1-8B,meta-llama/Llama-3.2-1B,hellaswag,0,hellaswag_274,0,commonsense_reasoning,observed_full
Llama-3.2-1B→Llama-3.1-8B,meta-llama/Llama-3.2-1B,hellaswag,0,hellaswag_275,1,commonsense_reasoning,observed_full
Llama-3.2-1B→Llama-3.1-8B,meta-llama/Llama-3.2-1B,hellaswag,0,hellaswag_276,0,commonsense_reasoning,observed_full
Llama-3.2-1B→Llama-3.1-8B,meta-llama/Llama-3.2-1B,hellaswag,0,hellaswag_277,0,commonsense_reasoning,observed_full
Llama-3.2-1B→Llama-3.1-8B,meta-llama/Llama-3.2-1B,hellaswag,0,hellaswag_278,1,commonsense_reasoning,observed_full
Llama-3.2-1B→Llama-3.1-8B,meta-llama/Llama-3.2-1B,hellaswag,0,hellaswag_279,1,commonsense_reasoning,observed_full
Llama-3.2-1B→Llama-3.1-8B,meta-llama/Llama-3.2-1B,hellaswag,0,hellaswag_280,0,commonsense_reasoning,observed_full
Llama-3.2-1B→Llama-3.1-8B,meta-llama/Llama-3.2-1B,hellaswag,0,hellaswag_281,0,commonsense_reasoning,observed_full
Llama-3.2-1B→Llama-3.1-8B,meta-llama/Llama-3.2-1B,hellaswag,0,hellaswag_282,0,commonsense_reasoning,observed_full
Llama-3.2-1B→Llama-3.1-8B,meta-llama/Llama-3.2-1B,hellaswag,0,hellaswag_283,0,commonsense_reasoning,observed_full
Llama-3.2-1B→Llama-3.1-8B,meta-llama/Llama-3.2-1B,hellaswag,0,hellaswag_284,1,commonsense_reasoning,observed_full
Llama-3.2-1B→Llama-3.1-8B,meta-llama/Llama-3.2-1B,hellaswag,0,hellaswag_285,0,commonsense_reasoning,observed_full
Llama-3.2-1B→Llama-3.1-8B,meta-llama/Llama-3.2-1B,hellaswag,0,hellaswag_286,0,commonsense_reasoning,observed_full
Llama-3.2-1B→Llama-3.1-8B,meta-llama/Llama-3.2-1B,hellaswag,0,hellaswag_287,0,commonsense_reasoning,observed_full
Llama-3.2-1B→Llama-3.1-8B,meta-llama/Llama-3.2-1B,hellaswag,0,hellaswag_288,1,commonsense_reasoning,observed_full
Llama-3.2-1B→Llama-3.1-8B,meta-llama/Llama-3.2-1B,hellaswag,0,hellaswag_289,0,commonsense_reasoning,observed_full
Llama-3.2-1B→Llama-3.1-8B,meta-llama/Llama-3.2-1B,hellaswag,0,hellaswag_290,0,commonsense_reasoning,observed_full
Llama-3.2-1B→Llama-3.1-8B,meta-llama/Llama-3.2-1B,hellaswag,0,hellaswag_291,1,commonsense_reasoning,observed_full
Llama-3.2-1B→Llama-3.1-8B,meta-llama/Llama-3.2-1B,hellaswag,0,hellaswag_292,1,commonsense_reasoning,observed_full
Llama-3.2-1B→Llama-3.1-8B,meta-llama/Llama-3.2-1B,hellaswag,0,hellaswag_293,0,commonsense_reasoning,observed_full
Llama-3.2-1B→Llama-3.1-8B,meta-llama/Llama-3.2-1B,hellaswag,0,hellaswag_294,0,commonsense_reasoning,observed_full
Llama-3.2-1B→Llama-3.1-8B,meta-llama/Llama-3.2-1B,hellaswag,0,hellaswag_295,1,commonsense_reasoning,observed_full
Llama-3.2-1B→Llama-3.1-8B,meta-llama/Llama-3.2-1B,hellaswag,0,hellaswag_296,1,commonsense_reasoning,observed_full
Llama-3.2-1B→Llama-3.1-8B,meta-llama/Llama-3.2-1B,hellaswag,0,hellaswag_297,0,commonsense_reasoning,observed_full
Llama-3.2-1B→Llama-3.1-8B,meta-llama/Llama-3.2-1B,hellaswag,0,hellaswag_298,0,commonsense_reasoning,observed_full
Llama-3.2-1B→Llama-3.1-8B,meta-llama/Llama-3.2-1B,hellaswag,0,hellaswag_299,1,commonsense_reasoning,observed_full
Llama-3.2-1B→Llama-3.1-8B,meta-llama/Llama-3.2-1B,hellaswag,0,hellaswag_300,0,commonsense_reasoning,observed_full
Llama-3.2-1B→Llama-3.1-8B,meta-llama/Llama-3.2-1B,hellaswag,0,hellaswag_301,1,commonsense_reasoning,observed_full
Llama-3.2-1B→Llama-3.1-8B,meta-llama/Llama-3.2-1B,hellaswag,0,hellaswag_302,0,commonsense_reasoning,observed_full
Llama-3.2-1B→Llama-3.1-8B,meta-llama/Llama-3.2-1B,hellaswag,0,hellaswag_303,0,commonsense_reasoning,observed_full
Llama-3.2-1B→Llama-3.1-8B,meta-llama/Llama-3.2-1B,hellaswag,0,hellaswag_304,0,commonsense_reasoning,observed_full
Llama-3.2-1B→Llama-3.1-8B,meta-llama/Llama-3.2-1B,hellaswag,0,hellaswag_305,0,commonsense_reasoning,observed_full
Llama-3.2-1B→Llama-3.1-8B,meta-llama/Llama-3.2-1B,hellaswag,0,hellaswag_306,0,commonsense_reasoning,observed_full
Llama-3.2-1B→Llama-3.1-8B,meta-llama/Llama-3.2-1B,hellaswag,0,hellaswag_307,0,commonsense_reasoning,observed_full
Llama-3.2-1B→Llama-3.1-8B,meta-llama/Llama-3.2-1B,hellaswag,0,hellaswag_308,0,commonsense_reasoning,observed_full
Llama-3.2-1B→Llama-3.1-8B,meta-llama/Llama-3.2-1B,hellaswag,0,hellaswag_309,1,commonsense_reasoning,observed_full
Llama-3.2-1B→Llama-3.1-8B,meta-llama/Llama-3.2-1B,hellaswag,0,hellaswag_310,0,commonsense_reasoning,observed_full
Llama-3.2-1B→Llama-3.1-8B,meta-llama/Llama-3.2-1B,hellaswag,0,hellaswag_311,0,commonsense_reasoning,observed_full
Llama-3.2-1B→Llama-3.1-8B,meta-llama/Llama-3.2-1B,hellaswag,0,hellaswag_312,0,commonsense_reasoning,observed_full
Llama-3.2-1B→Llama-3.1-8B,meta-llama/Llama-3.2-1B,hellaswag,0,hellaswag_313,0,commonsense_reasoning,observed_full
Llama-3.2-1B→Llama-3.1-8B,meta-llama/Llama-3.2-1B,hellaswag,0,hellaswag_314,1,commonsense_reasoning,observed_full
Llama-3.2-1B→Llama-3.1-8B,meta-llama/Llama-3.2-1B,hellaswag,0,hellaswag_315,1,commonsense_reasoning,observed_full
Llama-3.2-1B→Llama-3.1-8B,meta-llama/Llama-3.2-1B,hellaswag,0,hellaswag_316,0,commonsense_reasoning,observed_full
Llama-3.2-1B→Llama-3.1-8B,meta-llama/Llama-3.2-1B,hellaswag,0,hellaswag_317,0,commonsense_reasoning,observed_full
Llama-3.2-1B→Llama-3.1-8B,meta-llama/Llama-3.2-1B,hellaswag,0,hellaswag_318,1,commonsense_reasoning,observed_full
Llama-3.2-1B→Llama-3.1-8B,meta-llama/Llama-3.2-1B,hellaswag,0,hellaswag_319,0,commonsense_reasoning,observed_full
Llama-3.2-1B→Llama-3.1-8B,meta-llama/Llama-3.2-1B,hellaswag,0,hellaswag_320,1,commonsense_reasoning,observed_full
Llama-3.2-1B→Llama-3.1-8B,meta-llama/Llama-3.2-1B,hellaswag,0,hellaswag_321,0,commonsense_reasoning,observed_full
Llama-3.2-1B→Llama-3.1-8B,meta-llama/Llama-3.2-1B,hellaswag,0,hellaswag_322,0,commonsense_reasoning,observed_full
Llama-3.2-1B→Llama-3.1-8B,meta-llama/Llama-3.2-1B,hellaswag,0,hellaswag_323,1,commonsense_reasoning,observed_full
Llama-3.2-1B→Llama-3.1-8B,meta-llama/Llama-3.2-1B,hellaswag,0,hellaswag_324,0,commonsense_reasoning,observed_full
Llama-3.2-1B→Llama-3.1-8B,meta-llama/Llama-3.2-1B,hellaswag,0,hellaswag_325,0,commonsense_reasoning,observed_full
Llama-3.2-1B→Llama-3.1-8B,meta-llama/Llama-3.2-1B,hellaswag,0,hellaswag_326,1,commonsense_reasoning,observed_full
Llama-3.2-1B→Llama-3.1-8B,meta-llama/Llama-3.2-1B,hellaswag,0,hellaswag_327,1,commonsense_reasoning,observed_full
Llama-3.2-1B→Llama-3.1-8B,meta-llama/Llama-3.2-1B,hellaswag,0,hellaswag_328,0,commonsense_reasoning,observed_full
Llama-3.2-1B→Llama-3.1-8B,meta-llama/Llama-3.2-1B,hellaswag,0,hellaswag_329,0,commonsense_reasoning,observed_full
Llama-3.2-1B→Llama-3.1-8B,meta-llama/Llama-3.2-1B,hellaswag,0,hellaswag_330,1,commonsense_reasoning,observed_full
Llama-3.2-1B→Llama-3.1-8B,meta-llama/Llama-3.2-1B,hellaswag,0,hellaswag_331,0,commonsense_reasoning,observed_full
Llama-3.2-1B→Llama-3.1-8B,meta-llama/Llama-3.2-1B,hellaswag,0,hellaswag_332,0,commonsense_reasoning,observed_full
Llama-3.2-1B→Llama-3.1-8B,meta-llama/Llama-3.2-1B,hellaswag,0,hellaswag_333,1,commonsense_reasoning,observed_full
Llama-3.2-1B→Llama-3.1-8B,meta-llama/Llama-3.2-1B,hellaswag,0,hellaswag_334,0,commonsense_reasoning,observed_full
Llama-3.2-1B→Llama-3.1-8B,meta-llama/Llama-3.2-1B,hellaswag,0,hellaswag_335,1,commonsense_reasoning,observed_full
Llama-3.2-1B→Llama-3.1-8B,meta-llama/Llama-3.2-1B,hellaswag,0,hellaswag_336,0,commonsense_reasoning,observed_full
Llama-3.2-1B→Llama-3.1-8B,meta-llama/Llama-3.2-1B,hellaswag,0,hellaswag_337,1,commonsense_reasoning,observed_full
Llama-3.2-1B→Llama-3.1-8B,meta-llama/Llama-3.2-1B,hellaswag,0,hellaswag_338,0,commonsense_reasoning,observed_full
Llama-3.2-1B→Llama-3.1-8B,meta-llama/Llama-3.2-1B,hellaswag,0,hellaswag_339,0,commonsense_reasoning,observed_full
Llama-3.2-1B→Llama-3.1-8B,meta-llama/Llama-3.2-1B,hellaswag,0,hellaswag_340,1,commonsense_reasoning,observed_full
Llama-3.2-1B→Llama-3.1-8B,meta-llama/Llama-3.2-1B,hellaswag,0,hellaswag_341,0,commonsense_reasoning,observed_full
Llama-3.2-1B→Llama-3.1-8B,meta-llama/Llama-3.2-1B,hellaswag,0,hellaswag_342,1,commonsense_reasoning,observed_full
Llama-3.2-1B→Llama-3.1-8B,meta-llama/Llama-3.2-1B,hellaswag,0,hellaswag_343,0,commonsense_reasoning,observed_full
Llama-3.2-1B→Llama-3.1-8B,meta-llama/Llama-3.2-1B,hellaswag,0,hellaswag_344,0,commonsense_reasoning,observed_full
Llama-3.2-1B→Llama-3.1-8B,meta-llama/Llama-3.2-1B,hellaswag,0,hellaswag_345,0,commonsense_reasoning,observed_full
Llama-3.2-1B→Llama-3.1-8B,meta-llama/Llama-3.2-1B,hellaswag,0,hellaswag_346,1,commonsense_reasoning,observed_full
Llama-3.2-1B→Llama-3.1-8B,meta-llama/Llama-3.2-1B,hellaswag,0,hellaswag_347,1,commonsense_reasoning,observed_full
Llama-3.2-1B→Llama-3.1-8B,meta-llama/Llama-3.2-1B,hellaswag,0,hellaswag_348,0,commonsense_reasoning,observed_full
Llama-3.2-1B→Llama-3.1-8B,meta-llama/Llama-3.2-1B,hellaswag,0,hellaswag_349,0,commonsense_reasoning,observed_full
Llama-3.2-1B→Llama-3.1-8B,meta-llama/Llama-3.2-1B,hellaswag,0,hellaswag_350,1,commonsense_reasoning,observed_full
Llama-3.2-1B→Llama-3.1-8B,meta-llama/Llama-3.2-1B,hellaswag,0,hellaswag_351,0,commonsense_reasoning,observed_full
Llama-3.2-1B→Llama-3.1-8B,meta-llama/Llama-3.2-1B,hellaswag,0,hellaswag_352,0,commonsense_reasoning,observed_full
Llama-3.2-1B→Llama-3.1-8B,meta-llama/Llama-3.2-1B,hellaswag,0,hellaswag_353,1,commonsense_reasoning,observed_full
Llama-3.2-1B→Llama-3.1-8B,meta-llama/Llama-3.2-1B,hellaswag,0,hellaswag_354,0,commonsense_reasoning,observed_full
Llama-3.2-1B→Llama-3.1-8B,meta-llama/Llama-3.2-1B,hellaswag,0,hellaswag_355,0,commonsense_reasoning,observed_full
Llama-3.2-1B→Llama-3.1-8B,meta-llama/Llama-3.2-1B,hellaswag,0,hellaswag_356,0,commonsense_reasoning,observed_full
Llama-3.2-1B→Llama-3.1-8B,meta-llama/Llama-3.2-1B,hellaswag,0,hellaswag_357,0,commonsense_reasoning,observed_full
Llama-3.2-1B→Llama-3.1-8B,meta-llama/Llama-3.2-1B,hellaswag,0,hellaswag_358,0,commonsense_reasoning,observed_full
Llama-3.2-1B→Llama-3.1-8B,meta-llama/Llama-3.2-1B,hellaswag,0,hellaswag_359,1,commonsense_reasoning,observed_full
Llama-3.2-1B→Llama-3.1-8B,meta-llama/Llama-3.2-1B,hellaswag,0,hellaswag_360,0,commonsense_reasoning,observed_full
Llama-3.2-1B→Llama-3.1-8B,meta-llama/Llama-3.2-1B,hellaswag,0,hellaswag_361,0,commonsense_reasoning,observed_full
Llama-3.2-1B→Llama-3.1-8B,meta-llama/Llama-3.2-1B,hellaswag,0,hellaswag_362,1,commonsense_reasoning,observed_full
Llama-3.2-1B→Llama-3.1-8B,meta-llama/Llama-3.2-1B,hellaswag,0,hellaswag_363,0,commonsense_reasoning,observed_full
Llama-3.2-1B→Llama-3.1-8B,meta-llama/Llama-3.2-1B,hellaswag,0,hellaswag_364,0,commonsense_reasoning,observed_full
Llama-3.2-1B→Llama-3.1-8B,meta-llama/Llama-3.2-1B,hellaswag,0,hellaswag_365,0,commonsense_reasoning,observed_full
Llama-3.2-1B→Llama-3.1-8B,meta-llama/Llama-3.2-1B,hellaswag,0,hellaswag_366,1,commonsense_reasoning,observed_full
Llama-3.2-1B→Llama-3.1-8B,meta-llama/Llama-3.2-1B,hellaswag,0,hellaswag_367,1,commonsense_reasoning,observed_full
Llama-3.2-1B→Llama-3.1-8B,meta-llama/Llama-3.2-1B,hellaswag,0,hellaswag_368,0,commonsense_reasoning,observed_full
Llama-3.2-1B→Llama-3.1-8B,meta-llama/Llama-3.2-1B,hellaswag,0,hellaswag_369,0,commonsense_reasoning,observed_full
Llama-3.2-1B→Llama-3.1-8B,meta-llama/Llama-3.2-1B,hellaswag,0,hellaswag_370,1,commonsense_reasoning,observed_full
Llama-3.2-1B→Llama-3.1-8B,meta-llama/Llama-3.2-1B,hellaswag,0,hellaswag_371,0,commonsense_reasoning,observed_full
Llama-3.2-1B→Llama-3.1-8B,meta-llama/Llama-3.2-1B,hellaswag,0,hellaswag_372,0,commonsense_reasoning,observed_full
Llama-3.2-1B→Llama-3.1-8B,meta-llama/Llama-3.2-1B,hellaswag,0,hellaswag_373,0,commonsense_reasoning,observed_full
Llama-3.2-1B→Llama-3.1-8B,meta-llama/Llama-3.2-1B,hellaswag,0,hellaswag_374,0,commonsense_reasoning,observed_full
Llama-3.2-1B→Llama-3.1-8B,meta-llama/Llama-3.2-1B,hellaswag,0,hellaswag_375,0,commonsense_reasoning,observed_full
Llama-3.2-1B→Llama-3.1-8B,meta-llama/Llama-3.2-1B,hellaswag,0,hellaswag_376,1,commonsense_reasoning,observed_full
Llama-3.2-1B→Llama-3.1-8B,meta-llama/Llama-3.2-1B,hellaswag,0,hellaswag_377,1,commonsense_reasoning,observed_full
Llama-3.2-1B→Llama-3.1-8B,meta-llama/Llama-3.2-1B,hellaswag,0,hellaswag_378,0,commonsense_reasoning,observed_full
Llama-3.2-1B→Llama-3.1-8B,meta-llama/Llama-3.2-1B,hellaswag,0,hellaswag_379,1,commonsense_reasoning,observed_full
Llama-3.2-1B→Llama-3.1-8B,meta-llama/Llama-3.2-1B,hellaswag,0,hellaswag_380,1,commonsense_reasoning,observed_full
Llama-3.2-1B→Llama-3.1-8B,meta-llama/Llama-3.2-1B,hellaswag,0,hellaswag_381,1,commonsense_reasoning,observed_full
Llama-3.2-1B→Llama-3.1-8B,meta-llama/Llama-3.2-1B,hellaswag,0,hellaswag_382,0,commonsense_reasoning,observed_full
Llama-3.2-1B→Llama-3.1-8B,meta-llama/Llama-3.2-1B,hellaswag,0,hellaswag_383,1,commonsense_reasoning,observed_full
Llama-3.2-1B→Llama-3.1-8B,meta-llama/Llama-3.2-1B,hellaswag,0,hellaswag_384,0,commonsense_reasoning,observed_full
Llama-3.2-1B→Llama-3.1-8B,meta-llama/Llama-3.2-1B,hellaswag,0,hellaswag_385,1,commonsense_reasoning,observed_full
Llama-3.2-1B→Llama-3.1-8B,meta-llama/Llama-3.2-1B,hellaswag,0,hellaswag_386,1,commonsense_reasoning,observed_full
Llama-3.2-1B→Llama-3.1-8B,meta-llama/Llama-3.2-1B,hellaswag,0,hellaswag_387,0,commonsense_reasoning,observed_full
Llama-3.2-1B→Llama-3.1-8B,meta-llama/Llama-3.2-1B,hellaswag,0,hellaswag_388,0,commonsense_reasoning,observed_full
Llama-3.2-1B→Llama-3.1-8B,meta-llama/Llama-3.2-1B,hellaswag,0,hellaswag_389,1,commonsense_reasoning,observed_full
Llama-3.2-1B→Llama-3.1-8B,meta-llama/Llama-3.2-1B,hellaswag,0,hellaswag_390,1,commonsense_reasoning,observed_full
Llama-3.2-1B→Llama-3.1-8B,meta-llama/Llama-3.2-1B,hellaswag,0,hellaswag_391,0,commonsense_reasoning,observed_full
Llama-3.2-1B→Llama-3.1-8B,meta-llama/Llama-3.2-1B,hellaswag,0,hellaswag_392,1,commonsense_reasoning,observed_full
Llama-3.2-1B→Llama-3.1-8B,meta-llama/Llama-3.2-1B,hellaswag,0,hellaswag_393,1,commonsense_reasoning,observed_full
Llama-3.2-1B→Llama-3.1-8B,meta-llama/Llama-3.2-1B,hellaswag,0,hellaswag_394,1,commonsense_reasoning,observed_full
Llama-3.2-1B→Llama-3.1-8B,meta-llama/Llama-3.2-1B,hellaswag,0,hellaswag_395,1,commonsense_reasoning,observed_full
Llama-3.2-1B→Llama-3.1-8B,meta-llama/Llama-3.2-1B,hellaswag,0,hellaswag_396,0,commonsense_reasoning,observed_full
Llama-3.2-1B→Llama-3.1-8B,meta-llama/Llama-3.2-1B,hellaswag,0,hellaswag_397,1,commonsense_reasoning,observed_full
Llama-3.2-1B→Llama-3.1-8B,meta-llama/Llama-3.2-1B,hellaswag,0,hellaswag_398,0,commonsense_reasoning,observed_full
Llama-3.2-1B→Llama-3.1-8B,meta-llama/Llama-3.2-1B,hellaswag,0,hellaswag_399,1,commonsense_reasoning,observed_full
Llama-3.2-1B→Llama-3.1-8B,meta-llama/Llama-3.2-1B,hellaswag,0,hellaswag_400,1,commonsense_reasoning,observed_full
Llama-3.2-1B→Llama-3.1-8B,meta-llama/Llama-3.2-1B,hellaswag,0,hellaswag_401,1,commonsense_reasoning,observed_full
Llama-3.2-1B→Llama-3.1-8B,meta-llama/Llama-3.2-1B,hellaswag,0,hellaswag_402,0,commonsense_reasoning,observed_full
Llama-3.2-1B→Llama-3.1-8B,meta-llama/Llama-3.2-1B,hellaswag,0,hellaswag_403,0,commonsense_reasoning,observed_full
Llama-3.2-1B→Llama-3.1-8B,meta-llama/Llama-3.2-1B,hellaswag,0,hellaswag_404,0,commonsense_reasoning,observed_full
Llama-3.2-1B→Llama-3.1-8B,meta-llama/Llama-3.2-1B,hellaswag,0,hellaswag_405,1,commonsense_reasoning,observed_full
Llama-3.2-1B→Llama-3.1-8B,meta-llama/Llama-3.2-1B,hellaswag,0,hellaswag_406,1,commonsense_reasoning,observed_full
Llama-3.2-1B→Llama-3.1-8B,meta-llama/Llama-3.2-1B,hellaswag,0,hellaswag_407,0,commonsense_reasoning,observed_full
Llama-3.2-1B→Llama-3.1-8B,meta-llama/Llama-3.2-1B,hellaswag,0,hellaswag_408,0,commonsense_reasoning,observed_full
Llama-3.2-1B→Llama-3.1-8B,meta-llama/Llama-3.2-1B,hellaswag,0,hellaswag_409,1,commonsense_reasoning,observed_full
Llama-3.2-1B→Llama-3.1-8B,meta-llama/Llama-3.2-1B,hellaswag,0,hellaswag_410,0,commonsense_reasoning,observed_full
Llama-3.2-1B→Llama-3.1-8B,meta-llama/Llama-3.2-1B,hellaswag,0,hellaswag_411,0,commonsense_reasoning,observed_full
Llama-3.2-1B→Llama-3.1-8B,meta-llama/Llama-3.2-1B,hellaswag,0,hellaswag_412,0,commonsense_reasoning,observed_full
Llama-3.2-1B→Llama-3.1-8B,meta-llama/Llama-3.2-1B,hellaswag,0,hellaswag_413,0,commonsense_reasoning,observed_full
Llama-3.2-1B→Llama-3.1-8B,meta-llama/Llama-3.2-1B,hellaswag,0,hellaswag_414,1,commonsense_reasoning,observed_full
Llama-3.2-1B→Llama-3.1-8B,meta-llama/Llama-3.2-1B,hellaswag,0,hellaswag_415,0,commonsense_reasoning,observed_full
Llama-3.2-1B→Llama-3.1-8B,meta-llama/Llama-3.2-1B,hellaswag,0,hellaswag_416,0,commonsense_reasoning,observed_full
Llama-3.2-1B→Llama-3.1-8B,meta-llama/Llama-3.2-1B,hellaswag,0,hellaswag_417,0,commonsense_reasoning,observed_full
Llama-3.2-1B→Llama-3.1-8B,meta-llama/Llama-3.2-1B,hellaswag,0,hellaswag_418,0,commonsense_reasoning,observed_full
Llama-3.2-1B→Llama-3.1-8B,meta-llama/Llama-3.2-1B,hellaswag,0,hellaswag_419,0,commonsense_reasoning,observed_full
Llama-3.2-1B→Llama-3.1-8B,meta-llama/Llama-3.2-1B,hellaswag,0,hellaswag_420,0,commonsense_reasoning,observed_full
Llama-3.2-1B→Llama-3.1-8B,meta-llama/Llama-3.2-1B,hellaswag,0,hellaswag_421,1,commonsense_reasoning,observed_full
Llama-3.2-1B→Llama-3.1-8B,meta-llama/Llama-3.2-1B,hellaswag,0,hellaswag_422,0,commonsense_reasoning,observed_full
Llama-3.2-1B→Llama-3.1-8B,meta-llama/Llama-3.2-1B,hellaswag,0,hellaswag_423,0,commonsense_reasoning,observed_full
Llama-3.2-1B→Llama-3.1-8B,meta-llama/Llama-3.2-1B,hellaswag,0,hellaswag_424,0,commonsense_reasoning,observed_full
Llama-3.2-1B→Llama-3.1-8B,meta-llama/Llama-3.2-1B,hellaswag,0,hellaswag_425,0,commonsense_reasoning,observed_full
Llama-3.2-1B→Llama-3.1-8B,meta-llama/Llama-3.2-1B,hellaswag,0,hellaswag_426,1,commonsense_reasoning,observed_full
Llama-3.2-1B→Llama-3.1-8B,meta-llama/Llama-3.2-1B,hellaswag,0,hellaswag_427,1,commonsense_reasoning,observed_full
Llama-3.2-1B→Llama-3.1-8B,meta-llama/Llama-3.2-1B,hellaswag,0,hellaswag_428,0,commonsense_reasoning,observed_full
Llama-3.2-1B→Llama-3.1-8B,meta-llama/Llama-3.2-1B,hellaswag,0,hellaswag_429,0,commonsense_reasoning,observed_full
Llama-3.2-1B→Llama-3.1-8B,meta-llama/Llama-3.2-1B,hellaswag,0,hellaswag_430,1,commonsense_reasoning,observed_full
Llama-3.2-1B→Llama-3.1-8B,meta-llama/Llama-3.2-1B,hellaswag,0,hellaswag_431,1,commonsense_reasoning,observed_full
Llama-3.2-1B→Llama-3.1-8B,meta-llama/Llama-3.2-1B,hellaswag,0,hellaswag_432,0,commonsense_reasoning,observed_full
Llama-3.2-1B→Llama-3.1-8B,meta-llama/Llama-3.2-1B,hellaswag,0,hellaswag_433,0,commonsense_reasoning,observed_full
Llama-3.2-1B→Llama-3.1-8B,meta-llama/Llama-3.2-1B,hellaswag,0,hellaswag_434,0,commonsense_reasoning,observed_full
Llama-3.2-1B→Llama-3.1-8B,meta-llama/Llama-3.2-1B,hellaswag,0,hellaswag_435,1,commonsense_reasoning,observed_full
Llama-3.2-1B→Llama-3.1-8B,meta-llama/Llama-3.2-1B,hellaswag,0,hellaswag_436,0,commonsense_reasoning,observed_full
Llama-3.2-1B→Llama-3.1-8B,meta-llama/Llama-3.2-1B,hellaswag,0,hellaswag_437,1,commonsense_reasoning,observed_full
Llama-3.2-1B→Llama-3.1-8B,meta-llama/Llama-3.2-1B,hellaswag,0,hellaswag_438,1,commonsense_reasoning,observed_full
Llama-3.2-1B→Llama-3.1-8B,meta-llama/Llama-3.2-1B,hellaswag,0,hellaswag_439,0,commonsense_reasoning,observed_full
Llama-3.2-1B→Llama-3.1-8B,meta-llama/Llama-3.2-1B,hellaswag,0,hellaswag_440,0,commonsense_reasoning,observed_full
Llama-3.2-1B→Llama-3.1-8B,meta-llama/Llama-3.2-1B,hellaswag,0,hellaswag_441,1,commonsense_reasoning,observed_full
Llama-3.2-1B→Llama-3.1-8B,meta-llama/Llama-3.2-1B,hellaswag,0,hellaswag_442,0,commonsense_reasoning,observed_full
Llama-3.2-1B→Llama-3.1-8B,meta-llama/Llama-3.2-1B,hellaswag,0,hellaswag_443,1,commonsense_reasoning,observed_full
Llama-3.2-1B→Llama-3.1-8B,meta-llama/Llama-3.2-1B,hellaswag,0,hellaswag_444,1,commonsense_reasoning,observed_full
Llama-3.2-1B→Llama-3.1-8B,meta-llama/Llama-3.2-1B,hellaswag,0,hellaswag_445,1,commonsense_reasoning,observed_full
Llama-3.2-1B→Llama-3.1-8B,meta-llama/Llama-3.2-1B,hellaswag,0,hellaswag_446,0,commonsense_reasoning,observed_full
Llama-3.2-1B→Llama-3.1-8B,meta-llama/Llama-3.2-1B,hellaswag,0,hellaswag_447,0,commonsense_reasoning,observed_full
Llama-3.2-1B→Llama-3.1-8B,meta-llama/Llama-3.2-1B,hellaswag,0,hellaswag_448,0,commonsense_reasoning,observed_full
Llama-3.2-1B→Llama-3.1-8B,meta-llama/Llama-3.2-1B,hellaswag,0,hellaswag_449,0,commonsense_reasoning,observed_full
Llama-3.2-1B→Llama-3.1-8B,meta-llama/Llama-3.2-1B,hellaswag,0,hellaswag_450,1,commonsense_reasoning,observed_full
Llama-3.2-1B→Llama-3.1-8B,meta-llama/Llama-3.2-1B,hellaswag,0,hellaswag_451,0,commonsense_reasoning,observed_full
Llama-3.2-1B→Llama-3.1-8B,meta-llama/Llama-3.2-1B,hellaswag,0,hellaswag_452,0,commonsense_reasoning,observed_full
Llama-3.2-1B→Llama-3.1-8B,meta-llama/Llama-3.2-1B,hellaswag,0,hellaswag_453,1,commonsense_reasoning,observed_full
Llama-3.2-1B→Llama-3.1-8B,meta-llama/Llama-3.2-1B,hellaswag,0,hellaswag_454,0,commonsense_reasoning,observed_full
Llama-3.2-1B→Llama-3.1-8B,meta-llama/Llama-3.2-1B,hellaswag,0,hellaswag_455,1,commonsense_reasoning,observed_full
Llama-3.2-1B→Llama-3.1-8B,meta-llama/Llama-3.2-1B,hellaswag,0,hellaswag_456,0,commonsense_reasoning,observed_full
Llama-3.2-1B→Llama-3.1-8B,meta-llama/Llama-3.2-1B,hellaswag,0,hellaswag_457,1,commonsense_reasoning,observed_full
Llama-3.2-1B→Llama-3.1-8B,meta-llama/Llama-3.2-1B,hellaswag,0,hellaswag_458,0,commonsense_reasoning,observed_full
Llama-3.2-1B→Llama-3.1-8B,meta-llama/Llama-3.2-1B,hellaswag,0,hellaswag_459,0,commonsense_reasoning,observed_full
Llama-3.2-1B→Llama-3.1-8B,meta-llama/Llama-3.2-1B,hellaswag,0,hellaswag_460,1,commonsense_reasoning,observed_full
Llama-3.2-1B→Llama-3.1-8B,meta-llama/Llama-3.2-1B,hellaswag,0,hellaswag_461,1,commonsense_reasoning,observed_full
Llama-3.2-1B→Llama-3.1-8B,meta-llama/Llama-3.2-1B,hellaswag,0,hellaswag_462,0,commonsense_reasoning,observed_full
Llama-3.2-1B→Llama-3.1-8B,meta-llama/Llama-3.2-1B,hellaswag,0,hellaswag_463,0,commonsense_reasoning,observed_full
Llama-3.2-1B→Llama-3.1-8B,meta-llama/Llama-3.2-1B,hellaswag,0,hellaswag_464,0,commonsense_reasoning,observed_full
Llama-3.2-1B→Llama-3.1-8B,meta-llama/Llama-3.2-1B,hellaswag,0,hellaswag_465,0,commonsense_reasoning,observed_full
Llama-3.2-1B→Llama-3.1-8B,meta-llama/Llama-3.2-1B,hellaswag,0,hellaswag_466,0,commonsense_reasoning,observed_full
Llama-3.2-1B→Llama-3.1-8B,meta-llama/Llama-3.2-1B,hellaswag,0,hellaswag_467,0,commonsense_reasoning,observed_full
Llama-3.2-1B→Llama-3.1-8B,meta-llama/Llama-3.2-1B,hellaswag,0,hellaswag_468,0,commonsense_reasoning,observed_full
Llama-3.2-1B→Llama-3.1-8B,meta-llama/Llama-3.2-1B,hellaswag,0,hellaswag_469,0,commonsense_reasoning,observed_full
Llama-3.2-1B→Llama-3.1-8B,meta-llama/Llama-3.2-1B,hellaswag,0,hellaswag_470,1,commonsense_reasoning,observed_full
Llama-3.2-1B→Llama-3.1-8B,meta-llama/Llama-3.2-1B,hellaswag,0,hellaswag_471,0,commonsense_reasoning,observed_full
Llama-3.2-1B→Llama-3.1-8B,meta-llama/Llama-3.2-1B,hellaswag,0,hellaswag_472,0,commonsense_reasoning,observed_full
Llama-3.2-1B→Llama-3.1-8B,meta-llama/Llama-3.2-1B,hellaswag,0,hellaswag_473,1,commonsense_reasoning,observed_full
Llama-3.2-1B→Llama-3.1-8B,meta-llama/Llama-3.2-1B,hellaswag,0,hellaswag_474,0,commonsense_reasoning,observed_full
Llama-3.2-1B→Llama-3.1-8B,meta-llama/Llama-3.2-1B,hellaswag,0,hellaswag_475,1,commonsense_reasoning,observed_full
Llama-3.2-1B→Llama-3.1-8B,meta-llama/Llama-3.2-1B,hellaswag,0,hellaswag_476,1,commonsense_reasoning,observed_full
Llama-3.2-1B→Llama-3.1-8B,meta-llama/Llama-3.2-1B,hellaswag,0,hellaswag_477,1,commonsense_reasoning,observed_full
Llama-3.2-1B→Llama-3.1-8B,meta-llama/Llama-3.2-1B,hellaswag,0,hellaswag_478,0,commonsense_reasoning,observed_full
Llama-3.2-1B→Llama-3.1-8B,meta-llama/Llama-3.2-1B,hellaswag,0,hellaswag_479,0,commonsense_reasoning,observed_full
Llama-3.2-1B→Llama-3.1-8B,meta-llama/Llama-3.2-1B,hellaswag,0,hellaswag_480,0,commonsense_reasoning,observed_full
Llama-3.2-1B→Llama-3.1-8B,meta-llama/Llama-3.2-1B,hellaswag,0,hellaswag_481,0,commonsense_reasoning,observed_full
Llama-3.2-1B→Llama-3.1-8B,meta-llama/Llama-3.2-1B,hellaswag,0,hellaswag_482,1,commonsense_reasoning,observed_full
Llama-3.2-1B→Llama-3.1-8B,meta-llama/Llama-3.2-1B,hellaswag,0,hellaswag_483,1,commonsense_reasoning,observed_full
Llama-3.2-1B→Llama-3.1-8B,meta-llama/Llama-3.2-1B,hellaswag,0,hellaswag_484,0,commonsense_reasoning,observed_full
Llama-3.2-1B→Llama-3.1-8B,meta-llama/Llama-3.2-1B,hellaswag,0,hellaswag_485,0,commonsense_reasoning,observed_full
Llama-3.2-1B→Llama-3.1-8B,meta-llama/Llama-3.2-1B,hellaswag,0,hellaswag_486,1,commonsense_reasoning,observed_full
Llama-3.2-1B→Llama-3.1-8B,meta-llama/Llama-3.2-1B,hellaswag,0,hellaswag_487,1,commonsense_reasoning,observed_full
Llama-3.2-1B→Llama-3.1-8B,meta-llama/Llama-3.2-1B,hellaswag,0,hellaswag_488,0,commonsense_reasoning,observed_full
Llama-3.2-1B→Llama-3.1-8B,meta-llama/Llama-3.2-1B,hellaswag,0,hellaswag_489,0,commonsense_reasoning,observed_full
Llama-3.2-1B→Llama-3.1-8B,meta-llama/Llama-3.2-1B,hellaswag,0,hellaswag_490,0,commonsense_reasoning,observed_full
Llama-3.2-1B→Llama-3.1-8B,meta-llama/Llama-3.2-1B,hellaswag,0,hellaswag_491,0,commonsense_reasoning,observed_full
Llama-3.2-1B→Llama-3.1-8B,meta-llama/Llama-3.2-1B,hellaswag,0,hellaswag_492,1,commonsense_reasoning,observed_full
Llama-3.2-1B→Llama-3.1-8B,meta-llama/Llama-3.2-1B,hellaswag,0,hellaswag_493,1,commonsense_reasoning,observed_full
Llama-3.2-1B→Llama-3.1-8B,meta-llama/Llama-3.2-1B,hellaswag,0,hellaswag_494,0,commonsense_reasoning,observed_full
Llama-3.2-1B→Llama-3.1-8B,meta-llama/Llama-3.2-1B,hellaswag,0,hellaswag_495,0,commonsense_reasoning,observed_full
Llama-3.2-1B→Llama-3.1-8B,meta-llama/Llama-3.2-1B,hellaswag,0,hellaswag_496,0,commonsense_reasoning,observed_full
Llama-3.2-1B→Llama-3.1-8B,meta-llama/Llama-3.2-1B,hellaswag,0,hellaswag_497,0,commonsense_reasoning,observed_full
Llama-3.2-1B→Llama-3.1-8B,meta-llama/Llama-3.2-1B,hellaswag,0,hellaswag_498,1,commonsense_reasoning,observed_full
Llama-3.2-1B→Llama-3.1-8B,meta-llama/Llama-3.2-1B,hellaswag,0,hellaswag_499,1,commonsense_reasoning,observed_full
