model_pair,benchmark,item_id,n_flips,score_var,unstable
Llama-3.2-1B→Llama-3.1-8B,gsm8k,gsm8k_proj_0,0,0.0,False
Llama-3.2-1B→Llama-3.1-8B,gsm8k,gsm8k_proj_1,0,0.0,False
Llama-3.2-1B→Llama-3.1-8B,gsm8k,gsm8k_proj_10,0,0.0,False
Llama-3.2-1B→Llama-3.1-8B,gsm8k,gsm8k_proj_100,0,0.0,False
Llama-3.2-1B→Llama-3.1-8B,gsm8k,gsm8k_proj_101,0,0.0,False
Llama-3.2-1B→Llama-3.1-8B,gsm8k,gsm8k_proj_102,0,0.0,False
Llama-3.2-1B→Llama-3.1-8B,gsm8k,gsm8k_proj_103,1,0.16,False
Llama-3.2-1B→Llama-3.1-8B,gsm8k,gsm8k_proj_104,0,0.0,False
Llama-3.2-1B→Llama-3.1-8B,gsm8k,gsm8k_proj_105,0,0.0,False
Llama-3.2-1B→Llama-3.1-8B,gsm8k,gsm8k_proj_106,1,0.16000000000000003,False
Llama-3.2-1B→Llama-3.1-8B,gsm8k,gsm8k_proj_107,0,0.0,False
Llama-3.2-1B→Llama-3.1-8B,gsm8k,gsm8k_proj_108,2,0.24000000000000005,True
Llama-3.2-1B→Llama-3.1-8B,gsm8k,gsm8k_proj_109,0,0.0,False
Llama-3.2-1B→Llama-3.1-8B,gsm8k,gsm8k_proj_11,0,0.0,False
Llama-3.2-1B→Llama-3.1-8B,gsm8k,gsm8k_proj_110,0,0.0,False
Llama-3.2-1B→Llama-3.1-8B,gsm8k,gsm8k_proj_111,0,0.0,False
Llama-3.2-1B→Llama-3.1-8B,gsm8k,gsm8k_proj_112,0,0.0,False
Llama-3.2-1B→Llama-3.1-8B,gsm8k,gsm8k_proj_113,0,0.0,False
Llama-3.2-1B→Llama-3.1-8B,gsm8k,gsm8k_proj_114,0,0.0,False
Llama-3.2-1B→Llama-3.1-8B,gsm8k,gsm8k_proj_115,0,0.0,False
Llama-3.2-1B→Llama-3.1-8B,gsm8k,gsm8k_proj_116,1,0.16,False
Llama-3.2-1B→Llama-3.1-8B,gsm8k,gsm8k_proj_117,0,0.0,False
Llama-3.2-1B→Llama-3.1-8B,gsm8k,gsm8k_proj_118,0,0.0,False
Llama-3.2-1B→Llama-3.1-8B,gsm8k,gsm8k_proj_119,0,0.0,False
Llama-3.2-1B→Llama-3.1-8B,gsm8k,gsm8k_proj_12,0,0.0,False
Llama-3.2-1B→Llama-3.1-8B,gsm8k,gsm8k_proj_120,0,0.0,False
Llama-3.2-1B→Llama-3.1-8B,gsm8k,gsm8k_proj_121,0,0.0,False
Llama-3.2-1B→Llama-3.1-8B,gsm8k,gsm8k_proj_122,1,0.16,False
Llama-3.2-1B→Llama-3.1-8B,gsm8k,gsm8k_proj_123,1,0.16,False
Llama-3.2-1B→Llama-3.1-8B,gsm8k,gsm8k_proj_124,0,0.0,False
Llama-3.2-1B→Llama-3.1-8B,gsm8k,gsm8k_proj_125,0,0.0,False
Llama-3.2-1B→Llama-3.1-8B,gsm8k,gsm8k_proj_126,0,0.0,False
Llama-3.2-1B→Llama-3.1-8B,gsm8k,gsm8k_proj_127,0,0.0,False
Llama-3.2-1B→Llama-3.1-8B,gsm8k,gsm8k_proj_128,0,0.0,False
Llama-3.2-1B→Llama-3.1-8B,gsm8k,gsm8k_proj_129,0,0.0,False
Llama-3.2-1B→Llama-3.1-8B,gsm8k,gsm8k_proj_13,0,0.0,False
Llama-3.2-1B→Llama-3.1-8B,gsm8k,gsm8k_proj_130,0,0.0,False
Llama-3.2-1B→Llama-3.1-8B,gsm8k,gsm8k_proj_131,0,0.0,False
Llama-3.2-1B→Llama-3.1-8B,gsm8k,gsm8k_proj_132,0,0.0,False
Llama-3.2-1B→Llama-3.1-8B,gsm8k,gsm8k_proj_133,0,0.0,False
Llama-3.2-1B→Llama-3.1-8B,gsm8k,gsm8k_proj_134,0,0.0,False
Llama-3.2-1B→Llama-3.1-8B,gsm8k,gsm8k_proj_135,0,0.0,False
Llama-3.2-1B→Llama-3.1-8B,gsm8k,gsm8k_proj_136,0,0.0,False
Llama-3.2-1B→Llama-3.1-8B,gsm8k,gsm8k_proj_137,0,0.0,False
Llama-3.2-1B→Llama-3.1-8B,gsm8k,gsm8k_proj_138,0,0.0,False
Llama-3.2-1B→Llama-3.1-8B,gsm8k,gsm8k_proj_139,0,0.0,False
Llama-3.2-1B→Llama-3.1-8B,gsm8k,gsm8k_proj_14,0,0.0,False
Llama-3.2-1B→Llama-3.1-8B,gsm8k,gsm8k_proj_140,0,0.0,False
Llama-3.2-1B→Llama-3.1-8B,gsm8k,gsm8k_proj_141,0,0.0,False
Llama-3.2-1B→Llama-3.1-8B,gsm8k,gsm8k_proj_142,0,0.0,False
Llama-3.2-1B→Llama-3.1-8B,gsm8k,gsm8k_proj_143,0,0.0,False
Llama-3.2-1B→Llama-3.1-8B,gsm8k,gsm8k_proj_144,0,0.0,False
Llama-3.2-1B→Llama-3.1-8B,gsm8k,gsm8k_proj_145,0,0.0,False
Llama-3.2-1B→Llama-3.1-8B,gsm8k,gsm8k_proj_146,2,0.24000000000000005,True
Llama-3.2-1B→Llama-3.1-8B,gsm8k,gsm8k_proj_147,0,0.0,False
Llama-3.2-1B→Llama-3.1-8B,gsm8k,gsm8k_proj_148,0,0.0,False
Llama-3.2-1B→Llama-3.1-8B,gsm8k,gsm8k_proj_149,1,0.16,False
Llama-3.2-1B→Llama-3.1-8B,gsm8k,gsm8k_proj_15,0,0.0,False
Llama-3.2-1B→Llama-3.1-8B,gsm8k,gsm8k_proj_150,0,0.0,False
Llama-3.2-1B→Llama-3.1-8B,gsm8k,gsm8k_proj_151,0,0.0,False
Llama-3.2-1B→Llama-3.1-8B,gsm8k,gsm8k_proj_152,2,0.24000000000000005,True
Llama-3.2-1B→Llama-3.1-8B,gsm8k,gsm8k_proj_153,0,0.0,False
Llama-3.2-1B→Llama-3.1-8B,gsm8k,gsm8k_proj_154,0,0.0,False
Llama-3.2-1B→Llama-3.1-8B,gsm8k,gsm8k_proj_155,0,0.0,False
Llama-3.2-1B→Llama-3.1-8B,gsm8k,gsm8k_proj_156,0,0.0,False
Llama-3.2-1B→Llama-3.1-8B,gsm8k,gsm8k_proj_157,0,0.0,False
Llama-3.2-1B→Llama-3.1-8B,gsm8k,gsm8k_proj_158,0,0.0,False
Llama-3.2-1B→Llama-3.1-8B,gsm8k,gsm8k_proj_159,0,0.0,False
Llama-3.2-1B→Llama-3.1-8B,gsm8k,gsm8k_proj_16,0,0.0,False
Llama-3.2-1B→Llama-3.1-8B,gsm8k,gsm8k_proj_160,0,0.0,False
Llama-3.2-1B→Llama-3.1-8B,gsm8k,gsm8k_proj_161,0,0.0,False
Llama-3.2-1B→Llama-3.1-8B,gsm8k,gsm8k_proj_162,0,0.0,False
Llama-3.2-1B→Llama-3.1-8B,gsm8k,gsm8k_proj_163,0,0.0,False
Llama-3.2-1B→Llama-3.1-8B,gsm8k,gsm8k_proj_164,0,0.0,False
Llama-3.2-1B→Llama-3.1-8B,gsm8k,gsm8k_proj_165,0,0.0,False
Llama-3.2-1B→Llama-3.1-8B,gsm8k,gsm8k_proj_166,0,0.0,False
Llama-3.2-1B→Llama-3.1-8B,gsm8k,gsm8k_proj_167,0,0.0,False
Llama-3.2-1B→Llama-3.1-8B,gsm8k,gsm8k_proj_168,0,0.0,False
Llama-3.2-1B→Llama-3.1-8B,gsm8k,gsm8k_proj_169,2,0.24000000000000005,True
Llama-3.2-1B→Llama-3.1-8B,gsm8k,gsm8k_proj_17,0,0.0,False
Llama-3.2-1B→Llama-3.1-8B,gsm8k,gsm8k_proj_170,0,0.0,False
Llama-3.2-1B→Llama-3.1-8B,gsm8k,gsm8k_proj_171,0,0.0,False
Llama-3.2-1B→Llama-3.1-8B,gsm8k,gsm8k_proj_172,0,0.0,False
Llama-3.2-1B→Llama-3.1-8B,gsm8k,gsm8k_proj_173,0,0.0,False
Llama-3.2-1B→Llama-3.1-8B,gsm8k,gsm8k_proj_174,0,0.0,False
Llama-3.2-1B→Llama-3.1-8B,gsm8k,gsm8k_proj_175,0,0.0,False
Llama-3.2-1B→Llama-3.1-8B,gsm8k,gsm8k_proj_176,0,0.0,False
Llama-3.2-1B→Llama-3.1-8B,gsm8k,gsm8k_proj_177,0,0.0,False
Llama-3.2-1B→Llama-3.1-8B,gsm8k,gsm8k_proj_178,0,0.0,False
Llama-3.2-1B→Llama-3.1-8B,gsm8k,gsm8k_proj_179,0,0.0,False
Llama-3.2-1B→Llama-3.1-8B,gsm8k,gsm8k_proj_18,0,0.0,False
Llama-3.2-1B→Llama-3.1-8B,gsm8k,gsm8k_proj_180,0,0.0,False
Llama-3.2-1B→Llama-3.1-8B,gsm8k,gsm8k_proj_181,0,0.0,False
Llama-3.2-1B→Llama-3.1-8B,gsm8k,gsm8k_proj_182,0,0.0,False
Llama-3.2-1B→Llama-3.1-8B,gsm8k,gsm8k_proj_183,0,0.0,False
Llama-3.2-1B→Llama-3.1-8B,gsm8k,gsm8k_proj_184,2,0.24000000000000005,True
Llama-3.2-1B→Llama-3.1-8B,gsm8k,gsm8k_proj_185,1,0.16,False
Llama-3.2-1B→Llama-3.1-8B,gsm8k,gsm8k_proj_186,0,0.0,False
Llama-3.2-1B→Llama-3.1-8B,gsm8k,gsm8k_proj_187,2,0.24000000000000005,True
Llama-3.2-1B→Llama-3.1-8B,gsm8k,gsm8k_proj_188,0,0.0,False
Llama-3.2-1B→Llama-3.1-8B,gsm8k,gsm8k_proj_189,0,0.0,False
Llama-3.2-1B→Llama-3.1-8B,gsm8k,gsm8k_proj_19,0,0.0,False
Llama-3.2-1B→Llama-3.1-8B,gsm8k,gsm8k_proj_190,0,0.0,False
Llama-3.2-1B→Llama-3.1-8B,gsm8k,gsm8k_proj_191,0,0.0,False
Llama-3.2-1B→Llama-3.1-8B,gsm8k,gsm8k_proj_192,0,0.0,False
Llama-3.2-1B→Llama-3.1-8B,gsm8k,gsm8k_proj_193,1,0.16,False
Llama-3.2-1B→Llama-3.1-8B,gsm8k,gsm8k_proj_194,1,0.16,False
Llama-3.2-1B→Llama-3.1-8B,gsm8k,gsm8k_proj_195,0,0.0,False
Llama-3.2-1B→Llama-3.1-8B,gsm8k,gsm8k_proj_196,2,0.24000000000000005,True
Llama-3.2-1B→Llama-3.1-8B,gsm8k,gsm8k_proj_197,1,0.16,False
Llama-3.2-1B→Llama-3.1-8B,gsm8k,gsm8k_proj_198,0,0.0,False
Llama-3.2-1B→Llama-3.1-8B,gsm8k,gsm8k_proj_199,0,0.0,False
Llama-3.2-1B→Llama-3.1-8B,gsm8k,gsm8k_proj_2,0,0.0,False
Llama-3.2-1B→Llama-3.1-8B,gsm8k,gsm8k_proj_20,0,0.0,False
Llama-3.2-1B→Llama-3.1-8B,gsm8k,gsm8k_proj_21,0,0.0,False
Llama-3.2-1B→Llama-3.1-8B,gsm8k,gsm8k_proj_22,0,0.0,False
Llama-3.2-1B→Llama-3.1-8B,gsm8k,gsm8k_proj_23,0,0.0,False
Llama-3.2-1B→Llama-3.1-8B,gsm8k,gsm8k_proj_24,0,0.0,False
Llama-3.2-1B→Llama-3.1-8B,gsm8k,gsm8k_proj_25,2,0.24000000000000005,True
Llama-3.2-1B→Llama-3.1-8B,gsm8k,gsm8k_proj_26,0,0.0,False
Llama-3.2-1B→Llama-3.1-8B,gsm8k,gsm8k_proj_27,0,0.0,False
Llama-3.2-1B→Llama-3.1-8B,gsm8k,gsm8k_proj_28,0,0.0,False
Llama-3.2-1B→Llama-3.1-8B,gsm8k,gsm8k_proj_29,0,0.0,False
Llama-3.2-1B→Llama-3.1-8B,gsm8k,gsm8k_proj_3,0,0.0,False
Llama-3.2-1B→Llama-3.1-8B,gsm8k,gsm8k_proj_30,0,0.0,False
Llama-3.2-1B→Llama-3.1-8B,gsm8k,gsm8k_proj_31,0,0.0,False
Llama-3.2-1B→Llama-3.1-8B,gsm8k,gsm8k_proj_32,2,0.24000000000000005,True
Llama-3.2-1B→Llama-3.1-8B,gsm8k,gsm8k_proj_33,0,0.0,False
Llama-3.2-1B→Llama-3.1-8B,gsm8k,gsm8k_proj_34,0,0.0,False
Llama-3.2-1B→Llama-3.1-8B,gsm8k,gsm8k_proj_35,0,0.0,False
Llama-3.2-1B→Llama-3.1-8B,gsm8k,gsm8k_proj_36,0,0.0,False
Llama-3.2-1B→Llama-3.1-8B,gsm8k,gsm8k_proj_37,0,0.0,False
Llama-3.2-1B→Llama-3.1-8B,gsm8k,gsm8k_proj_38,0,0.0,False
Llama-3.2-1B→Llama-3.1-8B,gsm8k,gsm8k_proj_39,0,0.0,False
Llama-3.2-1B→Llama-3.1-8B,gsm8k,gsm8k_proj_4,0,0.0,False
Llama-3.2-1B→Llama-3.1-8B,gsm8k,gsm8k_proj_40,0,0.0,False
Llama-3.2-1B→Llama-3.1-8B,gsm8k,gsm8k_proj_41,0,0.0,False
Llama-3.2-1B→Llama-3.1-8B,gsm8k,gsm8k_proj_42,0,0.0,False
Llama-3.2-1B→Llama-3.1-8B,gsm8k,gsm8k_proj_43,0,0.0,False
Llama-3.2-1B→Llama-3.1-8B,gsm8k,gsm8k_proj_44,1,0.16,False
Llama-3.2-1B→Llama-3.1-8B,gsm8k,gsm8k_proj_45,0,0.0,False
Llama-3.2-1B→Llama-3.1-8B,gsm8k,gsm8k_proj_46,0,0.0,False
Llama-3.2-1B→Llama-3.1-8B,gsm8k,gsm8k_proj_47,0,0.0,False
Llama-3.2-1B→Llama-3.1-8B,gsm8k,gsm8k_proj_48,0,0.0,False
Llama-3.2-1B→Llama-3.1-8B,gsm8k,gsm8k_proj_49,0,0.0,False
Llama-3.2-1B→Llama-3.1-8B,gsm8k,gsm8k_proj_5,0,0.0,False
Llama-3.2-1B→Llama-3.1-8B,gsm8k,gsm8k_proj_50,0,0.0,False
Llama-3.2-1B→Llama-3.1-8B,gsm8k,gsm8k_proj_51,0,0.0,False
Llama-3.2-1B→Llama-3.1-8B,gsm8k,gsm8k_proj_52,1,0.16000000000000003,False
Llama-3.2-1B→Llama-3.1-8B,gsm8k,gsm8k_proj_53,0,0.0,False
Llama-3.2-1B→Llama-3.1-8B,gsm8k,gsm8k_proj_54,0,0.0,False
Llama-3.2-1B→Llama-3.1-8B,gsm8k,gsm8k_proj_55,0,0.0,False
Llama-3.2-1B→Llama-3.1-8B,gsm8k,gsm8k_proj_56,0,0.0,False
Llama-3.2-1B→Llama-3.1-8B,gsm8k,gsm8k_proj_57,0,0.0,False
Llama-3.2-1B→Llama-3.1-8B,gsm8k,gsm8k_proj_58,0,0.0,False
Llama-3.2-1B→Llama-3.1-8B,gsm8k,gsm8k_proj_59,0,0.0,False
Llama-3.2-1B→Llama-3.1-8B,gsm8k,gsm8k_proj_6,0,0.0,False
Llama-3.2-1B→Llama-3.1-8B,gsm8k,gsm8k_proj_60,0,0.0,False
Llama-3.2-1B→Llama-3.1-8B,gsm8k,gsm8k_proj_61,0,0.0,False
Llama-3.2-1B→Llama-3.1-8B,gsm8k,gsm8k_proj_62,0,0.0,False
Llama-3.2-1B→Llama-3.1-8B,gsm8k,gsm8k_proj_63,0,0.0,False
Llama-3.2-1B→Llama-3.1-8B,gsm8k,gsm8k_proj_64,0,0.0,False
Llama-3.2-1B→Llama-3.1-8B,gsm8k,gsm8k_proj_65,0,0.0,False
Llama-3.2-1B→Llama-3.1-8B,gsm8k,gsm8k_proj_66,0,0.0,False
Llama-3.2-1B→Llama-3.1-8B,gsm8k,gsm8k_proj_67,0,0.0,False
Llama-3.2-1B→Llama-3.1-8B,gsm8k,gsm8k_proj_68,0,0.0,False
Llama-3.2-1B→Llama-3.1-8B,gsm8k,gsm8k_proj_69,0,0.0,False
Llama-3.2-1B→Llama-3.1-8B,gsm8k,gsm8k_proj_7,0,0.0,False
Llama-3.2-1B→Llama-3.1-8B,gsm8k,gsm8k_proj_70,1,0.16000000000000003,False
Llama-3.2-1B→Llama-3.1-8B,gsm8k,gsm8k_proj_71,0,0.0,False
Llama-3.2-1B→Llama-3.1-8B,gsm8k,gsm8k_proj_72,2,0.24000000000000005,True
Llama-3.2-1B→Llama-3.1-8B,gsm8k,gsm8k_proj_73,0,0.0,False
Llama-3.2-1B→Llama-3.1-8B,gsm8k,gsm8k_proj_74,0,0.0,False
Llama-3.2-1B→Llama-3.1-8B,gsm8k,gsm8k_proj_75,0,0.0,False
Llama-3.2-1B→Llama-3.1-8B,gsm8k,gsm8k_proj_76,0,0.0,False
Llama-3.2-1B→Llama-3.1-8B,gsm8k,gsm8k_proj_77,0,0.0,False
Llama-3.2-1B→Llama-3.1-8B,gsm8k,gsm8k_proj_78,0,0.0,False
Llama-3.2-1B→Llama-3.1-8B,gsm8k,gsm8k_proj_79,0,0.0,False
Llama-3.2-1B→Llama-3.1-8B,gsm8k,gsm8k_proj_8,0,0.0,False
Llama-3.2-1B→Llama-3.1-8B,gsm8k,gsm8k_proj_80,0,0.0,False
Llama-3.2-1B→Llama-3.1-8B,gsm8k,gsm8k_proj_81,0,0.0,False
Llama-3.2-1B→Llama-3.1-8B,gsm8k,gsm8k_proj_82,0,0.0,False
Llama-3.2-1B→Llama-3.1-8B,gsm8k,gsm8k_proj_83,0,0.0,False
Llama-3.2-1B→Llama-3.1-8B,gsm8k,gsm8k_proj_84,0,0.0,False
Llama-3.2-1B→Llama-3.1-8B,gsm8k,gsm8k_proj_85,0,0.0,False
Llama-3.2-1B→Llama-3.1-8B,gsm8k,gsm8k_proj_86,1,0.16,False
Llama-3.2-1B→Llama-3.1-8B,gsm8k,gsm8k_proj_87,0,0.0,False
Llama-3.2-1B→Llama-3.1-8B,gsm8k,gsm8k_proj_88,0,0.0,False
Llama-3.2-1B→Llama-3.1-8B,gsm8k,gsm8k_proj_89,0,0.0,False
Llama-3.2-1B→Llama-3.1-8B,gsm8k,gsm8k_proj_9,0,0.0,False
Llama-3.2-1B→Llama-3.1-8B,gsm8k,gsm8k_proj_90,0,0.0,False
Llama-3.2-1B→Llama-3.1-8B,gsm8k,gsm8k_proj_91,0,0.0,False
Llama-3.2-1B→Llama-3.1-8B,gsm8k,gsm8k_proj_92,2,0.24000000000000005,True
Llama-3.2-1B→Llama-3.1-8B,gsm8k,gsm8k_proj_93,0,0.0,False
Llama-3.2-1B→Llama-3.1-8B,gsm8k,gsm8k_proj_94,1,0.16,False
Llama-3.2-1B→Llama-3.1-8B,gsm8k,gsm8k_proj_95,0,0.0,False
Llama-3.2-1B→Llama-3.1-8B,gsm8k,gsm8k_proj_96,0,0.0,False
Llama-3.2-1B→Llama-3.1-8B,gsm8k,gsm8k_proj_97,1,0.16000000000000003,False
Llama-3.2-1B→Llama-3.1-8B,gsm8k,gsm8k_proj_98,0,0.0,False
Llama-3.2-1B→Llama-3.1-8B,gsm8k,gsm8k_proj_99,0,0.0,False
Llama-3.2-1B→Llama-3.1-8B,hellaswag,hellaswag_0,1,0.16,False
Llama-3.2-1B→Llama-3.1-8B,hellaswag,hellaswag_1,0,0.0,False
Llama-3.2-1B→Llama-3.1-8B,hellaswag,hellaswag_10,0,0.0,False
Llama-3.2-1B→Llama-3.1-8B,hellaswag,hellaswag_100,0,0.0,False
Llama-3.2-1B→Llama-3.1-8B,hellaswag,hellaswag_101,1,0.16,False
Llama-3.2-1B→Llama-3.1-8B,hellaswag,hellaswag_102,0,0.0,False
Llama-3.2-1B→Llama-3.1-8B,hellaswag,hellaswag_103,1,0.16000000000000006,False
Llama-3.2-1B→Llama-3.1-8B,hellaswag,hellaswag_104,0,0.0,False
Llama-3.2-1B→Llama-3.1-8B,hellaswag,hellaswag_105,0,0.0,False
Llama-3.2-1B→Llama-3.1-8B,hellaswag,hellaswag_106,0,0.0,False
Llama-3.2-1B→Llama-3.1-8B,hellaswag,hellaswag_107,0,0.0,False
Llama-3.2-1B→Llama-3.1-8B,hellaswag,hellaswag_108,0,0.0,False
Llama-3.2-1B→Llama-3.1-8B,hellaswag,hellaswag_109,1,0.24000000000000005,False
Llama-3.2-1B→Llama-3.1-8B,hellaswag,hellaswag_11,1,0.24000000000000005,False
Llama-3.2-1B→Llama-3.1-8B,hellaswag,hellaswag_110,0,0.0,False
Llama-3.2-1B→Llama-3.1-8B,hellaswag,hellaswag_111,1,0.24000000000000005,False
Llama-3.2-1B→Llama-3.1-8B,hellaswag,hellaswag_112,0,0.0,False
Llama-3.2-1B→Llama-3.1-8B,hellaswag,hellaswag_113,0,0.0,False
Llama-3.2-1B→Llama-3.1-8B,hellaswag,hellaswag_114,0,0.0,False
Llama-3.2-1B→Llama-3.1-8B,hellaswag,hellaswag_115,0,0.0,False
Llama-3.2-1B→Llama-3.1-8B,hellaswag,hellaswag_116,0,0.0,False
Llama-3.2-1B→Llama-3.1-8B,hellaswag,hellaswag_117,0,0.0,False
Llama-3.2-1B→Llama-3.1-8B,hellaswag,hellaswag_118,1,0.16,False
Llama-3.2-1B→Llama-3.1-8B,hellaswag,hellaswag_119,0,0.0,False
Llama-3.2-1B→Llama-3.1-8B,hellaswag,hellaswag_12,1,0.16,False
Llama-3.2-1B→Llama-3.1-8B,hellaswag,hellaswag_120,0,0.0,False
Llama-3.2-1B→Llama-3.1-8B,hellaswag,hellaswag_121,0,0.0,False
Llama-3.2-1B→Llama-3.1-8B,hellaswag,hellaswag_122,1,0.16000000000000006,False
Llama-3.2-1B→Llama-3.1-8B,hellaswag,hellaswag_123,0,0.0,False
Llama-3.2-1B→Llama-3.1-8B,hellaswag,hellaswag_124,0,0.0,False
Llama-3.2-1B→Llama-3.1-8B,hellaswag,hellaswag_125,0,0.0,False
Llama-3.2-1B→Llama-3.1-8B,hellaswag,hellaswag_126,0,0.0,False
Llama-3.2-1B→Llama-3.1-8B,hellaswag,hellaswag_127,0,0.0,False
Llama-3.2-1B→Llama-3.1-8B,hellaswag,hellaswag_128,1,0.16,False
Llama-3.2-1B→Llama-3.1-8B,hellaswag,hellaswag_129,1,0.24000000000000005,False
Llama-3.2-1B→Llama-3.1-8B,hellaswag,hellaswag_13,1,0.24000000000000005,False
Llama-3.2-1B→Llama-3.1-8B,hellaswag,hellaswag_130,1,0.16,False
Llama-3.2-1B→Llama-3.1-8B,hellaswag,hellaswag_131,1,0.24000000000000005,False
Llama-3.2-1B→Llama-3.1-8B,hellaswag,hellaswag_132,0,0.0,False
Llama-3.2-1B→Llama-3.1-8B,hellaswag,hellaswag_133,0,0.0,False
Llama-3.2-1B→Llama-3.1-8B,hellaswag,hellaswag_134,0,0.0,False
Llama-3.2-1B→Llama-3.1-8B,hellaswag,hellaswag_135,1,0.16000000000000006,False
Llama-3.2-1B→Llama-3.1-8B,hellaswag,hellaswag_136,0,0.0,False
Llama-3.2-1B→Llama-3.1-8B,hellaswag,hellaswag_137,0,0.0,False
Llama-3.2-1B→Llama-3.1-8B,hellaswag,hellaswag_138,0,0.0,False
Llama-3.2-1B→Llama-3.1-8B,hellaswag,hellaswag_139,2,0.16000000000000006,True
Llama-3.2-1B→Llama-3.1-8B,hellaswag,hellaswag_14,0,0.0,False
Llama-3.2-1B→Llama-3.1-8B,hellaswag,hellaswag_140,0,0.0,False
Llama-3.2-1B→Llama-3.1-8B,hellaswag,hellaswag_141,0,0.0,False
Llama-3.2-1B→Llama-3.1-8B,hellaswag,hellaswag_142,0,0.0,False
Llama-3.2-1B→Llama-3.1-8B,hellaswag,hellaswag_143,0,0.0,False
Llama-3.2-1B→Llama-3.1-8B,hellaswag,hellaswag_144,0,0.0,False
Llama-3.2-1B→Llama-3.1-8B,hellaswag,hellaswag_145,0,0.0,False
Llama-3.2-1B→Llama-3.1-8B,hellaswag,hellaswag_146,0,0.0,False
Llama-3.2-1B→Llama-3.1-8B,hellaswag,hellaswag_147,1,0.16,False
Llama-3.2-1B→Llama-3.1-8B,hellaswag,hellaswag_148,0,0.0,False
Llama-3.2-1B→Llama-3.1-8B,hellaswag,hellaswag_149,0,0.0,False
Llama-3.2-1B→Llama-3.1-8B,hellaswag,hellaswag_15,1,0.24000000000000005,False
Llama-3.2-1B→Llama-3.1-8B,hellaswag,hellaswag_150,0,0.0,False
Llama-3.2-1B→Llama-3.1-8B,hellaswag,hellaswag_151,0,0.0,False
Llama-3.2-1B→Llama-3.1-8B,hellaswag,hellaswag_152,0,0.0,False
Llama-3.2-1B→Llama-3.1-8B,hellaswag,hellaswag_153,0,0.0,False
Llama-3.2-1B→Llama-3.1-8B,hellaswag,hellaswag_154,1,0.24000000000000005,False
Llama-3.2-1B→Llama-3.1-8B,hellaswag,hellaswag_155,0,0.0,False
Llama-3.2-1B→Llama-3.1-8B,hellaswag,hellaswag_156,0,0.0,False
Llama-3.2-1B→Llama-3.1-8B,hellaswag,hellaswag_157,1,0.24000000000000005,False
Llama-3.2-1B→Llama-3.1-8B,hellaswag,hellaswag_158,0,0.0,False
Llama-3.2-1B→Llama-3.1-8B,hellaswag,hellaswag_159,1,0.24000000000000005,False
Llama-3.2-1B→Llama-3.1-8B,hellaswag,hellaswag_16,0,0.0,False
Llama-3.2-1B→Llama-3.1-8B,hellaswag,hellaswag_160,0,0.0,False
Llama-3.2-1B→Llama-3.1-8B,hellaswag,hellaswag_161,0,0.0,False
Llama-3.2-1B→Llama-3.1-8B,hellaswag,hellaswag_162,0,0.0,False
Llama-3.2-1B→Llama-3.1-8B,hellaswag,hellaswag_163,0,0.0,False
Llama-3.2-1B→Llama-3.1-8B,hellaswag,hellaswag_164,0,0.0,False
Llama-3.2-1B→Llama-3.1-8B,hellaswag,hellaswag_165,1,0.16,False
Llama-3.2-1B→Llama-3.1-8B,hellaswag,hellaswag_166,0,0.0,False
Llama-3.2-1B→Llama-3.1-8B,hellaswag,hellaswag_167,0,0.0,False
Llama-3.2-1B→Llama-3.1-8B,hellaswag,hellaswag_168,1,0.24000000000000005,False
Llama-3.2-1B→Llama-3.1-8B,hellaswag,hellaswag_169,0,0.0,False
Llama-3.2-1B→Llama-3.1-8B,hellaswag,hellaswag_17,0,0.0,False
Llama-3.2-1B→Llama-3.1-8B,hellaswag,hellaswag_170,1,0.24000000000000005,False
Llama-3.2-1B→Llama-3.1-8B,hellaswag,hellaswag_171,1,0.16,False
Llama-3.2-1B→Llama-3.1-8B,hellaswag,hellaswag_172,1,0.24000000000000005,False
Llama-3.2-1B→Llama-3.1-8B,hellaswag,hellaswag_173,1,0.16,False
Llama-3.2-1B→Llama-3.1-8B,hellaswag,hellaswag_174,0,0.0,False
Llama-3.2-1B→Llama-3.1-8B,hellaswag,hellaswag_175,0,0.0,False
Llama-3.2-1B→Llama-3.1-8B,hellaswag,hellaswag_176,0,0.0,False
Llama-3.2-1B→Llama-3.1-8B,hellaswag,hellaswag_177,0,0.0,False
Llama-3.2-1B→Llama-3.1-8B,hellaswag,hellaswag_178,1,0.16,False
Llama-3.2-1B→Llama-3.1-8B,hellaswag,hellaswag_179,0,0.0,False
Llama-3.2-1B→Llama-3.1-8B,hellaswag,hellaswag_18,2,0.16000000000000006,True
Llama-3.2-1B→Llama-3.1-8B,hellaswag,hellaswag_180,1,0.24000000000000005,False
Llama-3.2-1B→Llama-3.1-8B,hellaswag,hellaswag_181,0,0.0,False
Llama-3.2-1B→Llama-3.1-8B,hellaswag,hellaswag_182,0,0.0,False
Llama-3.2-1B→Llama-3.1-8B,hellaswag,hellaswag_183,0,0.0,False
Llama-3.2-1B→Llama-3.1-8B,hellaswag,hellaswag_184,1,0.16,False
Llama-3.2-1B→Llama-3.1-8B,hellaswag,hellaswag_185,0,0.0,False
Llama-3.2-1B→Llama-3.1-8B,hellaswag,hellaswag_186,0,0.0,False
Llama-3.2-1B→Llama-3.1-8B,hellaswag,hellaswag_187,1,0.16,False
Llama-3.2-1B→Llama-3.1-8B,hellaswag,hellaswag_188,0,0.0,False
Llama-3.2-1B→Llama-3.1-8B,hellaswag,hellaswag_189,0,0.0,False
Llama-3.2-1B→Llama-3.1-8B,hellaswag,hellaswag_19,0,0.0,False
Llama-3.2-1B→Llama-3.1-8B,hellaswag,hellaswag_190,0,0.0,False
Llama-3.2-1B→Llama-3.1-8B,hellaswag,hellaswag_191,0,0.0,False
Llama-3.2-1B→Llama-3.1-8B,hellaswag,hellaswag_192,0,0.0,False
Llama-3.2-1B→Llama-3.1-8B,hellaswag,hellaswag_193,0,0.0,False
Llama-3.2-1B→Llama-3.1-8B,hellaswag,hellaswag_194,0,0.0,False
Llama-3.2-1B→Llama-3.1-8B,hellaswag,hellaswag_195,1,0.24000000000000005,False
Llama-3.2-1B→Llama-3.1-8B,hellaswag,hellaswag_196,0,0.0,False
Llama-3.2-1B→Llama-3.1-8B,hellaswag,hellaswag_197,0,0.0,False
Llama-3.2-1B→Llama-3.1-8B,hellaswag,hellaswag_198,0,0.0,False
Llama-3.2-1B→Llama-3.1-8B,hellaswag,hellaswag_199,0,0.0,False
Llama-3.2-1B→Llama-3.1-8B,hellaswag,hellaswag_2,2,0.16000000000000006,True
Llama-3.2-1B→Llama-3.1-8B,hellaswag,hellaswag_20,0,0.0,False
Llama-3.2-1B→Llama-3.1-8B,hellaswag,hellaswag_200,1,0.24000000000000005,False
Llama-3.2-1B→Llama-3.1-8B,hellaswag,hellaswag_201,1,0.16000000000000006,False
Llama-3.2-1B→Llama-3.1-8B,hellaswag,hellaswag_202,0,0.0,False
Llama-3.2-1B→Llama-3.1-8B,hellaswag,hellaswag_203,0,0.0,False
Llama-3.2-1B→Llama-3.1-8B,hellaswag,hellaswag_204,1,0.16000000000000006,False
Llama-3.2-1B→Llama-3.1-8B,hellaswag,hellaswag_205,0,0.0,False
Llama-3.2-1B→Llama-3.1-8B,hellaswag,hellaswag_206,0,0.0,False
Llama-3.2-1B→Llama-3.1-8B,hellaswag,hellaswag_207,1,0.16,False
Llama-3.2-1B→Llama-3.1-8B,hellaswag,hellaswag_208,1,0.24000000000000005,False
Llama-3.2-1B→Llama-3.1-8B,hellaswag,hellaswag_209,1,0.24000000000000005,False
Llama-3.2-1B→Llama-3.1-8B,hellaswag,hellaswag_21,0,0.0,False
Llama-3.2-1B→Llama-3.1-8B,hellaswag,hellaswag_210,0,0.0,False
Llama-3.2-1B→Llama-3.1-8B,hellaswag,hellaswag_211,0,0.0,False
Llama-3.2-1B→Llama-3.1-8B,hellaswag,hellaswag_212,0,0.0,False
Llama-3.2-1B→Llama-3.1-8B,hellaswag,hellaswag_213,1,0.24000000000000005,False
Llama-3.2-1B→Llama-3.1-8B,hellaswag,hellaswag_214,0,0.0,False
Llama-3.2-1B→Llama-3.1-8B,hellaswag,hellaswag_215,0,0.0,False
Llama-3.2-1B→Llama-3.1-8B,hellaswag,hellaswag_216,1,0.24000000000000005,False
Llama-3.2-1B→Llama-3.1-8B,hellaswag,hellaswag_217,1,0.16000000000000006,False
Llama-3.2-1B→Llama-3.1-8B,hellaswag,hellaswag_218,1,0.16000000000000006,False
Llama-3.2-1B→Llama-3.1-8B,hellaswag,hellaswag_219,0,0.0,False
Llama-3.2-1B→Llama-3.1-8B,hellaswag,hellaswag_22,0,0.0,False
Llama-3.2-1B→Llama-3.1-8B,hellaswag,hellaswag_220,0,0.0,False
Llama-3.2-1B→Llama-3.1-8B,hellaswag,hellaswag_221,0,0.0,False
Llama-3.2-1B→Llama-3.1-8B,hellaswag,hellaswag_222,0,0.0,False
Llama-3.2-1B→Llama-3.1-8B,hellaswag,hellaswag_223,1,0.16000000000000006,False
Llama-3.2-1B→Llama-3.1-8B,hellaswag,hellaswag_224,0,0.0,False
Llama-3.2-1B→Llama-3.1-8B,hellaswag,hellaswag_225,1,0.16,False
Llama-3.2-1B→Llama-3.1-8B,hellaswag,hellaswag_226,0,0.0,False
Llama-3.2-1B→Llama-3.1-8B,hellaswag,hellaswag_227,0,0.0,False
Llama-3.2-1B→Llama-3.1-8B,hellaswag,hellaswag_228,0,0.0,False
Llama-3.2-1B→Llama-3.1-8B,hellaswag,hellaswag_229,0,0.0,False
Llama-3.2-1B→Llama-3.1-8B,hellaswag,hellaswag_23,1,0.16,False
Llama-3.2-1B→Llama-3.1-8B,hellaswag,hellaswag_230,0,0.0,False
Llama-3.2-1B→Llama-3.1-8B,hellaswag,hellaswag_231,0,0.0,False
Llama-3.2-1B→Llama-3.1-8B,hellaswag,hellaswag_232,0,0.0,False
Llama-3.2-1B→Llama-3.1-8B,hellaswag,hellaswag_233,0,0.0,False
Llama-3.2-1B→Llama-3.1-8B,hellaswag,hellaswag_234,1,0.16,False
Llama-3.2-1B→Llama-3.1-8B,hellaswag,hellaswag_235,1,0.16,False
Llama-3.2-1B→Llama-3.1-8B,hellaswag,hellaswag_236,0,0.0,False
Llama-3.2-1B→Llama-3.1-8B,hellaswag,hellaswag_237,1,0.16000000000000003,False
Llama-3.2-1B→Llama-3.1-8B,hellaswag,hellaswag_238,0,0.0,False
Llama-3.2-1B→Llama-3.1-8B,hellaswag,hellaswag_239,0,0.0,False
Llama-3.2-1B→Llama-3.1-8B,hellaswag,hellaswag_24,0,0.0,False
Llama-3.2-1B→Llama-3.1-8B,hellaswag,hellaswag_240,1,0.16,False
Llama-3.2-1B→Llama-3.1-8B,hellaswag,hellaswag_241,0,0.0,False
Llama-3.2-1B→Llama-3.1-8B,hellaswag,hellaswag_242,1,0.24000000000000005,False
Llama-3.2-1B→Llama-3.1-8B,hellaswag,hellaswag_243,1,0.16,False
Llama-3.2-1B→Llama-3.1-8B,hellaswag,hellaswag_244,0,0.0,False
Llama-3.2-1B→Llama-3.1-8B,hellaswag,hellaswag_245,0,0.0,False
Llama-3.2-1B→Llama-3.1-8B,hellaswag,hellaswag_246,1,0.16,False
Llama-3.2-1B→Llama-3.1-8B,hellaswag,hellaswag_247,0,0.0,False
Llama-3.2-1B→Llama-3.1-8B,hellaswag,hellaswag_248,1,0.24000000000000005,False
Llama-3.2-1B→Llama-3.1-8B,hellaswag,hellaswag_249,0,0.0,False
Llama-3.2-1B→Llama-3.1-8B,hellaswag,hellaswag_25,1,0.16,False
Llama-3.2-1B→Llama-3.1-8B,hellaswag,hellaswag_250,0,0.0,False
Llama-3.2-1B→Llama-3.1-8B,hellaswag,hellaswag_251,0,0.0,False
Llama-3.2-1B→Llama-3.1-8B,hellaswag,hellaswag_252,0,0.0,False
Llama-3.2-1B→Llama-3.1-8B,hellaswag,hellaswag_253,1,0.24000000000000005,False
Llama-3.2-1B→Llama-3.1-8B,hellaswag,hellaswag_254,0,0.0,False
Llama-3.2-1B→Llama-3.1-8B,hellaswag,hellaswag_255,0,0.0,False
Llama-3.2-1B→Llama-3.1-8B,hellaswag,hellaswag_256,0,0.0,False
Llama-3.2-1B→Llama-3.1-8B,hellaswag,hellaswag_257,1,0.24000000000000005,False
Llama-3.2-1B→Llama-3.1-8B,hellaswag,hellaswag_258,1,0.16000000000000006,False
Llama-3.2-1B→Llama-3.1-8B,hellaswag,hellaswag_259,0,0.0,False
Llama-3.2-1B→Llama-3.1-8B,hellaswag,hellaswag_26,0,0.0,False
Llama-3.2-1B→Llama-3.1-8B,hellaswag,hellaswag_260,1,0.24000000000000005,False
Llama-3.2-1B→Llama-3.1-8B,hellaswag,hellaswag_261,0,0.0,False
Llama-3.2-1B→Llama-3.1-8B,hellaswag,hellaswag_262,0,0.0,False
Llama-3.2-1B→Llama-3.1-8B,hellaswag,hellaswag_263,0,0.0,False
Llama-3.2-1B→Llama-3.1-8B,hellaswag,hellaswag_264,0,0.0,False
Llama-3.2-1B→Llama-3.1-8B,hellaswag,hellaswag_265,0,0.0,False
Llama-3.2-1B→Llama-3.1-8B,hellaswag,hellaswag_266,0,0.0,False
Llama-3.2-1B→Llama-3.1-8B,hellaswag,hellaswag_267,0,0.0,False
Llama-3.2-1B→Llama-3.1-8B,hellaswag,hellaswag_268,1,0.16000000000000006,False
Llama-3.2-1B→Llama-3.1-8B,hellaswag,hellaswag_269,1,0.24000000000000005,False
Llama-3.2-1B→Llama-3.1-8B,hellaswag,hellaswag_27,1,0.16,False
Llama-3.2-1B→Llama-3.1-8B,hellaswag,hellaswag_270,1,0.16,False
Llama-3.2-1B→Llama-3.1-8B,hellaswag,hellaswag_271,0,0.0,False
Llama-3.2-1B→Llama-3.1-8B,hellaswag,hellaswag_272,1,0.24000000000000005,False
Llama-3.2-1B→Llama-3.1-8B,hellaswag,hellaswag_273,0,0.0,False
Llama-3.2-1B→Llama-3.1-8B,hellaswag,hellaswag_274,1,0.16000000000000006,False
Llama-3.2-1B→Llama-3.1-8B,hellaswag,hellaswag_275,0,0.0,False
Llama-3.2-1B→Llama-3.1-8B,hellaswag,hellaswag_276,1,0.24000000000000005,False
Llama-3.2-1B→Llama-3.1-8B,hellaswag,hellaswag_277,0,0.0,False
Llama-3.2-1B→Llama-3.1-8B,hellaswag,hellaswag_278,1,0.24000000000000005,False
Llama-3.2-1B→Llama-3.1-8B,hellaswag,hellaswag_279,0,0.0,False
Llama-3.2-1B→Llama-3.1-8B,hellaswag,hellaswag_28,1,0.16,False
Llama-3.2-1B→Llama-3.1-8B,hellaswag,hellaswag_280,0,0.0,False
Llama-3.2-1B→Llama-3.1-8B,hellaswag,hellaswag_281,1,0.24000000000000005,False
Llama-3.2-1B→Llama-3.1-8B,hellaswag,hellaswag_282,0,0.0,False
Llama-3.2-1B→Llama-3.1-8B,hellaswag,hellaswag_283,1,0.16000000000000006,False
Llama-3.2-1B→Llama-3.1-8B,hellaswag,hellaswag_284,0,0.0,False
Llama-3.2-1B→Llama-3.1-8B,hellaswag,hellaswag_285,0,0.0,False
Llama-3.2-1B→Llama-3.1-8B,hellaswag,hellaswag_286,1,0.16000000000000006,False
Llama-3.2-1B→Llama-3.1-8B,hellaswag,hellaswag_287,0,0.0,False
Llama-3.2-1B→Llama-3.1-8B,hellaswag,hellaswag_288,0,0.0,False
Llama-3.2-1B→Llama-3.1-8B,hellaswag,hellaswag_289,1,0.16000000000000006,False
Llama-3.2-1B→Llama-3.1-8B,hellaswag,hellaswag_29,0,0.0,False
Llama-3.2-1B→Llama-3.1-8B,hellaswag,hellaswag_290,1,0.16000000000000006,False
Llama-3.2-1B→Llama-3.1-8B,hellaswag,hellaswag_291,0,0.0,False
Llama-3.2-1B→Llama-3.1-8B,hellaswag,hellaswag_292,0,0.0,False
Llama-3.2-1B→Llama-3.1-8B,hellaswag,hellaswag_293,0,0.0,False
Llama-3.2-1B→Llama-3.1-8B,hellaswag,hellaswag_294,0,0.0,False
Llama-3.2-1B→Llama-3.1-8B,hellaswag,hellaswag_295,1,0.24000000000000005,False
Llama-3.2-1B→Llama-3.1-8B,hellaswag,hellaswag_296,0,0.0,False
Llama-3.2-1B→Llama-3.1-8B,hellaswag,hellaswag_297,1,0.24000000000000005,False
Llama-3.2-1B→Llama-3.1-8B,hellaswag,hellaswag_298,1,0.16,False
Llama-3.2-1B→Llama-3.1-8B,hellaswag,hellaswag_299,1,0.16,False
Llama-3.2-1B→Llama-3.1-8B,hellaswag,hellaswag_3,0,0.0,False
Llama-3.2-1B→Llama-3.1-8B,hellaswag,hellaswag_30,1,0.24000000000000005,False
Llama-3.2-1B→Llama-3.1-8B,hellaswag,hellaswag_300,1,0.24000000000000005,False
Llama-3.2-1B→Llama-3.1-8B,hellaswag,hellaswag_301,0,0.0,False
Llama-3.2-1B→Llama-3.1-8B,hellaswag,hellaswag_302,0,0.0,False
Llama-3.2-1B→Llama-3.1-8B,hellaswag,hellaswag_303,1,0.16000000000000006,False
Llama-3.2-1B→Llama-3.1-8B,hellaswag,hellaswag_304,1,0.16,False
Llama-3.2-1B→Llama-3.1-8B,hellaswag,hellaswag_305,1,0.16,False
Llama-3.2-1B→Llama-3.1-8B,hellaswag,hellaswag_306,0,0.0,False
Llama-3.2-1B→Llama-3.1-8B,hellaswag,hellaswag_307,1,0.24000000000000005,False
Llama-3.2-1B→Llama-3.1-8B,hellaswag,hellaswag_308,1,0.16000000000000006,False
Llama-3.2-1B→Llama-3.1-8B,hellaswag,hellaswag_309,1,0.16000000000000006,False
Llama-3.2-1B→Llama-3.1-8B,hellaswag,hellaswag_31,1,0.16,False
Llama-3.2-1B→Llama-3.1-8B,hellaswag,hellaswag_310,0,0.0,False
Llama-3.2-1B→Llama-3.1-8B,hellaswag,hellaswag_311,0,0.0,False
Llama-3.2-1B→Llama-3.1-8B,hellaswag,hellaswag_312,0,0.0,False
Llama-3.2-1B→Llama-3.1-8B,hellaswag,hellaswag_313,0,0.0,False
Llama-3.2-1B→Llama-3.1-8B,hellaswag,hellaswag_314,0,0.0,False
Llama-3.2-1B→Llama-3.1-8B,hellaswag,hellaswag_315,0,0.0,False
Llama-3.2-1B→Llama-3.1-8B,hellaswag,hellaswag_316,0,0.0,False
Llama-3.2-1B→Llama-3.1-8B,hellaswag,hellaswag_317,0,0.0,False
Llama-3.2-1B→Llama-3.1-8B,hellaswag,hellaswag_318,0,0.0,False
Llama-3.2-1B→Llama-3.1-8B,hellaswag,hellaswag_319,1,0.24000000000000005,False
Llama-3.2-1B→Llama-3.1-8B,hellaswag,hellaswag_32,0,0.0,False
Llama-3.2-1B→Llama-3.1-8B,hellaswag,hellaswag_320,0,0.0,False
Llama-3.2-1B→Llama-3.1-8B,hellaswag,hellaswag_321,0,0.0,False
Llama-3.2-1B→Llama-3.1-8B,hellaswag,hellaswag_322,0,0.0,False
Llama-3.2-1B→Llama-3.1-8B,hellaswag,hellaswag_323,1,0.16,False
Llama-3.2-1B→Llama-3.1-8B,hellaswag,hellaswag_324,0,0.0,False
Llama-3.2-1B→Llama-3.1-8B,hellaswag,hellaswag_325,1,0.24000000000000005,False
Llama-3.2-1B→Llama-3.1-8B,hellaswag,hellaswag_326,0,0.0,False
Llama-3.2-1B→Llama-3.1-8B,hellaswag,hellaswag_327,0,0.0,False
Llama-3.2-1B→Llama-3.1-8B,hellaswag,hellaswag_328,1,0.24000000000000005,False
Llama-3.2-1B→Llama-3.1-8B,hellaswag,hellaswag_329,1,0.16,False
Llama-3.2-1B→Llama-3.1-8B,hellaswag,hellaswag_33,1,0.24000000000000005,False
Llama-3.2-1B→Llama-3.1-8B,hellaswag,hellaswag_330,1,0.24000000000000005,False
Llama-3.2-1B→Llama-3.1-8B,hellaswag,hellaswag_331,0,0.0,False
Llama-3.2-1B→Llama-3.1-8B,hellaswag,hellaswag_332,0,0.0,False
Llama-3.2-1B→Llama-3.1-8B,hellaswag,hellaswag_333,0,0.0,False
Llama-3.2-1B→Llama-3.1-8B,hellaswag,hellaswag_334,0,0.0,False
Llama-3.2-1B→Llama-3.1-8B,hellaswag,hellaswag_335,0,0.0,False
Llama-3.2-1B→Llama-3.1-8B,hellaswag,hellaswag_336,1,0.16000000000000006,False
Llama-3.2-1B→Llama-3.1-8B,hellaswag,hellaswag_337,1,0.16000000000000003,False
Llama-3.2-1B→Llama-3.1-8B,hellaswag,hellaswag_338,0,0.0,False
Llama-3.2-1B→Llama-3.1-8B,hellaswag,hellaswag_339,0,0.0,False
Llama-3.2-1B→Llama-3.1-8B,hellaswag,hellaswag_34,0,0.0,False
Llama-3.2-1B→Llama-3.1-8B,hellaswag,hellaswag_340,0,0.0,False
Llama-3.2-1B→Llama-3.1-8B,hellaswag,hellaswag_341,0,0.0,False
Llama-3.2-1B→Llama-3.1-8B,hellaswag,hellaswag_342,0,0.0,False
Llama-3.2-1B→Llama-3.1-8B,hellaswag,hellaswag_343,1,0.16000000000000006,False
Llama-3.2-1B→Llama-3.1-8B,hellaswag,hellaswag_344,1,0.24000000000000005,False
Llama-3.2-1B→Llama-3.1-8B,hellaswag,hellaswag_345,0,0.0,False
Llama-3.2-1B→Llama-3.1-8B,hellaswag,hellaswag_346,1,0.16000000000000006,False
Llama-3.2-1B→Llama-3.1-8B,hellaswag,hellaswag_347,0,0.0,False
Llama-3.2-1B→Llama-3.1-8B,hellaswag,hellaswag_348,0,0.0,False
Llama-3.2-1B→Llama-3.1-8B,hellaswag,hellaswag_349,1,0.24000000000000005,False
Llama-3.2-1B→Llama-3.1-8B,hellaswag,hellaswag_35,0,0.0,False
Llama-3.2-1B→Llama-3.1-8B,hellaswag,hellaswag_350,0,0.0,False
Llama-3.2-1B→Llama-3.1-8B,hellaswag,hellaswag_351,0,0.0,False
Llama-3.2-1B→Llama-3.1-8B,hellaswag,hellaswag_352,0,0.0,False
Llama-3.2-1B→Llama-3.1-8B,hellaswag,hellaswag_353,0,0.0,False
Llama-3.2-1B→Llama-3.1-8B,hellaswag,hellaswag_354,0,0.0,False
Llama-3.2-1B→Llama-3.1-8B,hellaswag,hellaswag_355,0,0.0,False
Llama-3.2-1B→Llama-3.1-8B,hellaswag,hellaswag_356,0,0.0,False
Llama-3.2-1B→Llama-3.1-8B,hellaswag,hellaswag_357,1,0.24000000000000005,False
Llama-3.2-1B→Llama-3.1-8B,hellaswag,hellaswag_358,0,0.0,False
Llama-3.2-1B→Llama-3.1-8B,hellaswag,hellaswag_359,0,0.0,False
Llama-3.2-1B→Llama-3.1-8B,hellaswag,hellaswag_36,0,0.0,False
Llama-3.2-1B→Llama-3.1-8B,hellaswag,hellaswag_360,1,0.24000000000000005,False
Llama-3.2-1B→Llama-3.1-8B,hellaswag,hellaswag_361,0,0.0,False
Llama-3.2-1B→Llama-3.1-8B,hellaswag,hellaswag_362,0,0.0,False
Llama-3.2-1B→Llama-3.1-8B,hellaswag,hellaswag_363,0,0.0,False
Llama-3.2-1B→Llama-3.1-8B,hellaswag,hellaswag_364,0,0.0,False
Llama-3.2-1B→Llama-3.1-8B,hellaswag,hellaswag_365,0,0.0,False
Llama-3.2-1B→Llama-3.1-8B,hellaswag,hellaswag_366,0,0.0,False
Llama-3.2-1B→Llama-3.1-8B,hellaswag,hellaswag_367,0,0.0,False
Llama-3.2-1B→Llama-3.1-8B,hellaswag,hellaswag_368,0,0.0,False
Llama-3.2-1B→Llama-3.1-8B,hellaswag,hellaswag_369,1,0.16000000000000006,False
Llama-3.2-1B→Llama-3.1-8B,hellaswag,hellaswag_37,0,0.0,False
Llama-3.2-1B→Llama-3.1-8B,hellaswag,hellaswag_370,0,0.0,False
Llama-3.2-1B→Llama-3.1-8B,hellaswag,hellaswag_371,0,0.0,False
Llama-3.2-1B→Llama-3.1-8B,hellaswag,hellaswag_372,0,0.0,False
Llama-3.2-1B→Llama-3.1-8B,hellaswag,hellaswag_373,0,0.0,False
Llama-3.2-1B→Llama-3.1-8B,hellaswag,hellaswag_374,0,0.0,False
Llama-3.2-1B→Llama-3.1-8B,hellaswag,hellaswag_375,0,0.0,False
Llama-3.2-1B→Llama-3.1-8B,hellaswag,hellaswag_376,0,0.0,False
Llama-3.2-1B→Llama-3.1-8B,hellaswag,hellaswag_377,0,0.0,False
Llama-3.2-1B→Llama-3.1-8B,hellaswag,hellaswag_378,0,0.0,False
Llama-3.2-1B→Llama-3.1-8B,hellaswag,hellaswag_379,0,0.0,False
Llama-3.2-1B→Llama-3.1-8B,hellaswag,hellaswag_38,0,0.0,False
Llama-3.2-1B→Llama-3.1-8B,hellaswag,hellaswag_380,0,0.0,False
Llama-3.2-1B→Llama-3.1-8B,hellaswag,hellaswag_381,1,0.16,False
Llama-3.2-1B→Llama-3.1-8B,hellaswag,hellaswag_382,1,0.24000000000000005,False
Llama-3.2-1B→Llama-3.1-8B,hellaswag,hellaswag_383,0,0.0,False
Llama-3.2-1B→Llama-3.1-8B,hellaswag,hellaswag_384,1,0.16,False
Llama-3.2-1B→Llama-3.1-8B,hellaswag,hellaswag_385,1,0.16,False
Llama-3.2-1B→Llama-3.1-8B,hellaswag,hellaswag_386,0,0.0,False
Llama-3.2-1B→Llama-3.1-8B,hellaswag,hellaswag_387,1,0.16000000000000006,False
Llama-3.2-1B→Llama-3.1-8B,hellaswag,hellaswag_388,1,0.16000000000000006,False
Llama-3.2-1B→Llama-3.1-8B,hellaswag,hellaswag_389,1,0.24000000000000005,False
Llama-3.2-1B→Llama-3.1-8B,hellaswag,hellaswag_39,0,0.0,False
Llama-3.2-1B→Llama-3.1-8B,hellaswag,hellaswag_390,0,0.0,False
Llama-3.2-1B→Llama-3.1-8B,hellaswag,hellaswag_391,1,0.24000000000000005,False
Llama-3.2-1B→Llama-3.1-8B,hellaswag,hellaswag_392,0,0.0,False
Llama-3.2-1B→Llama-3.1-8B,hellaswag,hellaswag_393,1,0.16,False
Llama-3.2-1B→Llama-3.1-8B,hellaswag,hellaswag_394,0,0.0,False
Llama-3.2-1B→Llama-3.1-8B,hellaswag,hellaswag_395,0,0.0,False
Llama-3.2-1B→Llama-3.1-8B,hellaswag,hellaswag_396,0,0.0,False
Llama-3.2-1B→Llama-3.1-8B,hellaswag,hellaswag_397,0,0.0,False
Llama-3.2-1B→Llama-3.1-8B,hellaswag,hellaswag_398,1,0.24000000000000005,False
Llama-3.2-1B→Llama-3.1-8B,hellaswag,hellaswag_399,0,0.0,False
Llama-3.2-1B→Llama-3.1-8B,hellaswag,hellaswag_4,1,0.24000000000000005,False
Llama-3.2-1B→Llama-3.1-8B,hellaswag,hellaswag_40,0,0.0,False
Llama-3.2-1B→Llama-3.1-8B,hellaswag,hellaswag_400,0,0.0,False
Llama-3.2-1B→Llama-3.1-8B,hellaswag,hellaswag_401,0,0.0,False
Llama-3.2-1B→Llama-3.1-8B,hellaswag,hellaswag_402,0,0.0,False
Llama-3.2-1B→Llama-3.1-8B,hellaswag,hellaswag_403,0,0.0,False
Llama-3.2-1B→Llama-3.1-8B,hellaswag,hellaswag_404,0,0.0,False
Llama-3.2-1B→Llama-3.1-8B,hellaswag,hellaswag_405,1,0.16000000000000006,False
Llama-3.2-1B→Llama-3.1-8B,hellaswag,hellaswag_406,0,0.0,False
Llama-3.2-1B→Llama-3.1-8B,hellaswag,hellaswag_407,1,0.16,False
Llama-3.2-1B→Llama-3.1-8B,hellaswag,hellaswag_408,0,0.0,False
Llama-3.2-1B→Llama-3.1-8B,hellaswag,hellaswag_409,1,0.24000000000000005,False
Llama-3.2-1B→Llama-3.1-8B,hellaswag,hellaswag_41,0,0.0,False
Llama-3.2-1B→Llama-3.1-8B,hellaswag,hellaswag_410,0,0.0,False
Llama-3.2-1B→Llama-3.1-8B,hellaswag,hellaswag_411,2,0.24000000000000005,True
Llama-3.2-1B→Llama-3.1-8B,hellaswag,hellaswag_412,0,0.0,False
Llama-3.2-1B→Llama-3.1-8B,hellaswag,hellaswag_413,1,0.16,False
Llama-3.2-1B→Llama-3.1-8B,hellaswag,hellaswag_414,0,0.0,False
Llama-3.2-1B→Llama-3.1-8B,hellaswag,hellaswag_415,0,0.0,False
Llama-3.2-1B→Llama-3.1-8B,hellaswag,hellaswag_416,0,0.0,False
Llama-3.2-1B→Llama-3.1-8B,hellaswag,hellaswag_417,0,0.0,False
Llama-3.2-1B→Llama-3.1-8B,hellaswag,hellaswag_418,0,0.0,False
Llama-3.2-1B→Llama-3.1-8B,hellaswag,hellaswag_419,1,0.16,False
Llama-3.2-1B→Llama-3.1-8B,hellaswag,hellaswag_42,0,0.0,False
Llama-3.2-1B→Llama-3.1-8B,hellaswag,hellaswag_420,0,0.0,False
Llama-3.2-1B→Llama-3.1-8B,hellaswag,hellaswag_421,1,0.24000000000000005,False
Llama-3.2-1B→Llama-3.1-8B,hellaswag,hellaswag_422,0,0.0,False
Llama-3.2-1B→Llama-3.1-8B,hellaswag,hellaswag_423,0,0.0,False
Llama-3.2-1B→Llama-3.1-8B,hellaswag,hellaswag_424,0,0.0,False
Llama-3.2-1B→Llama-3.1-8B,hellaswag,hellaswag_425,0,0.0,False
Llama-3.2-1B→Llama-3.1-8B,hellaswag,hellaswag_426,0,0.0,False
Llama-3.2-1B→Llama-3.1-8B,hellaswag,hellaswag_427,0,0.0,False
Llama-3.2-1B→Llama-3.1-8B,hellaswag,hellaswag_428,1,0.24000000000000005,False
Llama-3.2-1B→Llama-3.1-8B,hellaswag,hellaswag_429,0,0.0,False
Llama-3.2-1B→Llama-3.1-8B,hellaswag,hellaswag_43,0,0.0,False
Llama-3.2-1B→Llama-3.1-8B,hellaswag,hellaswag_430,1,0.24000000000000005,False
Llama-3.2-1B→Llama-3.1-8B,hellaswag,hellaswag_431,0,0.0,False
Llama-3.2-1B→Llama-3.1-8B,hellaswag,hellaswag_432,0,0.0,False
Llama-3.2-1B→Llama-3.1-8B,hellaswag,hellaswag_433,1,0.24000000000000005,False
Llama-3.2-1B→Llama-3.1-8B,hellaswag,hellaswag_434,1,0.16,False
Llama-3.2-1B→Llama-3.1-8B,hellaswag,hellaswag_435,1,0.16,False
Llama-3.2-1B→Llama-3.1-8B,hellaswag,hellaswag_436,0,0.0,False
Llama-3.2-1B→Llama-3.1-8B,hellaswag,hellaswag_437,1,0.24000000000000005,False
Llama-3.2-1B→Llama-3.1-8B,hellaswag,hellaswag_438,0,0.0,False
Llama-3.2-1B→Llama-3.1-8B,hellaswag,hellaswag_439,0,0.0,False
Llama-3.2-1B→Llama-3.1-8B,hellaswag,hellaswag_44,0,0.0,False
Llama-3.2-1B→Llama-3.1-8B,hellaswag,hellaswag_440,0,0.0,False
Llama-3.2-1B→Llama-3.1-8B,hellaswag,hellaswag_441,1,0.24000000000000005,False
Llama-3.2-1B→Llama-3.1-8B,hellaswag,hellaswag_442,1,0.24000000000000005,False
Llama-3.2-1B→Llama-3.1-8B,hellaswag,hellaswag_443,0,0.0,False
Llama-3.2-1B→Llama-3.1-8B,hellaswag,hellaswag_444,0,0.0,False
Llama-3.2-1B→Llama-3.1-8B,hellaswag,hellaswag_445,0,0.0,False
Llama-3.2-1B→Llama-3.1-8B,hellaswag,hellaswag_446,1,0.24000000000000005,False
Llama-3.2-1B→Llama-3.1-8B,hellaswag,hellaswag_447,0,0.0,False
Llama-3.2-1B→Llama-3.1-8B,hellaswag,hellaswag_448,1,0.24000000000000005,False
Llama-3.2-1B→Llama-3.1-8B,hellaswag,hellaswag_449,1,0.24000000000000005,False
Llama-3.2-1B→Llama-3.1-8B,hellaswag,hellaswag_45,0,0.0,False
Llama-3.2-1B→Llama-3.1-8B,hellaswag,hellaswag_450,1,0.24000000000000005,False
Llama-3.2-1B→Llama-3.1-8B,hellaswag,hellaswag_451,0,0.0,False
Llama-3.2-1B→Llama-3.1-8B,hellaswag,hellaswag_452,0,0.0,False
Llama-3.2-1B→Llama-3.1-8B,hellaswag,hellaswag_453,1,0.16000000000000003,False
Llama-3.2-1B→Llama-3.1-8B,hellaswag,hellaswag_454,0,0.0,False
Llama-3.2-1B→Llama-3.1-8B,hellaswag,hellaswag_455,0,0.0,False
Llama-3.2-1B→Llama-3.1-8B,hellaswag,hellaswag_456,0,0.0,False
Llama-3.2-1B→Llama-3.1-8B,hellaswag,hellaswag_457,0,0.0,False
Llama-3.2-1B→Llama-3.1-8B,hellaswag,hellaswag_458,0,0.0,False
Llama-3.2-1B→Llama-3.1-8B,hellaswag,hellaswag_459,0,0.0,False
Llama-3.2-1B→Llama-3.1-8B,hellaswag,hellaswag_46,1,0.24000000000000005,False
Llama-3.2-1B→Llama-3.1-8B,hellaswag,hellaswag_460,0,0.0,False
Llama-3.2-1B→Llama-3.1-8B,hellaswag,hellaswag_461,0,0.0,False
Llama-3.2-1B→Llama-3.1-8B,hellaswag,hellaswag_462,1,0.16,False
Llama-3.2-1B→Llama-3.1-8B,hellaswag,hellaswag_463,0,0.0,False
Llama-3.2-1B→Llama-3.1-8B,hellaswag,hellaswag_464,0,0.0,False
Llama-3.2-1B→Llama-3.1-8B,hellaswag,hellaswag_465,0,0.0,False
Llama-3.2-1B→Llama-3.1-8B,hellaswag,hellaswag_466,0,0.0,False
Llama-3.2-1B→Llama-3.1-8B,hellaswag,hellaswag_467,1,0.24000000000000005,False
Llama-3.2-1B→Llama-3.1-8B,hellaswag,hellaswag_468,0,0.0,False
Llama-3.2-1B→Llama-3.1-8B,hellaswag,hellaswag_469,0,0.0,False
Llama-3.2-1B→Llama-3.1-8B,hellaswag,hellaswag_47,0,0.0,False
Llama-3.2-1B→Llama-3.1-8B,hellaswag,hellaswag_470,0,0.0,False
Llama-3.2-1B→Llama-3.1-8B,hellaswag,hellaswag_471,0,0.0,False
Llama-3.2-1B→Llama-3.1-8B,hellaswag,hellaswag_472,1,0.16000000000000006,False
Llama-3.2-1B→Llama-3.1-8B,hellaswag,hellaswag_473,0,0.0,False
Llama-3.2-1B→Llama-3.1-8B,hellaswag,hellaswag_474,1,0.24000000000000005,False
Llama-3.2-1B→Llama-3.1-8B,hellaswag,hellaswag_475,0,0.0,False
Llama-3.2-1B→Llama-3.1-8B,hellaswag,hellaswag_476,1,0.24000000000000005,False
Llama-3.2-1B→Llama-3.1-8B,hellaswag,hellaswag_477,0,0.0,False
Llama-3.2-1B→Llama-3.1-8B,hellaswag,hellaswag_478,1,0.16,False
Llama-3.2-1B→Llama-3.1-8B,hellaswag,hellaswag_479,0,0.0,False
Llama-3.2-1B→Llama-3.1-8B,hellaswag,hellaswag_48,0,0.0,False
Llama-3.2-1B→Llama-3.1-8B,hellaswag,hellaswag_480,0,0.0,False
Llama-3.2-1B→Llama-3.1-8B,hellaswag,hellaswag_481,0,0.0,False
Llama-3.2-1B→Llama-3.1-8B,hellaswag,hellaswag_482,0,0.0,False
Llama-3.2-1B→Llama-3.1-8B,hellaswag,hellaswag_483,1,0.16,False
Llama-3.2-1B→Llama-3.1-8B,hellaswag,hellaswag_484,0,0.0,False
Llama-3.2-1B→Llama-3.1-8B,hellaswag,hellaswag_485,0,0.0,False
Llama-3.2-1B→Llama-3.1-8B,hellaswag,hellaswag_486,0,0.0,False
Llama-3.2-1B→Llama-3.1-8B,hellaswag,hellaswag_487,0,0.0,False
Llama-3.2-1B→Llama-3.1-8B,hellaswag,hellaswag_488,0,0.0,False
Llama-3.2-1B→Llama-3.1-8B,hellaswag,hellaswag_489,0,0.0,False
Llama-3.2-1B→Llama-3.1-8B,hellaswag,hellaswag_49,0,0.0,False
Llama-3.2-1B→Llama-3.1-8B,hellaswag,hellaswag_490,0,0.0,False
Llama-3.2-1B→Llama-3.1-8B,hellaswag,hellaswag_491,1,0.24000000000000005,False
Llama-3.2-1B→Llama-3.1-8B,hellaswag,hellaswag_492,0,0.0,False
Llama-3.2-1B→Llama-3.1-8B,hellaswag,hellaswag_493,0,0.0,False
Llama-3.2-1B→Llama-3.1-8B,hellaswag,hellaswag_494,0,0.0,False
Llama-3.2-1B→Llama-3.1-8B,hellaswag,hellaswag_495,0,0.0,False
Llama-3.2-1B→Llama-3.1-8B,hellaswag,hellaswag_496,0,0.0,False
Llama-3.2-1B→Llama-3.1-8B,hellaswag,hellaswag_497,0,0.0,False
Llama-3.2-1B→Llama-3.1-8B,hellaswag,hellaswag_498,0,0.0,False
Llama-3.2-1B→Llama-3.1-8B,hellaswag,hellaswag_499,0,0.0,False
Llama-3.2-1B→Llama-3.1-8B,hellaswag,hellaswag_5,0,0.0,False
Llama-3.2-1B→Llama-3.1-8B,hellaswag,hellaswag_50,0,0.0,False
Llama-3.2-1B→Llama-3.1-8B,hellaswag,hellaswag_51,1,0.16000000000000006,False
Llama-3.2-1B→Llama-3.1-8B,hellaswag,hellaswag_52,0,0.0,False
Llama-3.2-1B→Llama-3.1-8B,hellaswag,hellaswag_53,0,0.0,False
Llama-3.2-1B→Llama-3.1-8B,hellaswag,hellaswag_54,0,0.0,False
Llama-3.2-1B→Llama-3.1-8B,hellaswag,hellaswag_55,0,0.0,False
Llama-3.2-1B→Llama-3.1-8B,hellaswag,hellaswag_56,1,0.24000000000000005,False
Llama-3.2-1B→Llama-3.1-8B,hellaswag,hellaswag_57,1,0.24000000000000005,False
Llama-3.2-1B→Llama-3.1-8B,hellaswag,hellaswag_58,0,0.0,False
Llama-3.2-1B→Llama-3.1-8B,hellaswag,hellaswag_59,0,0.0,False
Llama-3.2-1B→Llama-3.1-8B,hellaswag,hellaswag_6,0,0.0,False
Llama-3.2-1B→Llama-3.1-8B,hellaswag,hellaswag_60,0,0.0,False
Llama-3.2-1B→Llama-3.1-8B,hellaswag,hellaswag_61,1,0.16000000000000003,False
Llama-3.2-1B→Llama-3.1-8B,hellaswag,hellaswag_62,0,0.0,False
Llama-3.2-1B→Llama-3.1-8B,hellaswag,hellaswag_63,1,0.24000000000000005,False
Llama-3.2-1B→Llama-3.1-8B,hellaswag,hellaswag_64,0,0.0,False
Llama-3.2-1B→Llama-3.1-8B,hellaswag,hellaswag_65,0,0.0,False
Llama-3.2-1B→Llama-3.1-8B,hellaswag,hellaswag_66,0,0.0,False
Llama-3.2-1B→Llama-3.1-8B,hellaswag,hellaswag_67,0,0.0,False
Llama-3.2-1B→Llama-3.1-8B,hellaswag,hellaswag_68,1,0.24000000000000005,False
Llama-3.2-1B→Llama-3.1-8B,hellaswag,hellaswag_69,0,0.0,False
Llama-3.2-1B→Llama-3.1-8B,hellaswag,hellaswag_7,0,0.0,False
Llama-3.2-1B→Llama-3.1-8B,hellaswag,hellaswag_70,0,0.0,False
Llama-3.2-1B→Llama-3.1-8B,hellaswag,hellaswag_71,0,0.0,False
Llama-3.2-1B→Llama-3.1-8B,hellaswag,hellaswag_72,0,0.0,False
Llama-3.2-1B→Llama-3.1-8B,hellaswag,hellaswag_73,0,0.0,False
Llama-3.2-1B→Llama-3.1-8B,hellaswag,hellaswag_74,0,0.0,False
Llama-3.2-1B→Llama-3.1-8B,hellaswag,hellaswag_75,0,0.0,False
Llama-3.2-1B→Llama-3.1-8B,hellaswag,hellaswag_76,1,0.16,False
Llama-3.2-1B→Llama-3.1-8B,hellaswag,hellaswag_77,0,0.0,False
Llama-3.2-1B→Llama-3.1-8B,hellaswag,hellaswag_78,0,0.0,False
Llama-3.2-1B→Llama-3.1-8B,hellaswag,hellaswag_79,0,0.0,False
Llama-3.2-1B→Llama-3.1-8B,hellaswag,hellaswag_8,0,0.0,False
Llama-3.2-1B→Llama-3.1-8B,hellaswag,hellaswag_80,0,0.0,False
Llama-3.2-1B→Llama-3.1-8B,hellaswag,hellaswag_81,0,0.0,False
Llama-3.2-1B→Llama-3.1-8B,hellaswag,hellaswag_82,1,0.16,False
Llama-3.2-1B→Llama-3.1-8B,hellaswag,hellaswag_83,1,0.16,False
Llama-3.2-1B→Llama-3.1-8B,hellaswag,hellaswag_84,1,0.24000000000000005,False
Llama-3.2-1B→Llama-3.1-8B,hellaswag,hellaswag_85,0,0.0,False
Llama-3.2-1B→Llama-3.1-8B,hellaswag,hellaswag_86,0,0.0,False
Llama-3.2-1B→Llama-3.1-8B,hellaswag,hellaswag_87,0,0.0,False
Llama-3.2-1B→Llama-3.1-8B,hellaswag,hellaswag_88,0,0.0,False
Llama-3.2-1B→Llama-3.1-8B,hellaswag,hellaswag_89,1,0.16,False
Llama-3.2-1B→Llama-3.1-8B,hellaswag,hellaswag_9,0,0.0,False
Llama-3.2-1B→Llama-3.1-8B,hellaswag,hellaswag_90,0,0.0,False
Llama-3.2-1B→Llama-3.1-8B,hellaswag,hellaswag_91,0,0.0,False
Llama-3.2-1B→Llama-3.1-8B,hellaswag,hellaswag_92,0,0.0,False
Llama-3.2-1B→Llama-3.1-8B,hellaswag,hellaswag_93,0,0.0,False
Llama-3.2-1B→Llama-3.1-8B,hellaswag,hellaswag_94,0,0.0,False
Llama-3.2-1B→Llama-3.1-8B,hellaswag,hellaswag_95,1,0.16000000000000003,False
Llama-3.2-1B→Llama-3.1-8B,hellaswag,hellaswag_96,1,0.24000000000000005,False
Llama-3.2-1B→Llama-3.1-8B,hellaswag,hellaswag_97,0,0.0,False
Llama-3.2-1B→Llama-3.1-8B,hellaswag,hellaswag_98,1,0.24000000000000005,False
Llama-3.2-1B→Llama-3.1-8B,hellaswag,hellaswag_99,1,0.16000000000000006,False
Llama-3.2-1B→Llama-3.1-8B,mmlu,mmlu_0,0,0.0,False
Llama-3.2-1B→Llama-3.1-8B,mmlu,mmlu_1,0,0.0,False
Llama-3.2-1B→Llama-3.1-8B,mmlu,mmlu_10,0,0.0,False
Llama-3.2-1B→Llama-3.1-8B,mmlu,mmlu_100,0,0.0,False
Llama-3.2-1B→Llama-3.1-8B,mmlu,mmlu_101,1,0.16,False
Llama-3.2-1B→Llama-3.1-8B,mmlu,mmlu_102,1,0.24000000000000005,False
Llama-3.2-1B→Llama-3.1-8B,mmlu,mmlu_103,0,0.0,False
Llama-3.2-1B→Llama-3.1-8B,mmlu,mmlu_104,1,0.16,False
Llama-3.2-1B→Llama-3.1-8B,mmlu,mmlu_105,0,0.0,False
Llama-3.2-1B→Llama-3.1-8B,mmlu,mmlu_106,0,0.0,False
Llama-3.2-1B→Llama-3.1-8B,mmlu,mmlu_107,0,0.0,False
Llama-3.2-1B→Llama-3.1-8B,mmlu,mmlu_108,0,0.0,False
Llama-3.2-1B→Llama-3.1-8B,mmlu,mmlu_109,0,0.0,False
Llama-3.2-1B→Llama-3.1-8B,mmlu,mmlu_11,0,0.0,False
Llama-3.2-1B→Llama-3.1-8B,mmlu,mmlu_110,0,0.0,False
Llama-3.2-1B→Llama-3.1-8B,mmlu,mmlu_111,0,0.0,False
Llama-3.2-1B→Llama-3.1-8B,mmlu,mmlu_112,0,0.0,False
Llama-3.2-1B→Llama-3.1-8B,mmlu,mmlu_113,0,0.0,False
Llama-3.2-1B→Llama-3.1-8B,mmlu,mmlu_114,0,0.0,False
Llama-3.2-1B→Llama-3.1-8B,mmlu,mmlu_115,1,0.16,False
Llama-3.2-1B→Llama-3.1-8B,mmlu,mmlu_116,0,0.0,False
Llama-3.2-1B→Llama-3.1-8B,mmlu,mmlu_117,0,0.0,False
Llama-3.2-1B→Llama-3.1-8B,mmlu,mmlu_118,1,0.16,False
Llama-3.2-1B→Llama-3.1-8B,mmlu,mmlu_119,0,0.0,False
Llama-3.2-1B→Llama-3.1-8B,mmlu,mmlu_12,0,0.0,False
Llama-3.2-1B→Llama-3.1-8B,mmlu,mmlu_120,0,0.0,False
Llama-3.2-1B→Llama-3.1-8B,mmlu,mmlu_121,0,0.0,False
Llama-3.2-1B→Llama-3.1-8B,mmlu,mmlu_122,0,0.0,False
Llama-3.2-1B→Llama-3.1-8B,mmlu,mmlu_123,1,0.16000000000000006,False
Llama-3.2-1B→Llama-3.1-8B,mmlu,mmlu_124,0,0.0,False
Llama-3.2-1B→Llama-3.1-8B,mmlu,mmlu_125,0,0.0,False
Llama-3.2-1B→Llama-3.1-8B,mmlu,mmlu_126,0,0.0,False
Llama-3.2-1B→Llama-3.1-8B,mmlu,mmlu_127,0,0.0,False
Llama-3.2-1B→Llama-3.1-8B,mmlu,mmlu_128,0,0.0,False
Llama-3.2-1B→Llama-3.1-8B,mmlu,mmlu_129,1,0.16,False
Llama-3.2-1B→Llama-3.1-8B,mmlu,mmlu_13,0,0.0,False
Llama-3.2-1B→Llama-3.1-8B,mmlu,mmlu_130,0,0.0,False
Llama-3.2-1B→Llama-3.1-8B,mmlu,mmlu_131,1,0.16,False
Llama-3.2-1B→Llama-3.1-8B,mmlu,mmlu_132,0,0.0,False
Llama-3.2-1B→Llama-3.1-8B,mmlu,mmlu_133,0,0.0,False
Llama-3.2-1B→Llama-3.1-8B,mmlu,mmlu_134,0,0.0,False
Llama-3.2-1B→Llama-3.1-8B,mmlu,mmlu_135,0,0.0,False
Llama-3.2-1B→Llama-3.1-8B,mmlu,mmlu_136,1,0.24000000000000005,False
Llama-3.2-1B→Llama-3.1-8B,mmlu,mmlu_137,0,0.0,False
Llama-3.2-1B→Llama-3.1-8B,mmlu,mmlu_138,1,0.24000000000000005,False
Llama-3.2-1B→Llama-3.1-8B,mmlu,mmlu_139,0,0.0,False
Llama-3.2-1B→Llama-3.1-8B,mmlu,mmlu_14,0,0.0,False
Llama-3.2-1B→Llama-3.1-8B,mmlu,mmlu_140,0,0.0,False
Llama-3.2-1B→Llama-3.1-8B,mmlu,mmlu_141,0,0.0,False
Llama-3.2-1B→Llama-3.1-8B,mmlu,mmlu_142,0,0.0,False
Llama-3.2-1B→Llama-3.1-8B,mmlu,mmlu_143,0,0.0,False
Llama-3.2-1B→Llama-3.1-8B,mmlu,mmlu_144,0,0.0,False
Llama-3.2-1B→Llama-3.1-8B,mmlu,mmlu_145,1,0.24000000000000005,False
Llama-3.2-1B→Llama-3.1-8B,mmlu,mmlu_146,1,0.16000000000000006,False
Llama-3.2-1B→Llama-3.1-8B,mmlu,mmlu_147,0,0.0,False
Llama-3.2-1B→Llama-3.1-8B,mmlu,mmlu_148,0,0.0,False
Llama-3.2-1B→Llama-3.1-8B,mmlu,mmlu_149,0,0.0,False
Llama-3.2-1B→Llama-3.1-8B,mmlu,mmlu_15,0,0.0,False
Llama-3.2-1B→Llama-3.1-8B,mmlu,mmlu_150,0,0.0,False
Llama-3.2-1B→Llama-3.1-8B,mmlu,mmlu_151,1,0.16,False
Llama-3.2-1B→Llama-3.1-8B,mmlu,mmlu_152,1,0.16,False
Llama-3.2-1B→Llama-3.1-8B,mmlu,mmlu_153,1,0.24000000000000005,False
Llama-3.2-1B→Llama-3.1-8B,mmlu,mmlu_154,1,0.16000000000000006,False
Llama-3.2-1B→Llama-3.1-8B,mmlu,mmlu_155,0,0.0,False
Llama-3.2-1B→Llama-3.1-8B,mmlu,mmlu_156,0,0.0,False
Llama-3.2-1B→Llama-3.1-8B,mmlu,mmlu_157,1,0.24000000000000005,False
Llama-3.2-1B→Llama-3.1-8B,mmlu,mmlu_158,1,0.16,False
Llama-3.2-1B→Llama-3.1-8B,mmlu,mmlu_159,0,0.0,False
Llama-3.2-1B→Llama-3.1-8B,mmlu,mmlu_16,0,0.0,False
Llama-3.2-1B→Llama-3.1-8B,mmlu,mmlu_160,0,0.0,False
Llama-3.2-1B→Llama-3.1-8B,mmlu,mmlu_161,2,0.24000000000000005,True
Llama-3.2-1B→Llama-3.1-8B,mmlu,mmlu_162,0,0.0,False
Llama-3.2-1B→Llama-3.1-8B,mmlu,mmlu_163,1,0.24000000000000005,False
Llama-3.2-1B→Llama-3.1-8B,mmlu,mmlu_164,0,0.0,False
Llama-3.2-1B→Llama-3.1-8B,mmlu,mmlu_165,0,0.0,False
Llama-3.2-1B→Llama-3.1-8B,mmlu,mmlu_166,0,0.0,False
Llama-3.2-1B→Llama-3.1-8B,mmlu,mmlu_167,1,0.24000000000000005,False
Llama-3.2-1B→Llama-3.1-8B,mmlu,mmlu_168,0,0.0,False
Llama-3.2-1B→Llama-3.1-8B,mmlu,mmlu_169,1,0.16,False
Llama-3.2-1B→Llama-3.1-8B,mmlu,mmlu_17,0,0.0,False
Llama-3.2-1B→Llama-3.1-8B,mmlu,mmlu_170,1,0.24000000000000005,False
Llama-3.2-1B→Llama-3.1-8B,mmlu,mmlu_171,0,0.0,False
Llama-3.2-1B→Llama-3.1-8B,mmlu,mmlu_172,0,0.0,False
Llama-3.2-1B→Llama-3.1-8B,mmlu,mmlu_173,0,0.0,False
Llama-3.2-1B→Llama-3.1-8B,mmlu,mmlu_174,0,0.0,False
Llama-3.2-1B→Llama-3.1-8B,mmlu,mmlu_175,1,0.24000000000000005,False
Llama-3.2-1B→Llama-3.1-8B,mmlu,mmlu_176,1,0.24000000000000005,False
Llama-3.2-1B→Llama-3.1-8B,mmlu,mmlu_177,1,0.24000000000000005,False
Llama-3.2-1B→Llama-3.1-8B,mmlu,mmlu_178,1,0.16,False
Llama-3.2-1B→Llama-3.1-8B,mmlu,mmlu_179,1,0.16,False
Llama-3.2-1B→Llama-3.1-8B,mmlu,mmlu_18,0,0.0,False
Llama-3.2-1B→Llama-3.1-8B,mmlu,mmlu_180,0,0.0,False
Llama-3.2-1B→Llama-3.1-8B,mmlu,mmlu_181,1,0.16,False
Llama-3.2-1B→Llama-3.1-8B,mmlu,mmlu_182,0,0.0,False
Llama-3.2-1B→Llama-3.1-8B,mmlu,mmlu_183,0,0.0,False
Llama-3.2-1B→Llama-3.1-8B,mmlu,mmlu_184,0,0.0,False
Llama-3.2-1B→Llama-3.1-8B,mmlu,mmlu_185,0,0.0,False
Llama-3.2-1B→Llama-3.1-8B,mmlu,mmlu_186,0,0.0,False
Llama-3.2-1B→Llama-3.1-8B,mmlu,mmlu_187,0,0.0,False
Llama-3.2-1B→Llama-3.1-8B,mmlu,mmlu_188,1,0.24000000000000005,False
Llama-3.2-1B→Llama-3.1-8B,mmlu,mmlu_189,0,0.0,False
Llama-3.2-1B→Llama-3.1-8B,mmlu,mmlu_19,1,0.16,False
Llama-3.2-1B→Llama-3.1-8B,mmlu,mmlu_190,0,0.0,False
Llama-3.2-1B→Llama-3.1-8B,mmlu,mmlu_191,0,0.0,False
Llama-3.2-1B→Llama-3.1-8B,mmlu,mmlu_192,0,0.0,False
Llama-3.2-1B→Llama-3.1-8B,mmlu,mmlu_193,1,0.16,False
Llama-3.2-1B→Llama-3.1-8B,mmlu,mmlu_194,0,0.0,False
Llama-3.2-1B→Llama-3.1-8B,mmlu,mmlu_195,2,0.24000000000000005,True
Llama-3.2-1B→Llama-3.1-8B,mmlu,mmlu_196,0,0.0,False
Llama-3.2-1B→Llama-3.1-8B,mmlu,mmlu_197,0,0.0,False
Llama-3.2-1B→Llama-3.1-8B,mmlu,mmlu_198,0,0.0,False
Llama-3.2-1B→Llama-3.1-8B,mmlu,mmlu_199,1,0.16000000000000003,False
Llama-3.2-1B→Llama-3.1-8B,mmlu,mmlu_2,1,0.24000000000000005,False
Llama-3.2-1B→Llama-3.1-8B,mmlu,mmlu_20,0,0.0,False
Llama-3.2-1B→Llama-3.1-8B,mmlu,mmlu_200,1,0.24000000000000005,False
Llama-3.2-1B→Llama-3.1-8B,mmlu,mmlu_201,1,0.16,False
Llama-3.2-1B→Llama-3.1-8B,mmlu,mmlu_202,0,0.0,False
Llama-3.2-1B→Llama-3.1-8B,mmlu,mmlu_203,1,0.16,False
Llama-3.2-1B→Llama-3.1-8B,mmlu,mmlu_204,1,0.24000000000000005,False
Llama-3.2-1B→Llama-3.1-8B,mmlu,mmlu_205,0,0.0,False
Llama-3.2-1B→Llama-3.1-8B,mmlu,mmlu_206,0,0.0,False
Llama-3.2-1B→Llama-3.1-8B,mmlu,mmlu_207,0,0.0,False
Llama-3.2-1B→Llama-3.1-8B,mmlu,mmlu_208,2,0.16000000000000006,True
Llama-3.2-1B→Llama-3.1-8B,mmlu,mmlu_209,2,0.24000000000000005,True
Llama-3.2-1B→Llama-3.1-8B,mmlu,mmlu_21,1,0.24000000000000005,False
Llama-3.2-1B→Llama-3.1-8B,mmlu,mmlu_210,0,0.0,False
Llama-3.2-1B→Llama-3.1-8B,mmlu,mmlu_211,0,0.0,False
Llama-3.2-1B→Llama-3.1-8B,mmlu,mmlu_212,0,0.0,False
Llama-3.2-1B→Llama-3.1-8B,mmlu,mmlu_213,1,0.16000000000000006,False
Llama-3.2-1B→Llama-3.1-8B,mmlu,mmlu_214,0,0.0,False
Llama-3.2-1B→Llama-3.1-8B,mmlu,mmlu_215,0,0.0,False
Llama-3.2-1B→Llama-3.1-8B,mmlu,mmlu_216,0,0.0,False
Llama-3.2-1B→Llama-3.1-8B,mmlu,mmlu_217,0,0.0,False
Llama-3.2-1B→Llama-3.1-8B,mmlu,mmlu_218,0,0.0,False
Llama-3.2-1B→Llama-3.1-8B,mmlu,mmlu_219,0,0.0,False
Llama-3.2-1B→Llama-3.1-8B,mmlu,mmlu_22,1,0.24000000000000005,False
Llama-3.2-1B→Llama-3.1-8B,mmlu,mmlu_220,0,0.0,False
Llama-3.2-1B→Llama-3.1-8B,mmlu,mmlu_221,0,0.0,False
Llama-3.2-1B→Llama-3.1-8B,mmlu,mmlu_222,0,0.0,False
Llama-3.2-1B→Llama-3.1-8B,mmlu,mmlu_223,0,0.0,False
Llama-3.2-1B→Llama-3.1-8B,mmlu,mmlu_224,1,0.16,False
Llama-3.2-1B→Llama-3.1-8B,mmlu,mmlu_225,2,0.16000000000000006,True
Llama-3.2-1B→Llama-3.1-8B,mmlu,mmlu_226,1,0.24000000000000005,False
Llama-3.2-1B→Llama-3.1-8B,mmlu,mmlu_227,0,0.0,False
Llama-3.2-1B→Llama-3.1-8B,mmlu,mmlu_228,2,0.16,True
Llama-3.2-1B→Llama-3.1-8B,mmlu,mmlu_229,0,0.0,False
Llama-3.2-1B→Llama-3.1-8B,mmlu,mmlu_23,1,0.24000000000000005,False
Llama-3.2-1B→Llama-3.1-8B,mmlu,mmlu_230,1,0.16,False
Llama-3.2-1B→Llama-3.1-8B,mmlu,mmlu_231,0,0.0,False
Llama-3.2-1B→Llama-3.1-8B,mmlu,mmlu_232,2,0.24000000000000005,True
Llama-3.2-1B→Llama-3.1-8B,mmlu,mmlu_233,0,0.0,False
Llama-3.2-1B→Llama-3.1-8B,mmlu,mmlu_234,0,0.0,False
Llama-3.2-1B→Llama-3.1-8B,mmlu,mmlu_235,1,0.16000000000000006,False
Llama-3.2-1B→Llama-3.1-8B,mmlu,mmlu_236,0,0.0,False
Llama-3.2-1B→Llama-3.1-8B,mmlu,mmlu_237,0,0.0,False
Llama-3.2-1B→Llama-3.1-8B,mmlu,mmlu_238,0,0.0,False
Llama-3.2-1B→Llama-3.1-8B,mmlu,mmlu_239,0,0.0,False
Llama-3.2-1B→Llama-3.1-8B,mmlu,mmlu_24,0,0.0,False
Llama-3.2-1B→Llama-3.1-8B,mmlu,mmlu_240,1,0.16,False
Llama-3.2-1B→Llama-3.1-8B,mmlu,mmlu_241,1,0.24000000000000005,False
Llama-3.2-1B→Llama-3.1-8B,mmlu,mmlu_242,0,0.0,False
Llama-3.2-1B→Llama-3.1-8B,mmlu,mmlu_243,0,0.0,False
Llama-3.2-1B→Llama-3.1-8B,mmlu,mmlu_244,0,0.0,False
Llama-3.2-1B→Llama-3.1-8B,mmlu,mmlu_245,0,0.0,False
Llama-3.2-1B→Llama-3.1-8B,mmlu,mmlu_246,0,0.0,False
Llama-3.2-1B→Llama-3.1-8B,mmlu,mmlu_247,0,0.0,False
Llama-3.2-1B→Llama-3.1-8B,mmlu,mmlu_248,0,0.0,False
Llama-3.2-1B→Llama-3.1-8B,mmlu,mmlu_249,0,0.0,False
Llama-3.2-1B→Llama-3.1-8B,mmlu,mmlu_25,0,0.0,False
Llama-3.2-1B→Llama-3.1-8B,mmlu,mmlu_250,1,0.16,False
Llama-3.2-1B→Llama-3.1-8B,mmlu,mmlu_251,0,0.0,False
Llama-3.2-1B→Llama-3.1-8B,mmlu,mmlu_252,1,0.16000000000000006,False
Llama-3.2-1B→Llama-3.1-8B,mmlu,mmlu_253,0,0.0,False
Llama-3.2-1B→Llama-3.1-8B,mmlu,mmlu_254,1,0.16000000000000006,False
Llama-3.2-1B→Llama-3.1-8B,mmlu,mmlu_255,1,0.24000000000000005,False
Llama-3.2-1B→Llama-3.1-8B,mmlu,mmlu_256,1,0.24000000000000005,False
Llama-3.2-1B→Llama-3.1-8B,mmlu,mmlu_257,0,0.0,False
Llama-3.2-1B→Llama-3.1-8B,mmlu,mmlu_258,1,0.16000000000000006,False
Llama-3.2-1B→Llama-3.1-8B,mmlu,mmlu_259,0,0.0,False
Llama-3.2-1B→Llama-3.1-8B,mmlu,mmlu_26,0,0.0,False
Llama-3.2-1B→Llama-3.1-8B,mmlu,mmlu_260,0,0.0,False
Llama-3.2-1B→Llama-3.1-8B,mmlu,mmlu_261,0,0.0,False
Llama-3.2-1B→Llama-3.1-8B,mmlu,mmlu_262,0,0.0,False
Llama-3.2-1B→Llama-3.1-8B,mmlu,mmlu_263,0,0.0,False
Llama-3.2-1B→Llama-3.1-8B,mmlu,mmlu_264,1,0.16000000000000006,False
Llama-3.2-1B→Llama-3.1-8B,mmlu,mmlu_265,0,0.0,False
Llama-3.2-1B→Llama-3.1-8B,mmlu,mmlu_266,1,0.16000000000000006,False
Llama-3.2-1B→Llama-3.1-8B,mmlu,mmlu_267,1,0.24000000000000005,False
Llama-3.2-1B→Llama-3.1-8B,mmlu,mmlu_268,0,0.0,False
Llama-3.2-1B→Llama-3.1-8B,mmlu,mmlu_269,0,0.0,False
Llama-3.2-1B→Llama-3.1-8B,mmlu,mmlu_27,1,0.16,False
Llama-3.2-1B→Llama-3.1-8B,mmlu,mmlu_270,1,0.24000000000000005,False
Llama-3.2-1B→Llama-3.1-8B,mmlu,mmlu_271,0,0.0,False
Llama-3.2-1B→Llama-3.1-8B,mmlu,mmlu_272,1,0.16,False
Llama-3.2-1B→Llama-3.1-8B,mmlu,mmlu_273,0,0.0,False
Llama-3.2-1B→Llama-3.1-8B,mmlu,mmlu_274,1,0.16,False
Llama-3.2-1B→Llama-3.1-8B,mmlu,mmlu_275,0,0.0,False
Llama-3.2-1B→Llama-3.1-8B,mmlu,mmlu_276,1,0.24000000000000005,False
Llama-3.2-1B→Llama-3.1-8B,mmlu,mmlu_277,0,0.0,False
Llama-3.2-1B→Llama-3.1-8B,mmlu,mmlu_278,0,0.0,False
Llama-3.2-1B→Llama-3.1-8B,mmlu,mmlu_279,0,0.0,False
Llama-3.2-1B→Llama-3.1-8B,mmlu,mmlu_28,0,0.0,False
Llama-3.2-1B→Llama-3.1-8B,mmlu,mmlu_280,0,0.0,False
Llama-3.2-1B→Llama-3.1-8B,mmlu,mmlu_281,0,0.0,False
Llama-3.2-1B→Llama-3.1-8B,mmlu,mmlu_282,0,0.0,False
Llama-3.2-1B→Llama-3.1-8B,mmlu,mmlu_283,0,0.0,False
Llama-3.2-1B→Llama-3.1-8B,mmlu,mmlu_284,0,0.0,False
Llama-3.2-1B→Llama-3.1-8B,mmlu,mmlu_285,0,0.0,False
Llama-3.2-1B→Llama-3.1-8B,mmlu,mmlu_286,0,0.0,False
Llama-3.2-1B→Llama-3.1-8B,mmlu,mmlu_287,0,0.0,False
Llama-3.2-1B→Llama-3.1-8B,mmlu,mmlu_288,0,0.0,False
Llama-3.2-1B→Llama-3.1-8B,mmlu,mmlu_289,0,0.0,False
Llama-3.2-1B→Llama-3.1-8B,mmlu,mmlu_29,0,0.0,False
Llama-3.2-1B→Llama-3.1-8B,mmlu,mmlu_290,0,0.0,False
Llama-3.2-1B→Llama-3.1-8B,mmlu,mmlu_291,0,0.0,False
Llama-3.2-1B→Llama-3.1-8B,mmlu,mmlu_292,1,0.16000000000000006,False
Llama-3.2-1B→Llama-3.1-8B,mmlu,mmlu_293,0,0.0,False
Llama-3.2-1B→Llama-3.1-8B,mmlu,mmlu_294,0,0.0,False
Llama-3.2-1B→Llama-3.1-8B,mmlu,mmlu_295,0,0.0,False
Llama-3.2-1B→Llama-3.1-8B,mmlu,mmlu_296,0,0.0,False
Llama-3.2-1B→Llama-3.1-8B,mmlu,mmlu_297,0,0.0,False
Llama-3.2-1B→Llama-3.1-8B,mmlu,mmlu_298,2,0.24000000000000005,True
Llama-3.2-1B→Llama-3.1-8B,mmlu,mmlu_299,0,0.0,False
Llama-3.2-1B→Llama-3.1-8B,mmlu,mmlu_3,1,0.16000000000000006,False
Llama-3.2-1B→Llama-3.1-8B,mmlu,mmlu_30,0,0.0,False
Llama-3.2-1B→Llama-3.1-8B,mmlu,mmlu_300,0,0.0,False
Llama-3.2-1B→Llama-3.1-8B,mmlu,mmlu_301,1,0.16,False
Llama-3.2-1B→Llama-3.1-8B,mmlu,mmlu_302,1,0.16000000000000003,False
Llama-3.2-1B→Llama-3.1-8B,mmlu,mmlu_303,1,0.24000000000000005,False
Llama-3.2-1B→Llama-3.1-8B,mmlu,mmlu_304,1,0.24000000000000005,False
Llama-3.2-1B→Llama-3.1-8B,mmlu,mmlu_305,0,0.0,False
Llama-3.2-1B→Llama-3.1-8B,mmlu,mmlu_306,0,0.0,False
Llama-3.2-1B→Llama-3.1-8B,mmlu,mmlu_307,0,0.0,False
Llama-3.2-1B→Llama-3.1-8B,mmlu,mmlu_308,0,0.0,False
Llama-3.2-1B→Llama-3.1-8B,mmlu,mmlu_309,0,0.0,False
Llama-3.2-1B→Llama-3.1-8B,mmlu,mmlu_31,0,0.0,False
Llama-3.2-1B→Llama-3.1-8B,mmlu,mmlu_310,0,0.0,False
Llama-3.2-1B→Llama-3.1-8B,mmlu,mmlu_311,0,0.0,False
Llama-3.2-1B→Llama-3.1-8B,mmlu,mmlu_312,0,0.0,False
Llama-3.2-1B→Llama-3.1-8B,mmlu,mmlu_313,1,0.16,False
Llama-3.2-1B→Llama-3.1-8B,mmlu,mmlu_314,0,0.0,False
Llama-3.2-1B→Llama-3.1-8B,mmlu,mmlu_315,1,0.24000000000000005,False
Llama-3.2-1B→Llama-3.1-8B,mmlu,mmlu_316,0,0.0,False
Llama-3.2-1B→Llama-3.1-8B,mmlu,mmlu_317,0,0.0,False
Llama-3.2-1B→Llama-3.1-8B,mmlu,mmlu_318,1,0.16000000000000006,False
Llama-3.2-1B→Llama-3.1-8B,mmlu,mmlu_319,0,0.0,False
Llama-3.2-1B→Llama-3.1-8B,mmlu,mmlu_32,0,0.0,False
Llama-3.2-1B→Llama-3.1-8B,mmlu,mmlu_320,1,0.24000000000000005,False
Llama-3.2-1B→Llama-3.1-8B,mmlu,mmlu_321,1,0.16,False
Llama-3.2-1B→Llama-3.1-8B,mmlu,mmlu_322,1,0.24000000000000005,False
Llama-3.2-1B→Llama-3.1-8B,mmlu,mmlu_323,0,0.0,False
Llama-3.2-1B→Llama-3.1-8B,mmlu,mmlu_324,1,0.16,False
Llama-3.2-1B→Llama-3.1-8B,mmlu,mmlu_325,0,0.0,False
Llama-3.2-1B→Llama-3.1-8B,mmlu,mmlu_326,1,0.16,False
Llama-3.2-1B→Llama-3.1-8B,mmlu,mmlu_327,0,0.0,False
Llama-3.2-1B→Llama-3.1-8B,mmlu,mmlu_328,0,0.0,False
Llama-3.2-1B→Llama-3.1-8B,mmlu,mmlu_329,0,0.0,False
Llama-3.2-1B→Llama-3.1-8B,mmlu,mmlu_33,0,0.0,False
Llama-3.2-1B→Llama-3.1-8B,mmlu,mmlu_330,0,0.0,False
Llama-3.2-1B→Llama-3.1-8B,mmlu,mmlu_331,0,0.0,False
Llama-3.2-1B→Llama-3.1-8B,mmlu,mmlu_332,0,0.0,False
Llama-3.2-1B→Llama-3.1-8B,mmlu,mmlu_333,1,0.16000000000000006,False
Llama-3.2-1B→Llama-3.1-8B,mmlu,mmlu_334,0,0.0,False
Llama-3.2-1B→Llama-3.1-8B,mmlu,mmlu_335,0,0.0,False
Llama-3.2-1B→Llama-3.1-8B,mmlu,mmlu_336,0,0.0,False
Llama-3.2-1B→Llama-3.1-8B,mmlu,mmlu_337,0,0.0,False
Llama-3.2-1B→Llama-3.1-8B,mmlu,mmlu_338,0,0.0,False
Llama-3.2-1B→Llama-3.1-8B,mmlu,mmlu_339,0,0.0,False
Llama-3.2-1B→Llama-3.1-8B,mmlu,mmlu_34,0,0.0,False
Llama-3.2-1B→Llama-3.1-8B,mmlu,mmlu_340,1,0.24000000000000005,False
Llama-3.2-1B→Llama-3.1-8B,mmlu,mmlu_341,0,0.0,False
Llama-3.2-1B→Llama-3.1-8B,mmlu,mmlu_342,0,0.0,False
Llama-3.2-1B→Llama-3.1-8B,mmlu,mmlu_343,0,0.0,False
Llama-3.2-1B→Llama-3.1-8B,mmlu,mmlu_344,1,0.16,False
Llama-3.2-1B→Llama-3.1-8B,mmlu,mmlu_345,0,0.0,False
Llama-3.2-1B→Llama-3.1-8B,mmlu,mmlu_346,1,0.24000000000000005,False
Llama-3.2-1B→Llama-3.1-8B,mmlu,mmlu_347,0,0.0,False
Llama-3.2-1B→Llama-3.1-8B,mmlu,mmlu_348,0,0.0,False
Llama-3.2-1B→Llama-3.1-8B,mmlu,mmlu_349,0,0.0,False
Llama-3.2-1B→Llama-3.1-8B,mmlu,mmlu_35,1,0.24000000000000005,False
Llama-3.2-1B→Llama-3.1-8B,mmlu,mmlu_350,1,0.16,False
Llama-3.2-1B→Llama-3.1-8B,mmlu,mmlu_351,0,0.0,False
Llama-3.2-1B→Llama-3.1-8B,mmlu,mmlu_352,0,0.0,False
Llama-3.2-1B→Llama-3.1-8B,mmlu,mmlu_353,0,0.0,False
Llama-3.2-1B→Llama-3.1-8B,mmlu,mmlu_354,1,0.16,False
Llama-3.2-1B→Llama-3.1-8B,mmlu,mmlu_355,0,0.0,False
Llama-3.2-1B→Llama-3.1-8B,mmlu,mmlu_356,0,0.0,False
Llama-3.2-1B→Llama-3.1-8B,mmlu,mmlu_357,1,0.16000000000000003,False
Llama-3.2-1B→Llama-3.1-8B,mmlu,mmlu_358,0,0.0,False
Llama-3.2-1B→Llama-3.1-8B,mmlu,mmlu_359,0,0.0,False
Llama-3.2-1B→Llama-3.1-8B,mmlu,mmlu_36,1,0.24000000000000005,False
Llama-3.2-1B→Llama-3.1-8B,mmlu,mmlu_360,1,0.16,False
Llama-3.2-1B→Llama-3.1-8B,mmlu,mmlu_361,0,0.0,False
Llama-3.2-1B→Llama-3.1-8B,mmlu,mmlu_362,0,0.0,False
Llama-3.2-1B→Llama-3.1-8B,mmlu,mmlu_363,1,0.16,False
Llama-3.2-1B→Llama-3.1-8B,mmlu,mmlu_364,0,0.0,False
Llama-3.2-1B→Llama-3.1-8B,mmlu,mmlu_365,1,0.16000000000000006,False
Llama-3.2-1B→Llama-3.1-8B,mmlu,mmlu_366,0,0.0,False
Llama-3.2-1B→Llama-3.1-8B,mmlu,mmlu_367,0,0.0,False
Llama-3.2-1B→Llama-3.1-8B,mmlu,mmlu_368,0,0.0,False
Llama-3.2-1B→Llama-3.1-8B,mmlu,mmlu_369,0,0.0,False
Llama-3.2-1B→Llama-3.1-8B,mmlu,mmlu_37,0,0.0,False
Llama-3.2-1B→Llama-3.1-8B,mmlu,mmlu_370,1,0.16,False
Llama-3.2-1B→Llama-3.1-8B,mmlu,mmlu_371,0,0.0,False
Llama-3.2-1B→Llama-3.1-8B,mmlu,mmlu_372,0,0.0,False
Llama-3.2-1B→Llama-3.1-8B,mmlu,mmlu_373,0,0.0,False
Llama-3.2-1B→Llama-3.1-8B,mmlu,mmlu_374,1,0.16000000000000003,False
Llama-3.2-1B→Llama-3.1-8B,mmlu,mmlu_375,0,0.0,False
Llama-3.2-1B→Llama-3.1-8B,mmlu,mmlu_376,0,0.0,False
Llama-3.2-1B→Llama-3.1-8B,mmlu,mmlu_377,0,0.0,False
Llama-3.2-1B→Llama-3.1-8B,mmlu,mmlu_378,0,0.0,False
Llama-3.2-1B→Llama-3.1-8B,mmlu,mmlu_379,1,0.24000000000000005,False
Llama-3.2-1B→Llama-3.1-8B,mmlu,mmlu_38,0,0.0,False
Llama-3.2-1B→Llama-3.1-8B,mmlu,mmlu_380,1,0.16000000000000006,False
Llama-3.2-1B→Llama-3.1-8B,mmlu,mmlu_381,1,0.24000000000000005,False
Llama-3.2-1B→Llama-3.1-8B,mmlu,mmlu_382,0,0.0,False
Llama-3.2-1B→Llama-3.1-8B,mmlu,mmlu_383,0,0.0,False
Llama-3.2-1B→Llama-3.1-8B,mmlu,mmlu_384,0,0.0,False
Llama-3.2-1B→Llama-3.1-8B,mmlu,mmlu_385,1,0.24000000000000005,False
Llama-3.2-1B→Llama-3.1-8B,mmlu,mmlu_386,0,0.0,False
Llama-3.2-1B→Llama-3.1-8B,mmlu,mmlu_387,1,0.16000000000000006,False
Llama-3.2-1B→Llama-3.1-8B,mmlu,mmlu_388,1,0.24000000000000005,False
Llama-3.2-1B→Llama-3.1-8B,mmlu,mmlu_389,0,0.0,False
Llama-3.2-1B→Llama-3.1-8B,mmlu,mmlu_39,1,0.16000000000000006,False
Llama-3.2-1B→Llama-3.1-8B,mmlu,mmlu_390,0,0.0,False
Llama-3.2-1B→Llama-3.1-8B,mmlu,mmlu_391,0,0.0,False
Llama-3.2-1B→Llama-3.1-8B,mmlu,mmlu_392,1,0.16000000000000003,False
Llama-3.2-1B→Llama-3.1-8B,mmlu,mmlu_393,0,0.0,False
Llama-3.2-1B→Llama-3.1-8B,mmlu,mmlu_394,1,0.24000000000000005,False
Llama-3.2-1B→Llama-3.1-8B,mmlu,mmlu_395,0,0.0,False
Llama-3.2-1B→Llama-3.1-8B,mmlu,mmlu_396,1,0.16,False
Llama-3.2-1B→Llama-3.1-8B,mmlu,mmlu_397,0,0.0,False
Llama-3.2-1B→Llama-3.1-8B,mmlu,mmlu_398,0,0.0,False
Llama-3.2-1B→Llama-3.1-8B,mmlu,mmlu_399,0,0.0,False
Llama-3.2-1B→Llama-3.1-8B,mmlu,mmlu_4,2,0.24000000000000005,True
Llama-3.2-1B→Llama-3.1-8B,mmlu,mmlu_40,0,0.0,False
Llama-3.2-1B→Llama-3.1-8B,mmlu,mmlu_400,1,0.24000000000000005,False
Llama-3.2-1B→Llama-3.1-8B,mmlu,mmlu_401,0,0.0,False
Llama-3.2-1B→Llama-3.1-8B,mmlu,mmlu_402,1,0.16000000000000006,False
Llama-3.2-1B→Llama-3.1-8B,mmlu,mmlu_403,1,0.16000000000000006,False
Llama-3.2-1B→Llama-3.1-8B,mmlu,mmlu_404,0,0.0,False
Llama-3.2-1B→Llama-3.1-8B,mmlu,mmlu_405,0,0.0,False
Llama-3.2-1B→Llama-3.1-8B,mmlu,mmlu_406,0,0.0,False
Llama-3.2-1B→Llama-3.1-8B,mmlu,mmlu_407,0,0.0,False
Llama-3.2-1B→Llama-3.1-8B,mmlu,mmlu_408,0,0.0,False
Llama-3.2-1B→Llama-3.1-8B,mmlu,mmlu_409,0,0.0,False
Llama-3.2-1B→Llama-3.1-8B,mmlu,mmlu_41,1,0.16000000000000006,False
Llama-3.2-1B→Llama-3.1-8B,mmlu,mmlu_410,0,0.0,False
Llama-3.2-1B→Llama-3.1-8B,mmlu,mmlu_411,0,0.0,False
Llama-3.2-1B→Llama-3.1-8B,mmlu,mmlu_412,0,0.0,False
Llama-3.2-1B→Llama-3.1-8B,mmlu,mmlu_413,1,0.16000000000000006,False
Llama-3.2-1B→Llama-3.1-8B,mmlu,mmlu_414,0,0.0,False
Llama-3.2-1B→Llama-3.1-8B,mmlu,mmlu_415,1,0.24000000000000005,False
Llama-3.2-1B→Llama-3.1-8B,mmlu,mmlu_416,0,0.0,False
Llama-3.2-1B→Llama-3.1-8B,mmlu,mmlu_417,0,0.0,False
Llama-3.2-1B→Llama-3.1-8B,mmlu,mmlu_418,1,0.24000000000000005,False
Llama-3.2-1B→Llama-3.1-8B,mmlu,mmlu_419,2,0.16000000000000006,True
Llama-3.2-1B→Llama-3.1-8B,mmlu,mmlu_42,0,0.0,False
Llama-3.2-1B→Llama-3.1-8B,mmlu,mmlu_420,0,0.0,False
Llama-3.2-1B→Llama-3.1-8B,mmlu,mmlu_421,1,0.24000000000000005,False
Llama-3.2-1B→Llama-3.1-8B,mmlu,mmlu_422,1,0.24000000000000005,False
Llama-3.2-1B→Llama-3.1-8B,mmlu,mmlu_423,0,0.0,False
Llama-3.2-1B→Llama-3.1-8B,mmlu,mmlu_424,0,0.0,False
Llama-3.2-1B→Llama-3.1-8B,mmlu,mmlu_425,0,0.0,False
Llama-3.2-1B→Llama-3.1-8B,mmlu,mmlu_426,0,0.0,False
Llama-3.2-1B→Llama-3.1-8B,mmlu,mmlu_427,0,0.0,False
Llama-3.2-1B→Llama-3.1-8B,mmlu,mmlu_428,1,0.16,False
Llama-3.2-1B→Llama-3.1-8B,mmlu,mmlu_429,0,0.0,False
Llama-3.2-1B→Llama-3.1-8B,mmlu,mmlu_43,0,0.0,False
Llama-3.2-1B→Llama-3.1-8B,mmlu,mmlu_430,0,0.0,False
Llama-3.2-1B→Llama-3.1-8B,mmlu,mmlu_431,1,0.16000000000000006,False
Llama-3.2-1B→Llama-3.1-8B,mmlu,mmlu_432,0,0.0,False
Llama-3.2-1B→Llama-3.1-8B,mmlu,mmlu_433,1,0.16,False
Llama-3.2-1B→Llama-3.1-8B,mmlu,mmlu_434,1,0.16,False
Llama-3.2-1B→Llama-3.1-8B,mmlu,mmlu_435,0,0.0,False
Llama-3.2-1B→Llama-3.1-8B,mmlu,mmlu_436,0,0.0,False
Llama-3.2-1B→Llama-3.1-8B,mmlu,mmlu_437,0,0.0,False
Llama-3.2-1B→Llama-3.1-8B,mmlu,mmlu_438,0,0.0,False
Llama-3.2-1B→Llama-3.1-8B,mmlu,mmlu_439,0,0.0,False
Llama-3.2-1B→Llama-3.1-8B,mmlu,mmlu_44,1,0.24000000000000005,False
Llama-3.2-1B→Llama-3.1-8B,mmlu,mmlu_440,0,0.0,False
Llama-3.2-1B→Llama-3.1-8B,mmlu,mmlu_441,0,0.0,False
Llama-3.2-1B→Llama-3.1-8B,mmlu,mmlu_442,0,0.0,False
Llama-3.2-1B→Llama-3.1-8B,mmlu,mmlu_443,1,0.24000000000000005,False
Llama-3.2-1B→Llama-3.1-8B,mmlu,mmlu_444,1,0.24000000000000005,False
Llama-3.2-1B→Llama-3.1-8B,mmlu,mmlu_445,1,0.24000000000000005,False
Llama-3.2-1B→Llama-3.1-8B,mmlu,mmlu_446,1,0.24000000000000005,False
Llama-3.2-1B→Llama-3.1-8B,mmlu,mmlu_447,0,0.0,False
Llama-3.2-1B→Llama-3.1-8B,mmlu,mmlu_448,1,0.24000000000000005,False
Llama-3.2-1B→Llama-3.1-8B,mmlu,mmlu_449,0,0.0,False
Llama-3.2-1B→Llama-3.1-8B,mmlu,mmlu_45,0,0.0,False
Llama-3.2-1B→Llama-3.1-8B,mmlu,mmlu_450,1,0.24000000000000005,False
Llama-3.2-1B→Llama-3.1-8B,mmlu,mmlu_451,2,0.24000000000000005,True
Llama-3.2-1B→Llama-3.1-8B,mmlu,mmlu_452,1,0.24000000000000005,False
Llama-3.2-1B→Llama-3.1-8B,mmlu,mmlu_453,0,0.0,False
Llama-3.2-1B→Llama-3.1-8B,mmlu,mmlu_454,1,0.16000000000000006,False
Llama-3.2-1B→Llama-3.1-8B,mmlu,mmlu_455,0,0.0,False
Llama-3.2-1B→Llama-3.1-8B,mmlu,mmlu_456,1,0.24000000000000005,False
Llama-3.2-1B→Llama-3.1-8B,mmlu,mmlu_457,0,0.0,False
Llama-3.2-1B→Llama-3.1-8B,mmlu,mmlu_458,0,0.0,False
Llama-3.2-1B→Llama-3.1-8B,mmlu,mmlu_459,0,0.0,False
Llama-3.2-1B→Llama-3.1-8B,mmlu,mmlu_46,0,0.0,False
Llama-3.2-1B→Llama-3.1-8B,mmlu,mmlu_460,0,0.0,False
Llama-3.2-1B→Llama-3.1-8B,mmlu,mmlu_461,0,0.0,False
Llama-3.2-1B→Llama-3.1-8B,mmlu,mmlu_462,0,0.0,False
Llama-3.2-1B→Llama-3.1-8B,mmlu,mmlu_463,0,0.0,False
Llama-3.2-1B→Llama-3.1-8B,mmlu,mmlu_464,0,0.0,False
Llama-3.2-1B→Llama-3.1-8B,mmlu,mmlu_465,0,0.0,False
Llama-3.2-1B→Llama-3.1-8B,mmlu,mmlu_466,0,0.0,False
Llama-3.2-1B→Llama-3.1-8B,mmlu,mmlu_467,0,0.0,False
Llama-3.2-1B→Llama-3.1-8B,mmlu,mmlu_468,1,0.24000000000000005,False
Llama-3.2-1B→Llama-3.1-8B,mmlu,mmlu_469,0,0.0,False
Llama-3.2-1B→Llama-3.1-8B,mmlu,mmlu_47,0,0.0,False
Llama-3.2-1B→Llama-3.1-8B,mmlu,mmlu_470,0,0.0,False
Llama-3.2-1B→Llama-3.1-8B,mmlu,mmlu_471,1,0.16000000000000006,False
Llama-3.2-1B→Llama-3.1-8B,mmlu,mmlu_472,0,0.0,False
Llama-3.2-1B→Llama-3.1-8B,mmlu,mmlu_473,0,0.0,False
Llama-3.2-1B→Llama-3.1-8B,mmlu,mmlu_474,0,0.0,False
Llama-3.2-1B→Llama-3.1-8B,mmlu,mmlu_475,0,0.0,False
Llama-3.2-1B→Llama-3.1-8B,mmlu,mmlu_476,0,0.0,False
Llama-3.2-1B→Llama-3.1-8B,mmlu,mmlu_477,1,0.24000000000000005,False
Llama-3.2-1B→Llama-3.1-8B,mmlu,mmlu_478,1,0.24000000000000005,False
Llama-3.2-1B→Llama-3.1-8B,mmlu,mmlu_479,0,0.0,False
Llama-3.2-1B→Llama-3.1-8B,mmlu,mmlu_48,1,0.16,False
Llama-3.2-1B→Llama-3.1-8B,mmlu,mmlu_480,0,0.0,False
Llama-3.2-1B→Llama-3.1-8B,mmlu,mmlu_481,1,0.24000000000000005,False
Llama-3.2-1B→Llama-3.1-8B,mmlu,mmlu_482,0,0.0,False
Llama-3.2-1B→Llama-3.1-8B,mmlu,mmlu_483,0,0.0,False
Llama-3.2-1B→Llama-3.1-8B,mmlu,mmlu_484,0,0.0,False
Llama-3.2-1B→Llama-3.1-8B,mmlu,mmlu_485,0,0.0,False
Llama-3.2-1B→Llama-3.1-8B,mmlu,mmlu_486,1,0.16000000000000006,False
Llama-3.2-1B→Llama-3.1-8B,mmlu,mmlu_487,0,0.0,False
Llama-3.2-1B→Llama-3.1-8B,mmlu,mmlu_488,0,0.0,False
Llama-3.2-1B→Llama-3.1-8B,mmlu,mmlu_489,1,0.16,False
Llama-3.2-1B→Llama-3.1-8B,mmlu,mmlu_49,0,0.0,False
Llama-3.2-1B→Llama-3.1-8B,mmlu,mmlu_490,1,0.16,False
Llama-3.2-1B→Llama-3.1-8B,mmlu,mmlu_491,0,0.0,False
Llama-3.2-1B→Llama-3.1-8B,mmlu,mmlu_492,0,0.0,False
Llama-3.2-1B→Llama-3.1-8B,mmlu,mmlu_493,0,0.0,False
Llama-3.2-1B→Llama-3.1-8B,mmlu,mmlu_494,1,0.16,False
Llama-3.2-1B→Llama-3.1-8B,mmlu,mmlu_495,0,0.0,False
Llama-3.2-1B→Llama-3.1-8B,mmlu,mmlu_496,0,0.0,False
Llama-3.2-1B→Llama-3.1-8B,mmlu,mmlu_497,0,0.0,False
Llama-3.2-1B→Llama-3.1-8B,mmlu,mmlu_498,0,0.0,False
Llama-3.2-1B→Llama-3.1-8B,mmlu,mmlu_499,1,0.16,False
Llama-3.2-1B→Llama-3.1-8B,mmlu,mmlu_5,0,0.0,False
Llama-3.2-1B→Llama-3.1-8B,mmlu,mmlu_50,0,0.0,False
Llama-3.2-1B→Llama-3.1-8B,mmlu,mmlu_51,1,0.16,False
Llama-3.2-1B→Llama-3.1-8B,mmlu,mmlu_52,0,0.0,False
Llama-3.2-1B→Llama-3.1-8B,mmlu,mmlu_53,1,0.16000000000000003,False
Llama-3.2-1B→Llama-3.1-8B,mmlu,mmlu_54,0,0.0,False
Llama-3.2-1B→Llama-3.1-8B,mmlu,mmlu_55,0,0.0,False
Llama-3.2-1B→Llama-3.1-8B,mmlu,mmlu_56,0,0.0,False
Llama-3.2-1B→Llama-3.1-8B,mmlu,mmlu_57,0,0.0,False
Llama-3.2-1B→Llama-3.1-8B,mmlu,mmlu_58,0,0.0,False
Llama-3.2-1B→Llama-3.1-8B,mmlu,mmlu_59,0,0.0,False
Llama-3.2-1B→Llama-3.1-8B,mmlu,mmlu_6,0,0.0,False
Llama-3.2-1B→Llama-3.1-8B,mmlu,mmlu_60,0,0.0,False
Llama-3.2-1B→Llama-3.1-8B,mmlu,mmlu_61,0,0.0,False
Llama-3.2-1B→Llama-3.1-8B,mmlu,mmlu_62,1,0.24000000000000005,False
Llama-3.2-1B→Llama-3.1-8B,mmlu,mmlu_63,0,0.0,False
Llama-3.2-1B→Llama-3.1-8B,mmlu,mmlu_64,0,0.0,False
Llama-3.2-1B→Llama-3.1-8B,mmlu,mmlu_65,0,0.0,False
Llama-3.2-1B→Llama-3.1-8B,mmlu,mmlu_66,0,0.0,False
Llama-3.2-1B→Llama-3.1-8B,mmlu,mmlu_67,0,0.0,False
Llama-3.2-1B→Llama-3.1-8B,mmlu,mmlu_68,1,0.24000000000000005,False
Llama-3.2-1B→Llama-3.1-8B,mmlu,mmlu_69,0,0.0,False
Llama-3.2-1B→Llama-3.1-8B,mmlu,mmlu_7,0,0.0,False
Llama-3.2-1B→Llama-3.1-8B,mmlu,mmlu_70,0,0.0,False
Llama-3.2-1B→Llama-3.1-8B,mmlu,mmlu_71,0,0.0,False
Llama-3.2-1B→Llama-3.1-8B,mmlu,mmlu_72,1,0.16000000000000006,False
Llama-3.2-1B→Llama-3.1-8B,mmlu,mmlu_73,0,0.0,False
Llama-3.2-1B→Llama-3.1-8B,mmlu,mmlu_74,1,0.16000000000000006,False
Llama-3.2-1B→Llama-3.1-8B,mmlu,mmlu_75,1,0.16000000000000006,False
Llama-3.2-1B→Llama-3.1-8B,mmlu,mmlu_76,0,0.0,False
Llama-3.2-1B→Llama-3.1-8B,mmlu,mmlu_77,0,0.0,False
Llama-3.2-1B→Llama-3.1-8B,mmlu,mmlu_78,1,0.16,False
Llama-3.2-1B→Llama-3.1-8B,mmlu,mmlu_79,0,0.0,False
Llama-3.2-1B→Llama-3.1-8B,mmlu,mmlu_8,1,0.16000000000000006,False
Llama-3.2-1B→Llama-3.1-8B,mmlu,mmlu_80,1,0.16,False
Llama-3.2-1B→Llama-3.1-8B,mmlu,mmlu_81,0,0.0,False
Llama-3.2-1B→Llama-3.1-8B,mmlu,mmlu_82,0,0.0,False
Llama-3.2-1B→Llama-3.1-8B,mmlu,mmlu_83,1,0.16,False
Llama-3.2-1B→Llama-3.1-8B,mmlu,mmlu_84,0,0.0,False
Llama-3.2-1B→Llama-3.1-8B,mmlu,mmlu_85,1,0.24000000000000005,False
Llama-3.2-1B→Llama-3.1-8B,mmlu,mmlu_86,1,0.16000000000000003,False
Llama-3.2-1B→Llama-3.1-8B,mmlu,mmlu_87,1,0.24000000000000005,False
Llama-3.2-1B→Llama-3.1-8B,mmlu,mmlu_88,1,0.16000000000000003,False
Llama-3.2-1B→Llama-3.1-8B,mmlu,mmlu_89,0,0.0,False
Llama-3.2-1B→Llama-3.1-8B,mmlu,mmlu_9,0,0.0,False
Llama-3.2-1B→Llama-3.1-8B,mmlu,mmlu_90,0,0.0,False
Llama-3.2-1B→Llama-3.1-8B,mmlu,mmlu_91,0,0.0,False
Llama-3.2-1B→Llama-3.1-8B,mmlu,mmlu_92,2,0.16,True
Llama-3.2-1B→Llama-3.1-8B,mmlu,mmlu_93,0,0.0,False
Llama-3.2-1B→Llama-3.1-8B,mmlu,mmlu_94,0,0.0,False
Llama-3.2-1B→Llama-3.1-8B,mmlu,mmlu_95,0,0.0,False
Llama-3.2-1B→Llama-3.1-8B,mmlu,mmlu_96,1,0.24000000000000005,False
Llama-3.2-1B→Llama-3.1-8B,mmlu,mmlu_97,0,0.0,False
Llama-3.2-1B→Llama-3.1-8B,mmlu,mmlu_98,1,0.16000000000000003,False
Llama-3.2-1B→Llama-3.1-8B,mmlu,mmlu_99,0,0.0,False
Qwen2.5-0.5B→Qwen2.5-7B,gsm8k,gsm8k_proj_0,0,0.0,False
Qwen2.5-0.5B→Qwen2.5-7B,gsm8k,gsm8k_proj_1,0,0.0,False
Qwen2.5-0.5B→Qwen2.5-7B,gsm8k,gsm8k_proj_10,0,0.0,False
Qwen2.5-0.5B→Qwen2.5-7B,gsm8k,gsm8k_proj_100,0,0.0,False
Qwen2.5-0.5B→Qwen2.5-7B,gsm8k,gsm8k_proj_101,0,0.0,False
Qwen2.5-0.5B→Qwen2.5-7B,gsm8k,gsm8k_proj_102,0,0.0,False
Qwen2.5-0.5B→Qwen2.5-7B,gsm8k,gsm8k_proj_103,0,0.0,False
Qwen2.5-0.5B→Qwen2.5-7B,gsm8k,gsm8k_proj_104,0,0.0,False
Qwen2.5-0.5B→Qwen2.5-7B,gsm8k,gsm8k_proj_105,0,0.0,False
Qwen2.5-0.5B→Qwen2.5-7B,gsm8k,gsm8k_proj_106,0,0.0,False
Qwen2.5-0.5B→Qwen2.5-7B,gsm8k,gsm8k_proj_107,0,0.0,False
Qwen2.5-0.5B→Qwen2.5-7B,gsm8k,gsm8k_proj_108,0,0.0,False
Qwen2.5-0.5B→Qwen2.5-7B,gsm8k,gsm8k_proj_109,0,0.0,False
Qwen2.5-0.5B→Qwen2.5-7B,gsm8k,gsm8k_proj_11,0,0.0,False
Qwen2.5-0.5B→Qwen2.5-7B,gsm8k,gsm8k_proj_110,0,0.0,False
Qwen2.5-0.5B→Qwen2.5-7B,gsm8k,gsm8k_proj_111,0,0.0,False
Qwen2.5-0.5B→Qwen2.5-7B,gsm8k,gsm8k_proj_112,0,0.0,False
Qwen2.5-0.5B→Qwen2.5-7B,gsm8k,gsm8k_proj_113,0,0.0,False
Qwen2.5-0.5B→Qwen2.5-7B,gsm8k,gsm8k_proj_114,0,0.0,False
Qwen2.5-0.5B→Qwen2.5-7B,gsm8k,gsm8k_proj_115,0,0.0,False
Qwen2.5-0.5B→Qwen2.5-7B,gsm8k,gsm8k_proj_116,2,0.24000000000000005,True
Qwen2.5-0.5B→Qwen2.5-7B,gsm8k,gsm8k_proj_117,1,0.16,False
Qwen2.5-0.5B→Qwen2.5-7B,gsm8k,gsm8k_proj_118,0,0.0,False
Qwen2.5-0.5B→Qwen2.5-7B,gsm8k,gsm8k_proj_119,0,0.0,False
Qwen2.5-0.5B→Qwen2.5-7B,gsm8k,gsm8k_proj_12,0,0.0,False
Qwen2.5-0.5B→Qwen2.5-7B,gsm8k,gsm8k_proj_120,0,0.0,False
Qwen2.5-0.5B→Qwen2.5-7B,gsm8k,gsm8k_proj_121,0,0.0,False
Qwen2.5-0.5B→Qwen2.5-7B,gsm8k,gsm8k_proj_122,2,0.24000000000000005,True
Qwen2.5-0.5B→Qwen2.5-7B,gsm8k,gsm8k_proj_123,0,0.0,False
Qwen2.5-0.5B→Qwen2.5-7B,gsm8k,gsm8k_proj_124,0,0.0,False
Qwen2.5-0.5B→Qwen2.5-7B,gsm8k,gsm8k_proj_125,0,0.0,False
Qwen2.5-0.5B→Qwen2.5-7B,gsm8k,gsm8k_proj_126,0,0.0,False
Qwen2.5-0.5B→Qwen2.5-7B,gsm8k,gsm8k_proj_127,0,0.0,False
Qwen2.5-0.5B→Qwen2.5-7B,gsm8k,gsm8k_proj_128,0,0.0,False
Qwen2.5-0.5B→Qwen2.5-7B,gsm8k,gsm8k_proj_129,0,0.0,False
Qwen2.5-0.5B→Qwen2.5-7B,gsm8k,gsm8k_proj_13,0,0.0,False
Qwen2.5-0.5B→Qwen2.5-7B,gsm8k,gsm8k_proj_130,0,0.0,False
Qwen2.5-0.5B→Qwen2.5-7B,gsm8k,gsm8k_proj_131,0,0.0,False
Qwen2.5-0.5B→Qwen2.5-7B,gsm8k,gsm8k_proj_132,0,0.0,False
Qwen2.5-0.5B→Qwen2.5-7B,gsm8k,gsm8k_proj_133,0,0.0,False
Qwen2.5-0.5B→Qwen2.5-7B,gsm8k,gsm8k_proj_134,0,0.0,False
Qwen2.5-0.5B→Qwen2.5-7B,gsm8k,gsm8k_proj_135,0,0.0,False
Qwen2.5-0.5B→Qwen2.5-7B,gsm8k,gsm8k_proj_136,0,0.0,False
Qwen2.5-0.5B→Qwen2.5-7B,gsm8k,gsm8k_proj_137,0,0.0,False
Qwen2.5-0.5B→Qwen2.5-7B,gsm8k,gsm8k_proj_138,0,0.0,False
Qwen2.5-0.5B→Qwen2.5-7B,gsm8k,gsm8k_proj_139,2,0.24000000000000005,True
Qwen2.5-0.5B→Qwen2.5-7B,gsm8k,gsm8k_proj_14,0,0.0,False
Qwen2.5-0.5B→Qwen2.5-7B,gsm8k,gsm8k_proj_140,0,0.0,False
Qwen2.5-0.5B→Qwen2.5-7B,gsm8k,gsm8k_proj_141,0,0.0,False
Qwen2.5-0.5B→Qwen2.5-7B,gsm8k,gsm8k_proj_142,0,0.0,False
Qwen2.5-0.5B→Qwen2.5-7B,gsm8k,gsm8k_proj_143,0,0.0,False
Qwen2.5-0.5B→Qwen2.5-7B,gsm8k,gsm8k_proj_144,0,0.0,False
Qwen2.5-0.5B→Qwen2.5-7B,gsm8k,gsm8k_proj_145,0,0.0,False
Qwen2.5-0.5B→Qwen2.5-7B,gsm8k,gsm8k_proj_146,2,0.24000000000000005,True
Qwen2.5-0.5B→Qwen2.5-7B,gsm8k,gsm8k_proj_147,0,0.0,False
Qwen2.5-0.5B→Qwen2.5-7B,gsm8k,gsm8k_proj_148,0,0.0,False
Qwen2.5-0.5B→Qwen2.5-7B,gsm8k,gsm8k_proj_149,2,0.24000000000000005,True
Qwen2.5-0.5B→Qwen2.5-7B,gsm8k,gsm8k_proj_15,0,0.0,False
Qwen2.5-0.5B→Qwen2.5-7B,gsm8k,gsm8k_proj_150,0,0.0,False
Qwen2.5-0.5B→Qwen2.5-7B,gsm8k,gsm8k_proj_151,0,0.0,False
Qwen2.5-0.5B→Qwen2.5-7B,gsm8k,gsm8k_proj_152,0,0.0,False
Qwen2.5-0.5B→Qwen2.5-7B,gsm8k,gsm8k_proj_153,0,0.0,False
Qwen2.5-0.5B→Qwen2.5-7B,gsm8k,gsm8k_proj_154,2,0.24000000000000005,True
Qwen2.5-0.5B→Qwen2.5-7B,gsm8k,gsm8k_proj_155,0,0.0,False
Qwen2.5-0.5B→Qwen2.5-7B,gsm8k,gsm8k_proj_156,0,0.0,False
Qwen2.5-0.5B→Qwen2.5-7B,gsm8k,gsm8k_proj_157,0,0.0,False
Qwen2.5-0.5B→Qwen2.5-7B,gsm8k,gsm8k_proj_158,0,0.0,False
Qwen2.5-0.5B→Qwen2.5-7B,gsm8k,gsm8k_proj_159,0,0.0,False
Qwen2.5-0.5B→Qwen2.5-7B,gsm8k,gsm8k_proj_16,0,0.0,False
Qwen2.5-0.5B→Qwen2.5-7B,gsm8k,gsm8k_proj_160,0,0.0,False
Qwen2.5-0.5B→Qwen2.5-7B,gsm8k,gsm8k_proj_161,0,0.0,False
Qwen2.5-0.5B→Qwen2.5-7B,gsm8k,gsm8k_proj_162,0,0.0,False
Qwen2.5-0.5B→Qwen2.5-7B,gsm8k,gsm8k_proj_163,0,0.0,False
Qwen2.5-0.5B→Qwen2.5-7B,gsm8k,gsm8k_proj_164,0,0.0,False
Qwen2.5-0.5B→Qwen2.5-7B,gsm8k,gsm8k_proj_165,0,0.0,False
Qwen2.5-0.5B→Qwen2.5-7B,gsm8k,gsm8k_proj_166,0,0.0,False
Qwen2.5-0.5B→Qwen2.5-7B,gsm8k,gsm8k_proj_167,0,0.0,False
Qwen2.5-0.5B→Qwen2.5-7B,gsm8k,gsm8k_proj_168,0,0.0,False
Qwen2.5-0.5B→Qwen2.5-7B,gsm8k,gsm8k_proj_169,0,0.0,False
Qwen2.5-0.5B→Qwen2.5-7B,gsm8k,gsm8k_proj_17,0,0.0,False
Qwen2.5-0.5B→Qwen2.5-7B,gsm8k,gsm8k_proj_170,0,0.0,False
Qwen2.5-0.5B→Qwen2.5-7B,gsm8k,gsm8k_proj_171,0,0.0,False
Qwen2.5-0.5B→Qwen2.5-7B,gsm8k,gsm8k_proj_172,0,0.0,False
Qwen2.5-0.5B→Qwen2.5-7B,gsm8k,gsm8k_proj_173,0,0.0,False
Qwen2.5-0.5B→Qwen2.5-7B,gsm8k,gsm8k_proj_174,0,0.0,False
Qwen2.5-0.5B→Qwen2.5-7B,gsm8k,gsm8k_proj_175,0,0.0,False
Qwen2.5-0.5B→Qwen2.5-7B,gsm8k,gsm8k_proj_176,0,0.0,False
Qwen2.5-0.5B→Qwen2.5-7B,gsm8k,gsm8k_proj_177,0,0.0,False
Qwen2.5-0.5B→Qwen2.5-7B,gsm8k,gsm8k_proj_178,0,0.0,False
Qwen2.5-0.5B→Qwen2.5-7B,gsm8k,gsm8k_proj_179,0,0.0,False
Qwen2.5-0.5B→Qwen2.5-7B,gsm8k,gsm8k_proj_18,0,0.0,False
Qwen2.5-0.5B→Qwen2.5-7B,gsm8k,gsm8k_proj_180,0,0.0,False
Qwen2.5-0.5B→Qwen2.5-7B,gsm8k,gsm8k_proj_181,0,0.0,False
Qwen2.5-0.5B→Qwen2.5-7B,gsm8k,gsm8k_proj_182,0,0.0,False
Qwen2.5-0.5B→Qwen2.5-7B,gsm8k,gsm8k_proj_183,0,0.0,False
Qwen2.5-0.5B→Qwen2.5-7B,gsm8k,gsm8k_proj_184,0,0.0,False
Qwen2.5-0.5B→Qwen2.5-7B,gsm8k,gsm8k_proj_185,0,0.0,False
Qwen2.5-0.5B→Qwen2.5-7B,gsm8k,gsm8k_proj_186,0,0.0,False
Qwen2.5-0.5B→Qwen2.5-7B,gsm8k,gsm8k_proj_187,0,0.0,False
Qwen2.5-0.5B→Qwen2.5-7B,gsm8k,gsm8k_proj_188,1,0.16,False
Qwen2.5-0.5B→Qwen2.5-7B,gsm8k,gsm8k_proj_189,0,0.0,False
Qwen2.5-0.5B→Qwen2.5-7B,gsm8k,gsm8k_proj_19,0,0.0,False
Qwen2.5-0.5B→Qwen2.5-7B,gsm8k,gsm8k_proj_190,0,0.0,False
Qwen2.5-0.5B→Qwen2.5-7B,gsm8k,gsm8k_proj_191,0,0.0,False
Qwen2.5-0.5B→Qwen2.5-7B,gsm8k,gsm8k_proj_192,0,0.0,False
Qwen2.5-0.5B→Qwen2.5-7B,gsm8k,gsm8k_proj_193,0,0.0,False
Qwen2.5-0.5B→Qwen2.5-7B,gsm8k,gsm8k_proj_194,0,0.0,False
Qwen2.5-0.5B→Qwen2.5-7B,gsm8k,gsm8k_proj_195,1,0.16,False
Qwen2.5-0.5B→Qwen2.5-7B,gsm8k,gsm8k_proj_196,2,0.24000000000000005,True
Qwen2.5-0.5B→Qwen2.5-7B,gsm8k,gsm8k_proj_197,0,0.0,False
Qwen2.5-0.5B→Qwen2.5-7B,gsm8k,gsm8k_proj_198,0,0.0,False
Qwen2.5-0.5B→Qwen2.5-7B,gsm8k,gsm8k_proj_199,0,0.0,False
Qwen2.5-0.5B→Qwen2.5-7B,gsm8k,gsm8k_proj_2,0,0.0,False
Qwen2.5-0.5B→Qwen2.5-7B,gsm8k,gsm8k_proj_20,0,0.0,False
Qwen2.5-0.5B→Qwen2.5-7B,gsm8k,gsm8k_proj_21,1,0.16,False
Qwen2.5-0.5B→Qwen2.5-7B,gsm8k,gsm8k_proj_22,0,0.0,False
Qwen2.5-0.5B→Qwen2.5-7B,gsm8k,gsm8k_proj_23,0,0.0,False
Qwen2.5-0.5B→Qwen2.5-7B,gsm8k,gsm8k_proj_24,0,0.0,False
Qwen2.5-0.5B→Qwen2.5-7B,gsm8k,gsm8k_proj_25,1,0.16,False
Qwen2.5-0.5B→Qwen2.5-7B,gsm8k,gsm8k_proj_26,0,0.0,False
Qwen2.5-0.5B→Qwen2.5-7B,gsm8k,gsm8k_proj_27,0,0.0,False
Qwen2.5-0.5B→Qwen2.5-7B,gsm8k,gsm8k_proj_28,0,0.0,False
Qwen2.5-0.5B→Qwen2.5-7B,gsm8k,gsm8k_proj_29,0,0.0,False
Qwen2.5-0.5B→Qwen2.5-7B,gsm8k,gsm8k_proj_3,0,0.0,False
Qwen2.5-0.5B→Qwen2.5-7B,gsm8k,gsm8k_proj_30,0,0.0,False
Qwen2.5-0.5B→Qwen2.5-7B,gsm8k,gsm8k_proj_31,0,0.0,False
Qwen2.5-0.5B→Qwen2.5-7B,gsm8k,gsm8k_proj_32,0,0.0,False
Qwen2.5-0.5B→Qwen2.5-7B,gsm8k,gsm8k_proj_33,0,0.0,False
Qwen2.5-0.5B→Qwen2.5-7B,gsm8k,gsm8k_proj_34,0,0.0,False
Qwen2.5-0.5B→Qwen2.5-7B,gsm8k,gsm8k_proj_35,0,0.0,False
Qwen2.5-0.5B→Qwen2.5-7B,gsm8k,gsm8k_proj_36,0,0.0,False
Qwen2.5-0.5B→Qwen2.5-7B,gsm8k,gsm8k_proj_37,0,0.0,False
Qwen2.5-0.5B→Qwen2.5-7B,gsm8k,gsm8k_proj_38,0,0.0,False
Qwen2.5-0.5B→Qwen2.5-7B,gsm8k,gsm8k_proj_39,0,0.0,False
Qwen2.5-0.5B→Qwen2.5-7B,gsm8k,gsm8k_proj_4,0,0.0,False
Qwen2.5-0.5B→Qwen2.5-7B,gsm8k,gsm8k_proj_40,0,0.0,False
Qwen2.5-0.5B→Qwen2.5-7B,gsm8k,gsm8k_proj_41,0,0.0,False
Qwen2.5-0.5B→Qwen2.5-7B,gsm8k,gsm8k_proj_42,0,0.0,False
Qwen2.5-0.5B→Qwen2.5-7B,gsm8k,gsm8k_proj_43,0,0.0,False
Qwen2.5-0.5B→Qwen2.5-7B,gsm8k,gsm8k_proj_44,0,0.0,False
Qwen2.5-0.5B→Qwen2.5-7B,gsm8k,gsm8k_proj_45,0,0.0,False
Qwen2.5-0.5B→Qwen2.5-7B,gsm8k,gsm8k_proj_46,0,0.0,False
Qwen2.5-0.5B→Qwen2.5-7B,gsm8k,gsm8k_proj_47,0,0.0,False
Qwen2.5-0.5B→Qwen2.5-7B,gsm8k,gsm8k_proj_48,0,0.0,False
Qwen2.5-0.5B→Qwen2.5-7B,gsm8k,gsm8k_proj_49,0,0.0,False
Qwen2.5-0.5B→Qwen2.5-7B,gsm8k,gsm8k_proj_5,0,0.0,False
Qwen2.5-0.5B→Qwen2.5-7B,gsm8k,gsm8k_proj_50,0,0.0,False
Qwen2.5-0.5B→Qwen2.5-7B,gsm8k,gsm8k_proj_51,1,0.16,False
Qwen2.5-0.5B→Qwen2.5-7B,gsm8k,gsm8k_proj_52,0,0.0,False
Qwen2.5-0.5B→Qwen2.5-7B,gsm8k,gsm8k_proj_53,0,0.0,False
Qwen2.5-0.5B→Qwen2.5-7B,gsm8k,gsm8k_proj_54,0,0.0,False
Qwen2.5-0.5B→Qwen2.5-7B,gsm8k,gsm8k_proj_55,0,0.0,False
Qwen2.5-0.5B→Qwen2.5-7B,gsm8k,gsm8k_proj_56,1,0.16,False
Qwen2.5-0.5B→Qwen2.5-7B,gsm8k,gsm8k_proj_57,0,0.0,False
Qwen2.5-0.5B→Qwen2.5-7B,gsm8k,gsm8k_proj_58,0,0.0,False
Qwen2.5-0.5B→Qwen2.5-7B,gsm8k,gsm8k_proj_59,0,0.0,False
Qwen2.5-0.5B→Qwen2.5-7B,gsm8k,gsm8k_proj_6,0,0.0,False
Qwen2.5-0.5B→Qwen2.5-7B,gsm8k,gsm8k_proj_60,0,0.0,False
Qwen2.5-0.5B→Qwen2.5-7B,gsm8k,gsm8k_proj_61,0,0.0,False
Qwen2.5-0.5B→Qwen2.5-7B,gsm8k,gsm8k_proj_62,0,0.0,False
Qwen2.5-0.5B→Qwen2.5-7B,gsm8k,gsm8k_proj_63,1,0.16,False
Qwen2.5-0.5B→Qwen2.5-7B,gsm8k,gsm8k_proj_64,0,0.0,False
Qwen2.5-0.5B→Qwen2.5-7B,gsm8k,gsm8k_proj_65,0,0.0,False
Qwen2.5-0.5B→Qwen2.5-7B,gsm8k,gsm8k_proj_66,0,0.0,False
Qwen2.5-0.5B→Qwen2.5-7B,gsm8k,gsm8k_proj_67,0,0.0,False
Qwen2.5-0.5B→Qwen2.5-7B,gsm8k,gsm8k_proj_68,0,0.0,False
Qwen2.5-0.5B→Qwen2.5-7B,gsm8k,gsm8k_proj_69,0,0.0,False
Qwen2.5-0.5B→Qwen2.5-7B,gsm8k,gsm8k_proj_7,0,0.0,False
Qwen2.5-0.5B→Qwen2.5-7B,gsm8k,gsm8k_proj_70,0,0.0,False
Qwen2.5-0.5B→Qwen2.5-7B,gsm8k,gsm8k_proj_71,0,0.0,False
Qwen2.5-0.5B→Qwen2.5-7B,gsm8k,gsm8k_proj_72,2,0.24000000000000005,True
Qwen2.5-0.5B→Qwen2.5-7B,gsm8k,gsm8k_proj_73,0,0.0,False
Qwen2.5-0.5B→Qwen2.5-7B,gsm8k,gsm8k_proj_74,0,0.0,False
Qwen2.5-0.5B→Qwen2.5-7B,gsm8k,gsm8k_proj_75,0,0.0,False
Qwen2.5-0.5B→Qwen2.5-7B,gsm8k,gsm8k_proj_76,0,0.0,False
Qwen2.5-0.5B→Qwen2.5-7B,gsm8k,gsm8k_proj_77,0,0.0,False
Qwen2.5-0.5B→Qwen2.5-7B,gsm8k,gsm8k_proj_78,0,0.0,False
Qwen2.5-0.5B→Qwen2.5-7B,gsm8k,gsm8k_proj_79,0,0.0,False
Qwen2.5-0.5B→Qwen2.5-7B,gsm8k,gsm8k_proj_8,0,0.0,False
Qwen2.5-0.5B→Qwen2.5-7B,gsm8k,gsm8k_proj_80,2,0.24000000000000005,True
Qwen2.5-0.5B→Qwen2.5-7B,gsm8k,gsm8k_proj_81,0,0.0,False
Qwen2.5-0.5B→Qwen2.5-7B,gsm8k,gsm8k_proj_82,0,0.0,False
Qwen2.5-0.5B→Qwen2.5-7B,gsm8k,gsm8k_proj_83,0,0.0,False
Qwen2.5-0.5B→Qwen2.5-7B,gsm8k,gsm8k_proj_84,0,0.0,False
Qwen2.5-0.5B→Qwen2.5-7B,gsm8k,gsm8k_proj_85,0,0.0,False
Qwen2.5-0.5B→Qwen2.5-7B,gsm8k,gsm8k_proj_86,0,0.0,False
Qwen2.5-0.5B→Qwen2.5-7B,gsm8k,gsm8k_proj_87,0,0.0,False
Qwen2.5-0.5B→Qwen2.5-7B,gsm8k,gsm8k_proj_88,2,0.24000000000000005,True
Qwen2.5-0.5B→Qwen2.5-7B,gsm8k,gsm8k_proj_89,0,0.0,False
Qwen2.5-0.5B→Qwen2.5-7B,gsm8k,gsm8k_proj_9,0,0.0,False
Qwen2.5-0.5B→Qwen2.5-7B,gsm8k,gsm8k_proj_90,0,0.0,False
Qwen2.5-0.5B→Qwen2.5-7B,gsm8k,gsm8k_proj_91,0,0.0,False
Qwen2.5-0.5B→Qwen2.5-7B,gsm8k,gsm8k_proj_92,0,0.0,False
Qwen2.5-0.5B→Qwen2.5-7B,gsm8k,gsm8k_proj_93,0,0.0,False
Qwen2.5-0.5B→Qwen2.5-7B,gsm8k,gsm8k_proj_94,0,0.0,False
Qwen2.5-0.5B→Qwen2.5-7B,gsm8k,gsm8k_proj_95,0,0.0,False
Qwen2.5-0.5B→Qwen2.5-7B,gsm8k,gsm8k_proj_96,0,0.0,False
Qwen2.5-0.5B→Qwen2.5-7B,gsm8k,gsm8k_proj_97,1,0.16,False
Qwen2.5-0.5B→Qwen2.5-7B,gsm8k,gsm8k_proj_98,0,0.0,False
Qwen2.5-0.5B→Qwen2.5-7B,gsm8k,gsm8k_proj_99,0,0.0,False
Qwen2.5-0.5B→Qwen2.5-7B,hellaswag,hellaswag_0,1,0.16,False
Qwen2.5-0.5B→Qwen2.5-7B,hellaswag,hellaswag_1,0,0.0,False
Qwen2.5-0.5B→Qwen2.5-7B,hellaswag,hellaswag_10,0,0.0,False
Qwen2.5-0.5B→Qwen2.5-7B,hellaswag,hellaswag_100,1,0.16,False
Qwen2.5-0.5B→Qwen2.5-7B,hellaswag,hellaswag_101,1,0.24000000000000005,False
Qwen2.5-0.5B→Qwen2.5-7B,hellaswag,hellaswag_102,0,0.0,False
Qwen2.5-0.5B→Qwen2.5-7B,hellaswag,hellaswag_103,1,0.16,False
Qwen2.5-0.5B→Qwen2.5-7B,hellaswag,hellaswag_104,0,0.0,False
Qwen2.5-0.5B→Qwen2.5-7B,hellaswag,hellaswag_105,1,0.24000000000000005,False
Qwen2.5-0.5B→Qwen2.5-7B,hellaswag,hellaswag_106,0,0.0,False
Qwen2.5-0.5B→Qwen2.5-7B,hellaswag,hellaswag_107,0,0.0,False
Qwen2.5-0.5B→Qwen2.5-7B,hellaswag,hellaswag_108,1,0.16,False
Qwen2.5-0.5B→Qwen2.5-7B,hellaswag,hellaswag_109,1,0.16,False
Qwen2.5-0.5B→Qwen2.5-7B,hellaswag,hellaswag_11,1,0.16,False
Qwen2.5-0.5B→Qwen2.5-7B,hellaswag,hellaswag_110,0,0.0,False
Qwen2.5-0.5B→Qwen2.5-7B,hellaswag,hellaswag_111,0,0.0,False
Qwen2.5-0.5B→Qwen2.5-7B,hellaswag,hellaswag_112,0,0.0,False
Qwen2.5-0.5B→Qwen2.5-7B,hellaswag,hellaswag_113,0,0.0,False
Qwen2.5-0.5B→Qwen2.5-7B,hellaswag,hellaswag_114,0,0.0,False
Qwen2.5-0.5B→Qwen2.5-7B,hellaswag,hellaswag_115,1,0.24000000000000005,False
Qwen2.5-0.5B→Qwen2.5-7B,hellaswag,hellaswag_116,0,0.0,False
Qwen2.5-0.5B→Qwen2.5-7B,hellaswag,hellaswag_117,0,0.0,False
Qwen2.5-0.5B→Qwen2.5-7B,hellaswag,hellaswag_118,0,0.0,False
Qwen2.5-0.5B→Qwen2.5-7B,hellaswag,hellaswag_119,0,0.0,False
Qwen2.5-0.5B→Qwen2.5-7B,hellaswag,hellaswag_12,0,0.0,False
Qwen2.5-0.5B→Qwen2.5-7B,hellaswag,hellaswag_120,0,0.0,False
Qwen2.5-0.5B→Qwen2.5-7B,hellaswag,hellaswag_121,0,0.0,False
Qwen2.5-0.5B→Qwen2.5-7B,hellaswag,hellaswag_122,0,0.0,False
Qwen2.5-0.5B→Qwen2.5-7B,hellaswag,hellaswag_123,0,0.0,False
Qwen2.5-0.5B→Qwen2.5-7B,hellaswag,hellaswag_124,0,0.0,False
Qwen2.5-0.5B→Qwen2.5-7B,hellaswag,hellaswag_125,0,0.0,False
Qwen2.5-0.5B→Qwen2.5-7B,hellaswag,hellaswag_126,0,0.0,False
Qwen2.5-0.5B→Qwen2.5-7B,hellaswag,hellaswag_127,0,0.0,False
Qwen2.5-0.5B→Qwen2.5-7B,hellaswag,hellaswag_128,0,0.0,False
Qwen2.5-0.5B→Qwen2.5-7B,hellaswag,hellaswag_129,0,0.0,False
Qwen2.5-0.5B→Qwen2.5-7B,hellaswag,hellaswag_13,1,0.16,False
Qwen2.5-0.5B→Qwen2.5-7B,hellaswag,hellaswag_130,0,0.0,False
Qwen2.5-0.5B→Qwen2.5-7B,hellaswag,hellaswag_131,0,0.0,False
Qwen2.5-0.5B→Qwen2.5-7B,hellaswag,hellaswag_132,0,0.0,False
Qwen2.5-0.5B→Qwen2.5-7B,hellaswag,hellaswag_133,0,0.0,False
Qwen2.5-0.5B→Qwen2.5-7B,hellaswag,hellaswag_134,0,0.0,False
Qwen2.5-0.5B→Qwen2.5-7B,hellaswag,hellaswag_135,1,0.24000000000000005,False
Qwen2.5-0.5B→Qwen2.5-7B,hellaswag,hellaswag_136,0,0.0,False
Qwen2.5-0.5B→Qwen2.5-7B,hellaswag,hellaswag_137,1,0.16000000000000003,False
Qwen2.5-0.5B→Qwen2.5-7B,hellaswag,hellaswag_138,0,0.0,False
Qwen2.5-0.5B→Qwen2.5-7B,hellaswag,hellaswag_139,0,0.0,False
Qwen2.5-0.5B→Qwen2.5-7B,hellaswag,hellaswag_14,0,0.0,False
Qwen2.5-0.5B→Qwen2.5-7B,hellaswag,hellaswag_140,0,0.0,False
Qwen2.5-0.5B→Qwen2.5-7B,hellaswag,hellaswag_141,0,0.0,False
Qwen2.5-0.5B→Qwen2.5-7B,hellaswag,hellaswag_142,1,0.16,False
Qwen2.5-0.5B→Qwen2.5-7B,hellaswag,hellaswag_143,0,0.0,False
Qwen2.5-0.5B→Qwen2.5-7B,hellaswag,hellaswag_144,0,0.0,False
Qwen2.5-0.5B→Qwen2.5-7B,hellaswag,hellaswag_145,0,0.0,False
Qwen2.5-0.5B→Qwen2.5-7B,hellaswag,hellaswag_146,0,0.0,False
Qwen2.5-0.5B→Qwen2.5-7B,hellaswag,hellaswag_147,1,0.16,False
Qwen2.5-0.5B→Qwen2.5-7B,hellaswag,hellaswag_148,0,0.0,False
Qwen2.5-0.5B→Qwen2.5-7B,hellaswag,hellaswag_149,0,0.0,False
Qwen2.5-0.5B→Qwen2.5-7B,hellaswag,hellaswag_15,0,0.0,False
Qwen2.5-0.5B→Qwen2.5-7B,hellaswag,hellaswag_150,1,0.16,False
Qwen2.5-0.5B→Qwen2.5-7B,hellaswag,hellaswag_151,1,0.16,False
Qwen2.5-0.5B→Qwen2.5-7B,hellaswag,hellaswag_152,0,0.0,False
Qwen2.5-0.5B→Qwen2.5-7B,hellaswag,hellaswag_153,0,0.0,False
Qwen2.5-0.5B→Qwen2.5-7B,hellaswag,hellaswag_154,0,0.0,False
Qwen2.5-0.5B→Qwen2.5-7B,hellaswag,hellaswag_155,1,0.16,False
Qwen2.5-0.5B→Qwen2.5-7B,hellaswag,hellaswag_156,0,0.0,False
Qwen2.5-0.5B→Qwen2.5-7B,hellaswag,hellaswag_157,1,0.24000000000000005,False
Qwen2.5-0.5B→Qwen2.5-7B,hellaswag,hellaswag_158,1,0.24000000000000005,False
Qwen2.5-0.5B→Qwen2.5-7B,hellaswag,hellaswag_159,1,0.24000000000000005,False
Qwen2.5-0.5B→Qwen2.5-7B,hellaswag,hellaswag_16,0,0.0,False
Qwen2.5-0.5B→Qwen2.5-7B,hellaswag,hellaswag_160,0,0.0,False
Qwen2.5-0.5B→Qwen2.5-7B,hellaswag,hellaswag_161,1,0.24000000000000005,False
Qwen2.5-0.5B→Qwen2.5-7B,hellaswag,hellaswag_162,0,0.0,False
Qwen2.5-0.5B→Qwen2.5-7B,hellaswag,hellaswag_163,1,0.16,False
Qwen2.5-0.5B→Qwen2.5-7B,hellaswag,hellaswag_164,0,0.0,False
Qwen2.5-0.5B→Qwen2.5-7B,hellaswag,hellaswag_165,0,0.0,False
Qwen2.5-0.5B→Qwen2.5-7B,hellaswag,hellaswag_166,1,0.16,False
Qwen2.5-0.5B→Qwen2.5-7B,hellaswag,hellaswag_167,2,0.16000000000000006,True
Qwen2.5-0.5B→Qwen2.5-7B,hellaswag,hellaswag_168,0,0.0,False
Qwen2.5-0.5B→Qwen2.5-7B,hellaswag,hellaswag_169,0,0.0,False
Qwen2.5-0.5B→Qwen2.5-7B,hellaswag,hellaswag_17,0,0.0,False
Qwen2.5-0.5B→Qwen2.5-7B,hellaswag,hellaswag_170,0,0.0,False
Qwen2.5-0.5B→Qwen2.5-7B,hellaswag,hellaswag_171,1,0.16,False
Qwen2.5-0.5B→Qwen2.5-7B,hellaswag,hellaswag_172,2,0.24000000000000005,True
Qwen2.5-0.5B→Qwen2.5-7B,hellaswag,hellaswag_173,1,0.24000000000000005,False
Qwen2.5-0.5B→Qwen2.5-7B,hellaswag,hellaswag_174,1,0.24000000000000005,False
Qwen2.5-0.5B→Qwen2.5-7B,hellaswag,hellaswag_175,0,0.0,False
Qwen2.5-0.5B→Qwen2.5-7B,hellaswag,hellaswag_176,0,0.0,False
Qwen2.5-0.5B→Qwen2.5-7B,hellaswag,hellaswag_177,0,0.0,False
Qwen2.5-0.5B→Qwen2.5-7B,hellaswag,hellaswag_178,1,0.16,False
Qwen2.5-0.5B→Qwen2.5-7B,hellaswag,hellaswag_179,0,0.0,False
Qwen2.5-0.5B→Qwen2.5-7B,hellaswag,hellaswag_18,2,0.16000000000000006,True
Qwen2.5-0.5B→Qwen2.5-7B,hellaswag,hellaswag_180,1,0.24000000000000005,False
Qwen2.5-0.5B→Qwen2.5-7B,hellaswag,hellaswag_181,0,0.0,False
Qwen2.5-0.5B→Qwen2.5-7B,hellaswag,hellaswag_182,0,0.0,False
Qwen2.5-0.5B→Qwen2.5-7B,hellaswag,hellaswag_183,0,0.0,False
Qwen2.5-0.5B→Qwen2.5-7B,hellaswag,hellaswag_184,0,0.0,False
Qwen2.5-0.5B→Qwen2.5-7B,hellaswag,hellaswag_185,1,0.24000000000000005,False
Qwen2.5-0.5B→Qwen2.5-7B,hellaswag,hellaswag_186,0,0.0,False
Qwen2.5-0.5B→Qwen2.5-7B,hellaswag,hellaswag_187,0,0.0,False
Qwen2.5-0.5B→Qwen2.5-7B,hellaswag,hellaswag_188,2,0.24000000000000005,True
Qwen2.5-0.5B→Qwen2.5-7B,hellaswag,hellaswag_189,0,0.0,False
Qwen2.5-0.5B→Qwen2.5-7B,hellaswag,hellaswag_19,0,0.0,False
Qwen2.5-0.5B→Qwen2.5-7B,hellaswag,hellaswag_190,1,0.16,False
Qwen2.5-0.5B→Qwen2.5-7B,hellaswag,hellaswag_191,0,0.0,False
Qwen2.5-0.5B→Qwen2.5-7B,hellaswag,hellaswag_192,0,0.0,False
Qwen2.5-0.5B→Qwen2.5-7B,hellaswag,hellaswag_193,1,0.16000000000000006,False
Qwen2.5-0.5B→Qwen2.5-7B,hellaswag,hellaswag_194,0,0.0,False
Qwen2.5-0.5B→Qwen2.5-7B,hellaswag,hellaswag_195,0,0.0,False
Qwen2.5-0.5B→Qwen2.5-7B,hellaswag,hellaswag_196,0,0.0,False
Qwen2.5-0.5B→Qwen2.5-7B,hellaswag,hellaswag_197,1,0.16,False
Qwen2.5-0.5B→Qwen2.5-7B,hellaswag,hellaswag_198,0,0.0,False
Qwen2.5-0.5B→Qwen2.5-7B,hellaswag,hellaswag_199,0,0.0,False
Qwen2.5-0.5B→Qwen2.5-7B,hellaswag,hellaswag_2,0,0.0,False
Qwen2.5-0.5B→Qwen2.5-7B,hellaswag,hellaswag_20,0,0.0,False
Qwen2.5-0.5B→Qwen2.5-7B,hellaswag,hellaswag_200,1,0.16,False
Qwen2.5-0.5B→Qwen2.5-7B,hellaswag,hellaswag_201,1,0.24000000000000005,False
Qwen2.5-0.5B→Qwen2.5-7B,hellaswag,hellaswag_202,0,0.0,False
Qwen2.5-0.5B→Qwen2.5-7B,hellaswag,hellaswag_203,0,0.0,False
Qwen2.5-0.5B→Qwen2.5-7B,hellaswag,hellaswag_204,0,0.0,False
Qwen2.5-0.5B→Qwen2.5-7B,hellaswag,hellaswag_205,0,0.0,False
Qwen2.5-0.5B→Qwen2.5-7B,hellaswag,hellaswag_206,0,0.0,False
Qwen2.5-0.5B→Qwen2.5-7B,hellaswag,hellaswag_207,0,0.0,False
Qwen2.5-0.5B→Qwen2.5-7B,hellaswag,hellaswag_208,0,0.0,False
Qwen2.5-0.5B→Qwen2.5-7B,hellaswag,hellaswag_209,0,0.0,False
Qwen2.5-0.5B→Qwen2.5-7B,hellaswag,hellaswag_21,0,0.0,False
Qwen2.5-0.5B→Qwen2.5-7B,hellaswag,hellaswag_210,0,0.0,False
Qwen2.5-0.5B→Qwen2.5-7B,hellaswag,hellaswag_211,0,0.0,False
Qwen2.5-0.5B→Qwen2.5-7B,hellaswag,hellaswag_212,0,0.0,False
Qwen2.5-0.5B→Qwen2.5-7B,hellaswag,hellaswag_213,1,0.16,False
Qwen2.5-0.5B→Qwen2.5-7B,hellaswag,hellaswag_214,0,0.0,False
Qwen2.5-0.5B→Qwen2.5-7B,hellaswag,hellaswag_215,1,0.16,False
Qwen2.5-0.5B→Qwen2.5-7B,hellaswag,hellaswag_216,0,0.0,False
Qwen2.5-0.5B→Qwen2.5-7B,hellaswag,hellaswag_217,0,0.0,False
Qwen2.5-0.5B→Qwen2.5-7B,hellaswag,hellaswag_218,1,0.24000000000000005,False
Qwen2.5-0.5B→Qwen2.5-7B,hellaswag,hellaswag_219,0,0.0,False
Qwen2.5-0.5B→Qwen2.5-7B,hellaswag,hellaswag_22,0,0.0,False
Qwen2.5-0.5B→Qwen2.5-7B,hellaswag,hellaswag_220,0,0.0,False
Qwen2.5-0.5B→Qwen2.5-7B,hellaswag,hellaswag_221,0,0.0,False
Qwen2.5-0.5B→Qwen2.5-7B,hellaswag,hellaswag_222,0,0.0,False
Qwen2.5-0.5B→Qwen2.5-7B,hellaswag,hellaswag_223,1,0.24000000000000005,False
Qwen2.5-0.5B→Qwen2.5-7B,hellaswag,hellaswag_224,0,0.0,False
Qwen2.5-0.5B→Qwen2.5-7B,hellaswag,hellaswag_225,1,0.24000000000000005,False
Qwen2.5-0.5B→Qwen2.5-7B,hellaswag,hellaswag_226,0,0.0,False
Qwen2.5-0.5B→Qwen2.5-7B,hellaswag,hellaswag_227,0,0.0,False
Qwen2.5-0.5B→Qwen2.5-7B,hellaswag,hellaswag_228,0,0.0,False
Qwen2.5-0.5B→Qwen2.5-7B,hellaswag,hellaswag_229,0,0.0,False
Qwen2.5-0.5B→Qwen2.5-7B,hellaswag,hellaswag_23,1,0.16000000000000006,False
Qwen2.5-0.5B→Qwen2.5-7B,hellaswag,hellaswag_230,0,0.0,False
Qwen2.5-0.5B→Qwen2.5-7B,hellaswag,hellaswag_231,0,0.0,False
Qwen2.5-0.5B→Qwen2.5-7B,hellaswag,hellaswag_232,0,0.0,False
Qwen2.5-0.5B→Qwen2.5-7B,hellaswag,hellaswag_233,0,0.0,False
Qwen2.5-0.5B→Qwen2.5-7B,hellaswag,hellaswag_234,1,0.24000000000000005,False
Qwen2.5-0.5B→Qwen2.5-7B,hellaswag,hellaswag_235,1,0.16,False
Qwen2.5-0.5B→Qwen2.5-7B,hellaswag,hellaswag_236,0,0.0,False
Qwen2.5-0.5B→Qwen2.5-7B,hellaswag,hellaswag_237,1,0.16,False
Qwen2.5-0.5B→Qwen2.5-7B,hellaswag,hellaswag_238,1,0.16,False
Qwen2.5-0.5B→Qwen2.5-7B,hellaswag,hellaswag_239,0,0.0,False
Qwen2.5-0.5B→Qwen2.5-7B,hellaswag,hellaswag_24,1,0.16,False
Qwen2.5-0.5B→Qwen2.5-7B,hellaswag,hellaswag_240,1,0.16,False
Qwen2.5-0.5B→Qwen2.5-7B,hellaswag,hellaswag_241,0,0.0,False
Qwen2.5-0.5B→Qwen2.5-7B,hellaswag,hellaswag_242,0,0.0,False
Qwen2.5-0.5B→Qwen2.5-7B,hellaswag,hellaswag_243,1,0.16,False
Qwen2.5-0.5B→Qwen2.5-7B,hellaswag,hellaswag_244,0,0.0,False
Qwen2.5-0.5B→Qwen2.5-7B,hellaswag,hellaswag_245,1,0.16,False
Qwen2.5-0.5B→Qwen2.5-7B,hellaswag,hellaswag_246,0,0.0,False
Qwen2.5-0.5B→Qwen2.5-7B,hellaswag,hellaswag_247,0,0.0,False
Qwen2.5-0.5B→Qwen2.5-7B,hellaswag,hellaswag_248,0,0.0,False
Qwen2.5-0.5B→Qwen2.5-7B,hellaswag,hellaswag_249,0,0.0,False
Qwen2.5-0.5B→Qwen2.5-7B,hellaswag,hellaswag_25,0,0.0,False
Qwen2.5-0.5B→Qwen2.5-7B,hellaswag,hellaswag_250,1,0.16,False
Qwen2.5-0.5B→Qwen2.5-7B,hellaswag,hellaswag_251,1,0.24000000000000005,False
Qwen2.5-0.5B→Qwen2.5-7B,hellaswag,hellaswag_252,0,0.0,False
Qwen2.5-0.5B→Qwen2.5-7B,hellaswag,hellaswag_253,0,0.0,False
Qwen2.5-0.5B→Qwen2.5-7B,hellaswag,hellaswag_254,0,0.0,False
Qwen2.5-0.5B→Qwen2.5-7B,hellaswag,hellaswag_255,0,0.0,False
Qwen2.5-0.5B→Qwen2.5-7B,hellaswag,hellaswag_256,1,0.24000000000000005,False
Qwen2.5-0.5B→Qwen2.5-7B,hellaswag,hellaswag_257,0,0.0,False
Qwen2.5-0.5B→Qwen2.5-7B,hellaswag,hellaswag_258,1,0.16000000000000003,False
Qwen2.5-0.5B→Qwen2.5-7B,hellaswag,hellaswag_259,0,0.0,False
Qwen2.5-0.5B→Qwen2.5-7B,hellaswag,hellaswag_26,0,0.0,False
Qwen2.5-0.5B→Qwen2.5-7B,hellaswag,hellaswag_260,0,0.0,False
Qwen2.5-0.5B→Qwen2.5-7B,hellaswag,hellaswag_261,1,0.16,False
Qwen2.5-0.5B→Qwen2.5-7B,hellaswag,hellaswag_262,0,0.0,False
Qwen2.5-0.5B→Qwen2.5-7B,hellaswag,hellaswag_263,0,0.0,False
Qwen2.5-0.5B→Qwen2.5-7B,hellaswag,hellaswag_264,1,0.24000000000000005,False
Qwen2.5-0.5B→Qwen2.5-7B,hellaswag,hellaswag_265,0,0.0,False
Qwen2.5-0.5B→Qwen2.5-7B,hellaswag,hellaswag_266,0,0.0,False
Qwen2.5-0.5B→Qwen2.5-7B,hellaswag,hellaswag_267,1,0.24000000000000005,False
Qwen2.5-0.5B→Qwen2.5-7B,hellaswag,hellaswag_268,0,0.0,False
Qwen2.5-0.5B→Qwen2.5-7B,hellaswag,hellaswag_269,0,0.0,False
Qwen2.5-0.5B→Qwen2.5-7B,hellaswag,hellaswag_27,0,0.0,False
Qwen2.5-0.5B→Qwen2.5-7B,hellaswag,hellaswag_270,0,0.0,False
Qwen2.5-0.5B→Qwen2.5-7B,hellaswag,hellaswag_271,0,0.0,False
Qwen2.5-0.5B→Qwen2.5-7B,hellaswag,hellaswag_272,0,0.0,False
Qwen2.5-0.5B→Qwen2.5-7B,hellaswag,hellaswag_273,1,0.16,False
Qwen2.5-0.5B→Qwen2.5-7B,hellaswag,hellaswag_274,1,0.24000000000000005,False
Qwen2.5-0.5B→Qwen2.5-7B,hellaswag,hellaswag_275,0,0.0,False
Qwen2.5-0.5B→Qwen2.5-7B,hellaswag,hellaswag_276,0,0.0,False
Qwen2.5-0.5B→Qwen2.5-7B,hellaswag,hellaswag_277,0,0.0,False
Qwen2.5-0.5B→Qwen2.5-7B,hellaswag,hellaswag_278,1,0.24000000000000005,False
Qwen2.5-0.5B→Qwen2.5-7B,hellaswag,hellaswag_279,1,0.16,False
Qwen2.5-0.5B→Qwen2.5-7B,hellaswag,hellaswag_28,0,0.0,False
Qwen2.5-0.5B→Qwen2.5-7B,hellaswag,hellaswag_280,0,0.0,False
Qwen2.5-0.5B→Qwen2.5-7B,hellaswag,hellaswag_281,0,0.0,False
Qwen2.5-0.5B→Qwen2.5-7B,hellaswag,hellaswag_282,0,0.0,False
Qwen2.5-0.5B→Qwen2.5-7B,hellaswag,hellaswag_283,0,0.0,False
Qwen2.5-0.5B→Qwen2.5-7B,hellaswag,hellaswag_284,0,0.0,False
Qwen2.5-0.5B→Qwen2.5-7B,hellaswag,hellaswag_285,0,0.0,False
Qwen2.5-0.5B→Qwen2.5-7B,hellaswag,hellaswag_286,1,0.16,False
Qwen2.5-0.5B→Qwen2.5-7B,hellaswag,hellaswag_287,0,0.0,False
Qwen2.5-0.5B→Qwen2.5-7B,hellaswag,hellaswag_288,0,0.0,False
Qwen2.5-0.5B→Qwen2.5-7B,hellaswag,hellaswag_289,0,0.0,False
Qwen2.5-0.5B→Qwen2.5-7B,hellaswag,hellaswag_29,1,0.16,False
Qwen2.5-0.5B→Qwen2.5-7B,hellaswag,hellaswag_290,1,0.16,False
Qwen2.5-0.5B→Qwen2.5-7B,hellaswag,hellaswag_291,0,0.0,False
Qwen2.5-0.5B→Qwen2.5-7B,hellaswag,hellaswag_292,1,0.24000000000000005,False
Qwen2.5-0.5B→Qwen2.5-7B,hellaswag,hellaswag_293,0,0.0,False
Qwen2.5-0.5B→Qwen2.5-7B,hellaswag,hellaswag_294,1,0.24000000000000005,False
Qwen2.5-0.5B→Qwen2.5-7B,hellaswag,hellaswag_295,1,0.24000000000000005,False
Qwen2.5-0.5B→Qwen2.5-7B,hellaswag,hellaswag_296,1,0.24000000000000005,False
Qwen2.5-0.5B→Qwen2.5-7B,hellaswag,hellaswag_297,0,0.0,False
Qwen2.5-0.5B→Qwen2.5-7B,hellaswag,hellaswag_298,1,0.16,False
Qwen2.5-0.5B→Qwen2.5-7B,hellaswag,hellaswag_299,1,0.16,False
Qwen2.5-0.5B→Qwen2.5-7B,hellaswag,hellaswag_3,0,0.0,False
Qwen2.5-0.5B→Qwen2.5-7B,hellaswag,hellaswag_30,0,0.0,False
Qwen2.5-0.5B→Qwen2.5-7B,hellaswag,hellaswag_300,0,0.0,False
Qwen2.5-0.5B→Qwen2.5-7B,hellaswag,hellaswag_301,0,0.0,False
Qwen2.5-0.5B→Qwen2.5-7B,hellaswag,hellaswag_302,1,0.16,False
Qwen2.5-0.5B→Qwen2.5-7B,hellaswag,hellaswag_303,0,0.0,False
Qwen2.5-0.5B→Qwen2.5-7B,hellaswag,hellaswag_304,1,0.24000000000000005,False
Qwen2.5-0.5B→Qwen2.5-7B,hellaswag,hellaswag_305,0,0.0,False
Qwen2.5-0.5B→Qwen2.5-7B,hellaswag,hellaswag_306,0,0.0,False
Qwen2.5-0.5B→Qwen2.5-7B,hellaswag,hellaswag_307,0,0.0,False
Qwen2.5-0.5B→Qwen2.5-7B,hellaswag,hellaswag_308,0,0.0,False
Qwen2.5-0.5B→Qwen2.5-7B,hellaswag,hellaswag_309,0,0.0,False
Qwen2.5-0.5B→Qwen2.5-7B,hellaswag,hellaswag_31,1,0.24000000000000005,False
Qwen2.5-0.5B→Qwen2.5-7B,hellaswag,hellaswag_310,0,0.0,False
Qwen2.5-0.5B→Qwen2.5-7B,hellaswag,hellaswag_311,0,0.0,False
Qwen2.5-0.5B→Qwen2.5-7B,hellaswag,hellaswag_312,1,0.24000000000000005,False
Qwen2.5-0.5B→Qwen2.5-7B,hellaswag,hellaswag_313,0,0.0,False
Qwen2.5-0.5B→Qwen2.5-7B,hellaswag,hellaswag_314,0,0.0,False
Qwen2.5-0.5B→Qwen2.5-7B,hellaswag,hellaswag_315,0,0.0,False
Qwen2.5-0.5B→Qwen2.5-7B,hellaswag,hellaswag_316,0,0.0,False
Qwen2.5-0.5B→Qwen2.5-7B,hellaswag,hellaswag_317,0,0.0,False
Qwen2.5-0.5B→Qwen2.5-7B,hellaswag,hellaswag_318,0,0.0,False
Qwen2.5-0.5B→Qwen2.5-7B,hellaswag,hellaswag_319,0,0.0,False
Qwen2.5-0.5B→Qwen2.5-7B,hellaswag,hellaswag_32,0,0.0,False
Qwen2.5-0.5B→Qwen2.5-7B,hellaswag,hellaswag_320,1,0.24000000000000005,False
Qwen2.5-0.5B→Qwen2.5-7B,hellaswag,hellaswag_321,0,0.0,False
Qwen2.5-0.5B→Qwen2.5-7B,hellaswag,hellaswag_322,0,0.0,False
Qwen2.5-0.5B→Qwen2.5-7B,hellaswag,hellaswag_323,0,0.0,False
Qwen2.5-0.5B→Qwen2.5-7B,hellaswag,hellaswag_324,1,0.16,False
Qwen2.5-0.5B→Qwen2.5-7B,hellaswag,hellaswag_325,1,0.16,False
Qwen2.5-0.5B→Qwen2.5-7B,hellaswag,hellaswag_326,1,0.16,False
Qwen2.5-0.5B→Qwen2.5-7B,hellaswag,hellaswag_327,0,0.0,False
Qwen2.5-0.5B→Qwen2.5-7B,hellaswag,hellaswag_328,0,0.0,False
Qwen2.5-0.5B→Qwen2.5-7B,hellaswag,hellaswag_329,0,0.0,False
Qwen2.5-0.5B→Qwen2.5-7B,hellaswag,hellaswag_33,0,0.0,False
Qwen2.5-0.5B→Qwen2.5-7B,hellaswag,hellaswag_330,1,0.24000000000000005,False
Qwen2.5-0.5B→Qwen2.5-7B,hellaswag,hellaswag_331,0,0.0,False
Qwen2.5-0.5B→Qwen2.5-7B,hellaswag,hellaswag_332,1,0.16,False
Qwen2.5-0.5B→Qwen2.5-7B,hellaswag,hellaswag_333,1,0.16,False
Qwen2.5-0.5B→Qwen2.5-7B,hellaswag,hellaswag_334,0,0.0,False
Qwen2.5-0.5B→Qwen2.5-7B,hellaswag,hellaswag_335,0,0.0,False
Qwen2.5-0.5B→Qwen2.5-7B,hellaswag,hellaswag_336,0,0.0,False
Qwen2.5-0.5B→Qwen2.5-7B,hellaswag,hellaswag_337,0,0.0,False
Qwen2.5-0.5B→Qwen2.5-7B,hellaswag,hellaswag_338,0,0.0,False
Qwen2.5-0.5B→Qwen2.5-7B,hellaswag,hellaswag_339,0,0.0,False
Qwen2.5-0.5B→Qwen2.5-7B,hellaswag,hellaswag_34,0,0.0,False
Qwen2.5-0.5B→Qwen2.5-7B,hellaswag,hellaswag_340,1,0.24000000000000005,False
Qwen2.5-0.5B→Qwen2.5-7B,hellaswag,hellaswag_341,1,0.16,False
Qwen2.5-0.5B→Qwen2.5-7B,hellaswag,hellaswag_342,1,0.16,False
Qwen2.5-0.5B→Qwen2.5-7B,hellaswag,hellaswag_343,0,0.0,False
Qwen2.5-0.5B→Qwen2.5-7B,hellaswag,hellaswag_344,1,0.24000000000000005,False
Qwen2.5-0.5B→Qwen2.5-7B,hellaswag,hellaswag_345,1,0.16,False
Qwen2.5-0.5B→Qwen2.5-7B,hellaswag,hellaswag_346,1,0.16000000000000006,False
Qwen2.5-0.5B→Qwen2.5-7B,hellaswag,hellaswag_347,0,0.0,False
Qwen2.5-0.5B→Qwen2.5-7B,hellaswag,hellaswag_348,0,0.0,False
Qwen2.5-0.5B→Qwen2.5-7B,hellaswag,hellaswag_349,0,0.0,False
Qwen2.5-0.5B→Qwen2.5-7B,hellaswag,hellaswag_35,0,0.0,False
Qwen2.5-0.5B→Qwen2.5-7B,hellaswag,hellaswag_350,0,0.0,False
Qwen2.5-0.5B→Qwen2.5-7B,hellaswag,hellaswag_351,0,0.0,False
Qwen2.5-0.5B→Qwen2.5-7B,hellaswag,hellaswag_352,0,0.0,False
Qwen2.5-0.5B→Qwen2.5-7B,hellaswag,hellaswag_353,0,0.0,False
Qwen2.5-0.5B→Qwen2.5-7B,hellaswag,hellaswag_354,0,0.0,False
Qwen2.5-0.5B→Qwen2.5-7B,hellaswag,hellaswag_355,1,0.16,False
Qwen2.5-0.5B→Qwen2.5-7B,hellaswag,hellaswag_356,1,0.16000000000000006,False
Qwen2.5-0.5B→Qwen2.5-7B,hellaswag,hellaswag_357,0,0.0,False
Qwen2.5-0.5B→Qwen2.5-7B,hellaswag,hellaswag_358,0,0.0,False
Qwen2.5-0.5B→Qwen2.5-7B,hellaswag,hellaswag_359,0,0.0,False
Qwen2.5-0.5B→Qwen2.5-7B,hellaswag,hellaswag_36,0,0.0,False
Qwen2.5-0.5B→Qwen2.5-7B,hellaswag,hellaswag_360,1,0.24000000000000005,False
Qwen2.5-0.5B→Qwen2.5-7B,hellaswag,hellaswag_361,0,0.0,False
Qwen2.5-0.5B→Qwen2.5-7B,hellaswag,hellaswag_362,1,0.16000000000000003,False
Qwen2.5-0.5B→Qwen2.5-7B,hellaswag,hellaswag_363,0,0.0,False
Qwen2.5-0.5B→Qwen2.5-7B,hellaswag,hellaswag_364,0,0.0,False
Qwen2.5-0.5B→Qwen2.5-7B,hellaswag,hellaswag_365,0,0.0,False
Qwen2.5-0.5B→Qwen2.5-7B,hellaswag,hellaswag_366,1,0.16,False
Qwen2.5-0.5B→Qwen2.5-7B,hellaswag,hellaswag_367,0,0.0,False
Qwen2.5-0.5B→Qwen2.5-7B,hellaswag,hellaswag_368,0,0.0,False
Qwen2.5-0.5B→Qwen2.5-7B,hellaswag,hellaswag_369,0,0.0,False
Qwen2.5-0.5B→Qwen2.5-7B,hellaswag,hellaswag_37,1,0.16000000000000003,False
Qwen2.5-0.5B→Qwen2.5-7B,hellaswag,hellaswag_370,0,0.0,False
Qwen2.5-0.5B→Qwen2.5-7B,hellaswag,hellaswag_371,0,0.0,False
Qwen2.5-0.5B→Qwen2.5-7B,hellaswag,hellaswag_372,0,0.0,False
Qwen2.5-0.5B→Qwen2.5-7B,hellaswag,hellaswag_373,0,0.0,False
Qwen2.5-0.5B→Qwen2.5-7B,hellaswag,hellaswag_374,0,0.0,False
Qwen2.5-0.5B→Qwen2.5-7B,hellaswag,hellaswag_375,0,0.0,False
Qwen2.5-0.5B→Qwen2.5-7B,hellaswag,hellaswag_376,1,0.16000000000000006,False
Qwen2.5-0.5B→Qwen2.5-7B,hellaswag,hellaswag_377,0,0.0,False
Qwen2.5-0.5B→Qwen2.5-7B,hellaswag,hellaswag_378,0,0.0,False
Qwen2.5-0.5B→Qwen2.5-7B,hellaswag,hellaswag_379,0,0.0,False
Qwen2.5-0.5B→Qwen2.5-7B,hellaswag,hellaswag_38,0,0.0,False
Qwen2.5-0.5B→Qwen2.5-7B,hellaswag,hellaswag_380,0,0.0,False
Qwen2.5-0.5B→Qwen2.5-7B,hellaswag,hellaswag_381,1,0.24000000000000005,False
Qwen2.5-0.5B→Qwen2.5-7B,hellaswag,hellaswag_382,0,0.0,False
Qwen2.5-0.5B→Qwen2.5-7B,hellaswag,hellaswag_383,0,0.0,False
Qwen2.5-0.5B→Qwen2.5-7B,hellaswag,hellaswag_384,0,0.0,False
Qwen2.5-0.5B→Qwen2.5-7B,hellaswag,hellaswag_385,1,0.24000000000000005,False
Qwen2.5-0.5B→Qwen2.5-7B,hellaswag,hellaswag_386,1,0.16,False
Qwen2.5-0.5B→Qwen2.5-7B,hellaswag,hellaswag_387,1,0.24000000000000005,False
Qwen2.5-0.5B→Qwen2.5-7B,hellaswag,hellaswag_388,0,0.0,False
Qwen2.5-0.5B→Qwen2.5-7B,hellaswag,hellaswag_389,1,0.16,False
Qwen2.5-0.5B→Qwen2.5-7B,hellaswag,hellaswag_39,0,0.0,False
Qwen2.5-0.5B→Qwen2.5-7B,hellaswag,hellaswag_390,0,0.0,False
Qwen2.5-0.5B→Qwen2.5-7B,hellaswag,hellaswag_391,0,0.0,False
Qwen2.5-0.5B→Qwen2.5-7B,hellaswag,hellaswag_392,0,0.0,False
Qwen2.5-0.5B→Qwen2.5-7B,hellaswag,hellaswag_393,0,0.0,False
Qwen2.5-0.5B→Qwen2.5-7B,hellaswag,hellaswag_394,1,0.24000000000000005,False
Qwen2.5-0.5B→Qwen2.5-7B,hellaswag,hellaswag_395,0,0.0,False
Qwen2.5-0.5B→Qwen2.5-7B,hellaswag,hellaswag_396,0,0.0,False
Qwen2.5-0.5B→Qwen2.5-7B,hellaswag,hellaswag_397,0,0.0,False
Qwen2.5-0.5B→Qwen2.5-7B,hellaswag,hellaswag_398,0,0.0,False
Qwen2.5-0.5B→Qwen2.5-7B,hellaswag,hellaswag_399,0,0.0,False
Qwen2.5-0.5B→Qwen2.5-7B,hellaswag,hellaswag_4,0,0.0,False
Qwen2.5-0.5B→Qwen2.5-7B,hellaswag,hellaswag_40,0,0.0,False
Qwen2.5-0.5B→Qwen2.5-7B,hellaswag,hellaswag_400,0,0.0,False
Qwen2.5-0.5B→Qwen2.5-7B,hellaswag,hellaswag_401,1,0.24000000000000005,False
Qwen2.5-0.5B→Qwen2.5-7B,hellaswag,hellaswag_402,1,0.24000000000000005,False
Qwen2.5-0.5B→Qwen2.5-7B,hellaswag,hellaswag_403,0,0.0,False
Qwen2.5-0.5B→Qwen2.5-7B,hellaswag,hellaswag_404,0,0.0,False
Qwen2.5-0.5B→Qwen2.5-7B,hellaswag,hellaswag_405,1,0.24000000000000005,False
Qwen2.5-0.5B→Qwen2.5-7B,hellaswag,hellaswag_406,0,0.0,False
Qwen2.5-0.5B→Qwen2.5-7B,hellaswag,hellaswag_407,1,0.16,False
Qwen2.5-0.5B→Qwen2.5-7B,hellaswag,hellaswag_408,0,0.0,False
Qwen2.5-0.5B→Qwen2.5-7B,hellaswag,hellaswag_409,0,0.0,False
Qwen2.5-0.5B→Qwen2.5-7B,hellaswag,hellaswag_41,1,0.24000000000000005,False
Qwen2.5-0.5B→Qwen2.5-7B,hellaswag,hellaswag_410,1,0.24000000000000005,False
Qwen2.5-0.5B→Qwen2.5-7B,hellaswag,hellaswag_411,1,0.16,False
Qwen2.5-0.5B→Qwen2.5-7B,hellaswag,hellaswag_412,0,0.0,False
Qwen2.5-0.5B→Qwen2.5-7B,hellaswag,hellaswag_413,1,0.16,False
Qwen2.5-0.5B→Qwen2.5-7B,hellaswag,hellaswag_414,0,0.0,False
Qwen2.5-0.5B→Qwen2.5-7B,hellaswag,hellaswag_415,0,0.0,False
Qwen2.5-0.5B→Qwen2.5-7B,hellaswag,hellaswag_416,0,0.0,False
Qwen2.5-0.5B→Qwen2.5-7B,hellaswag,hellaswag_417,0,0.0,False
Qwen2.5-0.5B→Qwen2.5-7B,hellaswag,hellaswag_418,0,0.0,False
Qwen2.5-0.5B→Qwen2.5-7B,hellaswag,hellaswag_419,1,0.16,False
Qwen2.5-0.5B→Qwen2.5-7B,hellaswag,hellaswag_42,0,0.0,False
Qwen2.5-0.5B→Qwen2.5-7B,hellaswag,hellaswag_420,1,0.16,False
Qwen2.5-0.5B→Qwen2.5-7B,hellaswag,hellaswag_421,0,0.0,False
Qwen2.5-0.5B→Qwen2.5-7B,hellaswag,hellaswag_422,0,0.0,False
Qwen2.5-0.5B→Qwen2.5-7B,hellaswag,hellaswag_423,0,0.0,False
Qwen2.5-0.5B→Qwen2.5-7B,hellaswag,hellaswag_424,0,0.0,False
Qwen2.5-0.5B→Qwen2.5-7B,hellaswag,hellaswag_425,0,0.0,False
Qwen2.5-0.5B→Qwen2.5-7B,hellaswag,hellaswag_426,0,0.0,False
Qwen2.5-0.5B→Qwen2.5-7B,hellaswag,hellaswag_427,0,0.0,False
Qwen2.5-0.5B→Qwen2.5-7B,hellaswag,hellaswag_428,0,0.0,False
Qwen2.5-0.5B→Qwen2.5-7B,hellaswag,hellaswag_429,1,0.16,False
Qwen2.5-0.5B→Qwen2.5-7B,hellaswag,hellaswag_43,0,0.0,False
Qwen2.5-0.5B→Qwen2.5-7B,hellaswag,hellaswag_430,1,0.16000000000000006,False
Qwen2.5-0.5B→Qwen2.5-7B,hellaswag,hellaswag_431,0,0.0,False
Qwen2.5-0.5B→Qwen2.5-7B,hellaswag,hellaswag_432,1,0.16,False
Qwen2.5-0.5B→Qwen2.5-7B,hellaswag,hellaswag_433,1,0.16,False
Qwen2.5-0.5B→Qwen2.5-7B,hellaswag,hellaswag_434,0,0.0,False
Qwen2.5-0.5B→Qwen2.5-7B,hellaswag,hellaswag_435,0,0.0,False
Qwen2.5-0.5B→Qwen2.5-7B,hellaswag,hellaswag_436,0,0.0,False
Qwen2.5-0.5B→Qwen2.5-7B,hellaswag,hellaswag_437,0,0.0,False
Qwen2.5-0.5B→Qwen2.5-7B,hellaswag,hellaswag_438,0,0.0,False
Qwen2.5-0.5B→Qwen2.5-7B,hellaswag,hellaswag_439,0,0.0,False
Qwen2.5-0.5B→Qwen2.5-7B,hellaswag,hellaswag_44,0,0.0,False
Qwen2.5-0.5B→Qwen2.5-7B,hellaswag,hellaswag_440,1,0.16,False
Qwen2.5-0.5B→Qwen2.5-7B,hellaswag,hellaswag_441,0,0.0,False
Qwen2.5-0.5B→Qwen2.5-7B,hellaswag,hellaswag_442,0,0.0,False
Qwen2.5-0.5B→Qwen2.5-7B,hellaswag,hellaswag_443,0,0.0,False
Qwen2.5-0.5B→Qwen2.5-7B,hellaswag,hellaswag_444,0,0.0,False
Qwen2.5-0.5B→Qwen2.5-7B,hellaswag,hellaswag_445,1,0.16,False
Qwen2.5-0.5B→Qwen2.5-7B,hellaswag,hellaswag_446,1,0.24000000000000005,False
Qwen2.5-0.5B→Qwen2.5-7B,hellaswag,hellaswag_447,0,0.0,False
Qwen2.5-0.5B→Qwen2.5-7B,hellaswag,hellaswag_448,0,0.0,False
Qwen2.5-0.5B→Qwen2.5-7B,hellaswag,hellaswag_449,0,0.0,False
Qwen2.5-0.5B→Qwen2.5-7B,hellaswag,hellaswag_45,1,0.16,False
Qwen2.5-0.5B→Qwen2.5-7B,hellaswag,hellaswag_450,0,0.0,False
Qwen2.5-0.5B→Qwen2.5-7B,hellaswag,hellaswag_451,1,0.24000000000000005,False
Qwen2.5-0.5B→Qwen2.5-7B,hellaswag,hellaswag_452,1,0.16000000000000006,False
Qwen2.5-0.5B→Qwen2.5-7B,hellaswag,hellaswag_453,0,0.0,False
Qwen2.5-0.5B→Qwen2.5-7B,hellaswag,hellaswag_454,0,0.0,False
Qwen2.5-0.5B→Qwen2.5-7B,hellaswag,hellaswag_455,0,0.0,False
Qwen2.5-0.5B→Qwen2.5-7B,hellaswag,hellaswag_456,0,0.0,False
Qwen2.5-0.5B→Qwen2.5-7B,hellaswag,hellaswag_457,0,0.0,False
Qwen2.5-0.5B→Qwen2.5-7B,hellaswag,hellaswag_458,0,0.0,False
Qwen2.5-0.5B→Qwen2.5-7B,hellaswag,hellaswag_459,0,0.0,False
Qwen2.5-0.5B→Qwen2.5-7B,hellaswag,hellaswag_46,0,0.0,False
Qwen2.5-0.5B→Qwen2.5-7B,hellaswag,hellaswag_460,1,0.16,False
Qwen2.5-0.5B→Qwen2.5-7B,hellaswag,hellaswag_461,0,0.0,False
Qwen2.5-0.5B→Qwen2.5-7B,hellaswag,hellaswag_462,1,0.16,False
Qwen2.5-0.5B→Qwen2.5-7B,hellaswag,hellaswag_463,1,0.16,False
Qwen2.5-0.5B→Qwen2.5-7B,hellaswag,hellaswag_464,0,0.0,False
Qwen2.5-0.5B→Qwen2.5-7B,hellaswag,hellaswag_465,0,0.0,False
Qwen2.5-0.5B→Qwen2.5-7B,hellaswag,hellaswag_466,0,0.0,False
Qwen2.5-0.5B→Qwen2.5-7B,hellaswag,hellaswag_467,1,0.24000000000000005,False
Qwen2.5-0.5B→Qwen2.5-7B,hellaswag,hellaswag_468,0,0.0,False
Qwen2.5-0.5B→Qwen2.5-7B,hellaswag,hellaswag_469,0,0.0,False
Qwen2.5-0.5B→Qwen2.5-7B,hellaswag,hellaswag_47,0,0.0,False
Qwen2.5-0.5B→Qwen2.5-7B,hellaswag,hellaswag_470,0,0.0,False
Qwen2.5-0.5B→Qwen2.5-7B,hellaswag,hellaswag_471,0,0.0,False
Qwen2.5-0.5B→Qwen2.5-7B,hellaswag,hellaswag_472,0,0.0,False
Qwen2.5-0.5B→Qwen2.5-7B,hellaswag,hellaswag_473,0,0.0,False
Qwen2.5-0.5B→Qwen2.5-7B,hellaswag,hellaswag_474,0,0.0,False
Qwen2.5-0.5B→Qwen2.5-7B,hellaswag,hellaswag_475,0,0.0,False
Qwen2.5-0.5B→Qwen2.5-7B,hellaswag,hellaswag_476,0,0.0,False
Qwen2.5-0.5B→Qwen2.5-7B,hellaswag,hellaswag_477,0,0.0,False
Qwen2.5-0.5B→Qwen2.5-7B,hellaswag,hellaswag_478,1,0.16,False
Qwen2.5-0.5B→Qwen2.5-7B,hellaswag,hellaswag_479,0,0.0,False
Qwen2.5-0.5B→Qwen2.5-7B,hellaswag,hellaswag_48,1,0.16,False
Qwen2.5-0.5B→Qwen2.5-7B,hellaswag,hellaswag_480,0,0.0,False
Qwen2.5-0.5B→Qwen2.5-7B,hellaswag,hellaswag_481,0,0.0,False
Qwen2.5-0.5B→Qwen2.5-7B,hellaswag,hellaswag_482,0,0.0,False
Qwen2.5-0.5B→Qwen2.5-7B,hellaswag,hellaswag_483,0,0.0,False
Qwen2.5-0.5B→Qwen2.5-7B,hellaswag,hellaswag_484,0,0.0,False
Qwen2.5-0.5B→Qwen2.5-7B,hellaswag,hellaswag_485,0,0.0,False
Qwen2.5-0.5B→Qwen2.5-7B,hellaswag,hellaswag_486,0,0.0,False
Qwen2.5-0.5B→Qwen2.5-7B,hellaswag,hellaswag_487,0,0.0,False
Qwen2.5-0.5B→Qwen2.5-7B,hellaswag,hellaswag_488,0,0.0,False
Qwen2.5-0.5B→Qwen2.5-7B,hellaswag,hellaswag_489,0,0.0,False
Qwen2.5-0.5B→Qwen2.5-7B,hellaswag,hellaswag_49,0,0.0,False
Qwen2.5-0.5B→Qwen2.5-7B,hellaswag,hellaswag_490,0,0.0,False
Qwen2.5-0.5B→Qwen2.5-7B,hellaswag,hellaswag_491,0,0.0,False
Qwen2.5-0.5B→Qwen2.5-7B,hellaswag,hellaswag_492,0,0.0,False
Qwen2.5-0.5B→Qwen2.5-7B,hellaswag,hellaswag_493,0,0.0,False
Qwen2.5-0.5B→Qwen2.5-7B,hellaswag,hellaswag_494,0,0.0,False
Qwen2.5-0.5B→Qwen2.5-7B,hellaswag,hellaswag_495,0,0.0,False
Qwen2.5-0.5B→Qwen2.5-7B,hellaswag,hellaswag_496,0,0.0,False
Qwen2.5-0.5B→Qwen2.5-7B,hellaswag,hellaswag_497,1,0.16,False
Qwen2.5-0.5B→Qwen2.5-7B,hellaswag,hellaswag_498,0,0.0,False
Qwen2.5-0.5B→Qwen2.5-7B,hellaswag,hellaswag_499,0,0.0,False
Qwen2.5-0.5B→Qwen2.5-7B,hellaswag,hellaswag_5,0,0.0,False
Qwen2.5-0.5B→Qwen2.5-7B,hellaswag,hellaswag_50,0,0.0,False
Qwen2.5-0.5B→Qwen2.5-7B,hellaswag,hellaswag_51,1,0.16,False
Qwen2.5-0.5B→Qwen2.5-7B,hellaswag,hellaswag_52,1,0.16,False
Qwen2.5-0.5B→Qwen2.5-7B,hellaswag,hellaswag_53,0,0.0,False
Qwen2.5-0.5B→Qwen2.5-7B,hellaswag,hellaswag_54,1,0.16,False
Qwen2.5-0.5B→Qwen2.5-7B,hellaswag,hellaswag_55,0,0.0,False
Qwen2.5-0.5B→Qwen2.5-7B,hellaswag,hellaswag_56,0,0.0,False
Qwen2.5-0.5B→Qwen2.5-7B,hellaswag,hellaswag_57,1,0.16,False
Qwen2.5-0.5B→Qwen2.5-7B,hellaswag,hellaswag_58,0,0.0,False
Qwen2.5-0.5B→Qwen2.5-7B,hellaswag,hellaswag_59,0,0.0,False
Qwen2.5-0.5B→Qwen2.5-7B,hellaswag,hellaswag_6,1,0.16,False
Qwen2.5-0.5B→Qwen2.5-7B,hellaswag,hellaswag_60,0,0.0,False
Qwen2.5-0.5B→Qwen2.5-7B,hellaswag,hellaswag_61,0,0.0,False
Qwen2.5-0.5B→Qwen2.5-7B,hellaswag,hellaswag_62,0,0.0,False
Qwen2.5-0.5B→Qwen2.5-7B,hellaswag,hellaswag_63,1,0.16,False
Qwen2.5-0.5B→Qwen2.5-7B,hellaswag,hellaswag_64,1,0.16,False
Qwen2.5-0.5B→Qwen2.5-7B,hellaswag,hellaswag_65,1,0.16,False
Qwen2.5-0.5B→Qwen2.5-7B,hellaswag,hellaswag_66,0,0.0,False
Qwen2.5-0.5B→Qwen2.5-7B,hellaswag,hellaswag_67,0,0.0,False
Qwen2.5-0.5B→Qwen2.5-7B,hellaswag,hellaswag_68,0,0.0,False
Qwen2.5-0.5B→Qwen2.5-7B,hellaswag,hellaswag_69,0,0.0,False
Qwen2.5-0.5B→Qwen2.5-7B,hellaswag,hellaswag_7,2,0.16000000000000003,True
Qwen2.5-0.5B→Qwen2.5-7B,hellaswag,hellaswag_70,0,0.0,False
Qwen2.5-0.5B→Qwen2.5-7B,hellaswag,hellaswag_71,0,0.0,False
Qwen2.5-0.5B→Qwen2.5-7B,hellaswag,hellaswag_72,0,0.0,False
Qwen2.5-0.5B→Qwen2.5-7B,hellaswag,hellaswag_73,0,0.0,False
Qwen2.5-0.5B→Qwen2.5-7B,hellaswag,hellaswag_74,1,0.16000000000000006,False
Qwen2.5-0.5B→Qwen2.5-7B,hellaswag,hellaswag_75,0,0.0,False
Qwen2.5-0.5B→Qwen2.5-7B,hellaswag,hellaswag_76,0,0.0,False
Qwen2.5-0.5B→Qwen2.5-7B,hellaswag,hellaswag_77,0,0.0,False
Qwen2.5-0.5B→Qwen2.5-7B,hellaswag,hellaswag_78,0,0.0,False
Qwen2.5-0.5B→Qwen2.5-7B,hellaswag,hellaswag_79,1,0.16,False
Qwen2.5-0.5B→Qwen2.5-7B,hellaswag,hellaswag_8,0,0.0,False
Qwen2.5-0.5B→Qwen2.5-7B,hellaswag,hellaswag_80,0,0.0,False
Qwen2.5-0.5B→Qwen2.5-7B,hellaswag,hellaswag_81,0,0.0,False
Qwen2.5-0.5B→Qwen2.5-7B,hellaswag,hellaswag_82,1,0.16,False
Qwen2.5-0.5B→Qwen2.5-7B,hellaswag,hellaswag_83,0,0.0,False
Qwen2.5-0.5B→Qwen2.5-7B,hellaswag,hellaswag_84,0,0.0,False
Qwen2.5-0.5B→Qwen2.5-7B,hellaswag,hellaswag_85,0,0.0,False
Qwen2.5-0.5B→Qwen2.5-7B,hellaswag,hellaswag_86,0,0.0,False
Qwen2.5-0.5B→Qwen2.5-7B,hellaswag,hellaswag_87,0,0.0,False
Qwen2.5-0.5B→Qwen2.5-7B,hellaswag,hellaswag_88,0,0.0,False
Qwen2.5-0.5B→Qwen2.5-7B,hellaswag,hellaswag_89,0,0.0,False
Qwen2.5-0.5B→Qwen2.5-7B,hellaswag,hellaswag_9,0,0.0,False
Qwen2.5-0.5B→Qwen2.5-7B,hellaswag,hellaswag_90,0,0.0,False
Qwen2.5-0.5B→Qwen2.5-7B,hellaswag,hellaswag_91,0,0.0,False
Qwen2.5-0.5B→Qwen2.5-7B,hellaswag,hellaswag_92,0,0.0,False
Qwen2.5-0.5B→Qwen2.5-7B,hellaswag,hellaswag_93,0,0.0,False
Qwen2.5-0.5B→Qwen2.5-7B,hellaswag,hellaswag_94,1,0.16,False
Qwen2.5-0.5B→Qwen2.5-7B,hellaswag,hellaswag_95,0,0.0,False
Qwen2.5-0.5B→Qwen2.5-7B,hellaswag,hellaswag_96,0,0.0,False
Qwen2.5-0.5B→Qwen2.5-7B,hellaswag,hellaswag_97,0,0.0,False
Qwen2.5-0.5B→Qwen2.5-7B,hellaswag,hellaswag_98,0,0.0,False
Qwen2.5-0.5B→Qwen2.5-7B,hellaswag,hellaswag_99,1,0.24000000000000005,False
Qwen2.5-0.5B→Qwen2.5-7B,mmlu,mmlu_0,0,0.0,False
Qwen2.5-0.5B→Qwen2.5-7B,mmlu,mmlu_1,0,0.0,False
Qwen2.5-0.5B→Qwen2.5-7B,mmlu,mmlu_10,1,0.16000000000000003,False
Qwen2.5-0.5B→Qwen2.5-7B,mmlu,mmlu_100,0,0.0,False
Qwen2.5-0.5B→Qwen2.5-7B,mmlu,mmlu_101,1,0.16,False
Qwen2.5-0.5B→Qwen2.5-7B,mmlu,mmlu_102,1,0.16,False
Qwen2.5-0.5B→Qwen2.5-7B,mmlu,mmlu_103,0,0.0,False
Qwen2.5-0.5B→Qwen2.5-7B,mmlu,mmlu_104,1,0.16,False
Qwen2.5-0.5B→Qwen2.5-7B,mmlu,mmlu_105,0,0.0,False
Qwen2.5-0.5B→Qwen2.5-7B,mmlu,mmlu_106,0,0.0,False
Qwen2.5-0.5B→Qwen2.5-7B,mmlu,mmlu_107,1,0.24000000000000005,False
Qwen2.5-0.5B→Qwen2.5-7B,mmlu,mmlu_108,1,0.16000000000000006,False
Qwen2.5-0.5B→Qwen2.5-7B,mmlu,mmlu_109,0,0.0,False
Qwen2.5-0.5B→Qwen2.5-7B,mmlu,mmlu_11,0,0.0,False
Qwen2.5-0.5B→Qwen2.5-7B,mmlu,mmlu_110,0,0.0,False
Qwen2.5-0.5B→Qwen2.5-7B,mmlu,mmlu_111,0,0.0,False
Qwen2.5-0.5B→Qwen2.5-7B,mmlu,mmlu_112,0,0.0,False
Qwen2.5-0.5B→Qwen2.5-7B,mmlu,mmlu_113,0,0.0,False
Qwen2.5-0.5B→Qwen2.5-7B,mmlu,mmlu_114,0,0.0,False
Qwen2.5-0.5B→Qwen2.5-7B,mmlu,mmlu_115,1,0.16,False
Qwen2.5-0.5B→Qwen2.5-7B,mmlu,mmlu_116,0,0.0,False
Qwen2.5-0.5B→Qwen2.5-7B,mmlu,mmlu_117,0,0.0,False
Qwen2.5-0.5B→Qwen2.5-7B,mmlu,mmlu_118,1,0.16,False
Qwen2.5-0.5B→Qwen2.5-7B,mmlu,mmlu_119,0,0.0,False
Qwen2.5-0.5B→Qwen2.5-7B,mmlu,mmlu_12,0,0.0,False
Qwen2.5-0.5B→Qwen2.5-7B,mmlu,mmlu_120,0,0.0,False
Qwen2.5-0.5B→Qwen2.5-7B,mmlu,mmlu_121,0,0.0,False
Qwen2.5-0.5B→Qwen2.5-7B,mmlu,mmlu_122,0,0.0,False
Qwen2.5-0.5B→Qwen2.5-7B,mmlu,mmlu_123,0,0.0,False
Qwen2.5-0.5B→Qwen2.5-7B,mmlu,mmlu_124,0,0.0,False
Qwen2.5-0.5B→Qwen2.5-7B,mmlu,mmlu_125,0,0.0,False
Qwen2.5-0.5B→Qwen2.5-7B,mmlu,mmlu_126,0,0.0,False
Qwen2.5-0.5B→Qwen2.5-7B,mmlu,mmlu_127,0,0.0,False
Qwen2.5-0.5B→Qwen2.5-7B,mmlu,mmlu_128,0,0.0,False
Qwen2.5-0.5B→Qwen2.5-7B,mmlu,mmlu_129,1,0.16,False
Qwen2.5-0.5B→Qwen2.5-7B,mmlu,mmlu_13,0,0.0,False
Qwen2.5-0.5B→Qwen2.5-7B,mmlu,mmlu_130,0,0.0,False
Qwen2.5-0.5B→Qwen2.5-7B,mmlu,mmlu_131,1,0.16,False
Qwen2.5-0.5B→Qwen2.5-7B,mmlu,mmlu_132,0,0.0,False
Qwen2.5-0.5B→Qwen2.5-7B,mmlu,mmlu_133,0,0.0,False
Qwen2.5-0.5B→Qwen2.5-7B,mmlu,mmlu_134,0,0.0,False
Qwen2.5-0.5B→Qwen2.5-7B,mmlu,mmlu_135,0,0.0,False
Qwen2.5-0.5B→Qwen2.5-7B,mmlu,mmlu_136,1,0.24000000000000005,False
Qwen2.5-0.5B→Qwen2.5-7B,mmlu,mmlu_137,2,0.24000000000000005,True
Qwen2.5-0.5B→Qwen2.5-7B,mmlu,mmlu_138,1,0.16,False
Qwen2.5-0.5B→Qwen2.5-7B,mmlu,mmlu_139,0,0.0,False
Qwen2.5-0.5B→Qwen2.5-7B,mmlu,mmlu_14,0,0.0,False
Qwen2.5-0.5B→Qwen2.5-7B,mmlu,mmlu_140,0,0.0,False
Qwen2.5-0.5B→Qwen2.5-7B,mmlu,mmlu_141,0,0.0,False
Qwen2.5-0.5B→Qwen2.5-7B,mmlu,mmlu_142,0,0.0,False
Qwen2.5-0.5B→Qwen2.5-7B,mmlu,mmlu_143,0,0.0,False
Qwen2.5-0.5B→Qwen2.5-7B,mmlu,mmlu_144,0,0.0,False
Qwen2.5-0.5B→Qwen2.5-7B,mmlu,mmlu_145,1,0.16,False
Qwen2.5-0.5B→Qwen2.5-7B,mmlu,mmlu_146,0,0.0,False
Qwen2.5-0.5B→Qwen2.5-7B,mmlu,mmlu_147,0,0.0,False
Qwen2.5-0.5B→Qwen2.5-7B,mmlu,mmlu_148,0,0.0,False
Qwen2.5-0.5B→Qwen2.5-7B,mmlu,mmlu_149,0,0.0,False
Qwen2.5-0.5B→Qwen2.5-7B,mmlu,mmlu_15,0,0.0,False
Qwen2.5-0.5B→Qwen2.5-7B,mmlu,mmlu_150,1,0.16,False
Qwen2.5-0.5B→Qwen2.5-7B,mmlu,mmlu_151,0,0.0,False
Qwen2.5-0.5B→Qwen2.5-7B,mmlu,mmlu_152,0,0.0,False
Qwen2.5-0.5B→Qwen2.5-7B,mmlu,mmlu_153,0,0.0,False
Qwen2.5-0.5B→Qwen2.5-7B,mmlu,mmlu_154,1,0.24000000000000005,False
Qwen2.5-0.5B→Qwen2.5-7B,mmlu,mmlu_155,1,0.24000000000000005,False
Qwen2.5-0.5B→Qwen2.5-7B,mmlu,mmlu_156,0,0.0,False
Qwen2.5-0.5B→Qwen2.5-7B,mmlu,mmlu_157,0,0.0,False
Qwen2.5-0.5B→Qwen2.5-7B,mmlu,mmlu_158,0,0.0,False
Qwen2.5-0.5B→Qwen2.5-7B,mmlu,mmlu_159,0,0.0,False
Qwen2.5-0.5B→Qwen2.5-7B,mmlu,mmlu_16,0,0.0,False
Qwen2.5-0.5B→Qwen2.5-7B,mmlu,mmlu_160,0,0.0,False
Qwen2.5-0.5B→Qwen2.5-7B,mmlu,mmlu_161,0,0.0,False
Qwen2.5-0.5B→Qwen2.5-7B,mmlu,mmlu_162,1,0.24000000000000005,False
Qwen2.5-0.5B→Qwen2.5-7B,mmlu,mmlu_163,1,0.24000000000000005,False
Qwen2.5-0.5B→Qwen2.5-7B,mmlu,mmlu_164,0,0.0,False
Qwen2.5-0.5B→Qwen2.5-7B,mmlu,mmlu_165,0,0.0,False
Qwen2.5-0.5B→Qwen2.5-7B,mmlu,mmlu_166,0,0.0,False
Qwen2.5-0.5B→Qwen2.5-7B,mmlu,mmlu_167,1,0.24000000000000005,False
Qwen2.5-0.5B→Qwen2.5-7B,mmlu,mmlu_168,0,0.0,False
Qwen2.5-0.5B→Qwen2.5-7B,mmlu,mmlu_169,0,0.0,False
Qwen2.5-0.5B→Qwen2.5-7B,mmlu,mmlu_17,0,0.0,False
Qwen2.5-0.5B→Qwen2.5-7B,mmlu,mmlu_170,1,0.16,False
Qwen2.5-0.5B→Qwen2.5-7B,mmlu,mmlu_171,0,0.0,False
Qwen2.5-0.5B→Qwen2.5-7B,mmlu,mmlu_172,0,0.0,False
Qwen2.5-0.5B→Qwen2.5-7B,mmlu,mmlu_173,0,0.0,False
Qwen2.5-0.5B→Qwen2.5-7B,mmlu,mmlu_174,0,0.0,False
Qwen2.5-0.5B→Qwen2.5-7B,mmlu,mmlu_175,1,0.16,False
Qwen2.5-0.5B→Qwen2.5-7B,mmlu,mmlu_176,0,0.0,False
Qwen2.5-0.5B→Qwen2.5-7B,mmlu,mmlu_177,1,0.24000000000000005,False
Qwen2.5-0.5B→Qwen2.5-7B,mmlu,mmlu_178,1,0.16,False
Qwen2.5-0.5B→Qwen2.5-7B,mmlu,mmlu_179,1,0.24000000000000005,False
Qwen2.5-0.5B→Qwen2.5-7B,mmlu,mmlu_18,0,0.0,False
Qwen2.5-0.5B→Qwen2.5-7B,mmlu,mmlu_180,0,0.0,False
Qwen2.5-0.5B→Qwen2.5-7B,mmlu,mmlu_181,1,0.16,False
Qwen2.5-0.5B→Qwen2.5-7B,mmlu,mmlu_182,0,0.0,False
Qwen2.5-0.5B→Qwen2.5-7B,mmlu,mmlu_183,0,0.0,False
Qwen2.5-0.5B→Qwen2.5-7B,mmlu,mmlu_184,0,0.0,False
Qwen2.5-0.5B→Qwen2.5-7B,mmlu,mmlu_185,0,0.0,False
Qwen2.5-0.5B→Qwen2.5-7B,mmlu,mmlu_186,1,0.16,False
Qwen2.5-0.5B→Qwen2.5-7B,mmlu,mmlu_187,0,0.0,False
Qwen2.5-0.5B→Qwen2.5-7B,mmlu,mmlu_188,0,0.0,False
Qwen2.5-0.5B→Qwen2.5-7B,mmlu,mmlu_189,0,0.0,False
Qwen2.5-0.5B→Qwen2.5-7B,mmlu,mmlu_19,1,0.16,False
Qwen2.5-0.5B→Qwen2.5-7B,mmlu,mmlu_190,1,0.24000000000000005,False
Qwen2.5-0.5B→Qwen2.5-7B,mmlu,mmlu_191,1,0.16000000000000006,False
Qwen2.5-0.5B→Qwen2.5-7B,mmlu,mmlu_192,0,0.0,False
Qwen2.5-0.5B→Qwen2.5-7B,mmlu,mmlu_193,0,0.0,False
Qwen2.5-0.5B→Qwen2.5-7B,mmlu,mmlu_194,0,0.0,False
Qwen2.5-0.5B→Qwen2.5-7B,mmlu,mmlu_195,1,0.16,False
Qwen2.5-0.5B→Qwen2.5-7B,mmlu,mmlu_196,0,0.0,False
Qwen2.5-0.5B→Qwen2.5-7B,mmlu,mmlu_197,0,0.0,False
Qwen2.5-0.5B→Qwen2.5-7B,mmlu,mmlu_198,0,0.0,False
Qwen2.5-0.5B→Qwen2.5-7B,mmlu,mmlu_199,0,0.0,False
Qwen2.5-0.5B→Qwen2.5-7B,mmlu,mmlu_2,1,0.24000000000000005,False
Qwen2.5-0.5B→Qwen2.5-7B,mmlu,mmlu_20,0,0.0,False
Qwen2.5-0.5B→Qwen2.5-7B,mmlu,mmlu_200,1,0.24000000000000005,False
Qwen2.5-0.5B→Qwen2.5-7B,mmlu,mmlu_201,1,0.16,False
Qwen2.5-0.5B→Qwen2.5-7B,mmlu,mmlu_202,1,0.16,False
Qwen2.5-0.5B→Qwen2.5-7B,mmlu,mmlu_203,1,0.16,False
Qwen2.5-0.5B→Qwen2.5-7B,mmlu,mmlu_204,1,0.24000000000000005,False
Qwen2.5-0.5B→Qwen2.5-7B,mmlu,mmlu_205,0,0.0,False
Qwen2.5-0.5B→Qwen2.5-7B,mmlu,mmlu_206,0,0.0,False
Qwen2.5-0.5B→Qwen2.5-7B,mmlu,mmlu_207,0,0.0,False
Qwen2.5-0.5B→Qwen2.5-7B,mmlu,mmlu_208,1,0.16000000000000006,False
Qwen2.5-0.5B→Qwen2.5-7B,mmlu,mmlu_209,0,0.0,False
Qwen2.5-0.5B→Qwen2.5-7B,mmlu,mmlu_21,0,0.0,False
Qwen2.5-0.5B→Qwen2.5-7B,mmlu,mmlu_210,0,0.0,False
Qwen2.5-0.5B→Qwen2.5-7B,mmlu,mmlu_211,0,0.0,False
Qwen2.5-0.5B→Qwen2.5-7B,mmlu,mmlu_212,0,0.0,False
Qwen2.5-0.5B→Qwen2.5-7B,mmlu,mmlu_213,1,0.16,False
Qwen2.5-0.5B→Qwen2.5-7B,mmlu,mmlu_214,1,0.16,False
Qwen2.5-0.5B→Qwen2.5-7B,mmlu,mmlu_215,0,0.0,False
Qwen2.5-0.5B→Qwen2.5-7B,mmlu,mmlu_216,1,0.16000000000000006,False
Qwen2.5-0.5B→Qwen2.5-7B,mmlu,mmlu_217,0,0.0,False
Qwen2.5-0.5B→Qwen2.5-7B,mmlu,mmlu_218,0,0.0,False
Qwen2.5-0.5B→Qwen2.5-7B,mmlu,mmlu_219,0,0.0,False
Qwen2.5-0.5B→Qwen2.5-7B,mmlu,mmlu_22,1,0.16,False
Qwen2.5-0.5B→Qwen2.5-7B,mmlu,mmlu_220,0,0.0,False
Qwen2.5-0.5B→Qwen2.5-7B,mmlu,mmlu_221,0,0.0,False
Qwen2.5-0.5B→Qwen2.5-7B,mmlu,mmlu_222,1,0.24000000000000005,False
Qwen2.5-0.5B→Qwen2.5-7B,mmlu,mmlu_223,0,0.0,False
Qwen2.5-0.5B→Qwen2.5-7B,mmlu,mmlu_224,0,0.0,False
Qwen2.5-0.5B→Qwen2.5-7B,mmlu,mmlu_225,2,0.24000000000000005,True
Qwen2.5-0.5B→Qwen2.5-7B,mmlu,mmlu_226,2,0.16,True
Qwen2.5-0.5B→Qwen2.5-7B,mmlu,mmlu_227,0,0.0,False
Qwen2.5-0.5B→Qwen2.5-7B,mmlu,mmlu_228,0,0.0,False
Qwen2.5-0.5B→Qwen2.5-7B,mmlu,mmlu_229,1,0.24000000000000005,False
Qwen2.5-0.5B→Qwen2.5-7B,mmlu,mmlu_23,1,0.16000000000000006,False
Qwen2.5-0.5B→Qwen2.5-7B,mmlu,mmlu_230,1,0.16,False
Qwen2.5-0.5B→Qwen2.5-7B,mmlu,mmlu_231,0,0.0,False
Qwen2.5-0.5B→Qwen2.5-7B,mmlu,mmlu_232,1,0.16,False
Qwen2.5-0.5B→Qwen2.5-7B,mmlu,mmlu_233,0,0.0,False
Qwen2.5-0.5B→Qwen2.5-7B,mmlu,mmlu_234,0,0.0,False
Qwen2.5-0.5B→Qwen2.5-7B,mmlu,mmlu_235,0,0.0,False
Qwen2.5-0.5B→Qwen2.5-7B,mmlu,mmlu_236,0,0.0,False
Qwen2.5-0.5B→Qwen2.5-7B,mmlu,mmlu_237,0,0.0,False
Qwen2.5-0.5B→Qwen2.5-7B,mmlu,mmlu_238,1,0.16,False
Qwen2.5-0.5B→Qwen2.5-7B,mmlu,mmlu_239,0,0.0,False
Qwen2.5-0.5B→Qwen2.5-7B,mmlu,mmlu_24,0,0.0,False
Qwen2.5-0.5B→Qwen2.5-7B,mmlu,mmlu_240,1,0.24000000000000005,False
Qwen2.5-0.5B→Qwen2.5-7B,mmlu,mmlu_241,1,0.24000000000000005,False
Qwen2.5-0.5B→Qwen2.5-7B,mmlu,mmlu_242,0,0.0,False
Qwen2.5-0.5B→Qwen2.5-7B,mmlu,mmlu_243,0,0.0,False
Qwen2.5-0.5B→Qwen2.5-7B,mmlu,mmlu_244,0,0.0,False
Qwen2.5-0.5B→Qwen2.5-7B,mmlu,mmlu_245,0,0.0,False
Qwen2.5-0.5B→Qwen2.5-7B,mmlu,mmlu_246,0,0.0,False
Qwen2.5-0.5B→Qwen2.5-7B,mmlu,mmlu_247,0,0.0,False
Qwen2.5-0.5B→Qwen2.5-7B,mmlu,mmlu_248,0,0.0,False
Qwen2.5-0.5B→Qwen2.5-7B,mmlu,mmlu_249,0,0.0,False
Qwen2.5-0.5B→Qwen2.5-7B,mmlu,mmlu_25,0,0.0,False
Qwen2.5-0.5B→Qwen2.5-7B,mmlu,mmlu_250,0,0.0,False
Qwen2.5-0.5B→Qwen2.5-7B,mmlu,mmlu_251,0,0.0,False
Qwen2.5-0.5B→Qwen2.5-7B,mmlu,mmlu_252,0,0.0,False
Qwen2.5-0.5B→Qwen2.5-7B,mmlu,mmlu_253,0,0.0,False
Qwen2.5-0.5B→Qwen2.5-7B,mmlu,mmlu_254,1,0.16000000000000003,False
Qwen2.5-0.5B→Qwen2.5-7B,mmlu,mmlu_255,1,0.16,False
Qwen2.5-0.5B→Qwen2.5-7B,mmlu,mmlu_256,1,0.16,False
Qwen2.5-0.5B→Qwen2.5-7B,mmlu,mmlu_257,0,0.0,False
Qwen2.5-0.5B→Qwen2.5-7B,mmlu,mmlu_258,0,0.0,False
Qwen2.5-0.5B→Qwen2.5-7B,mmlu,mmlu_259,0,0.0,False
Qwen2.5-0.5B→Qwen2.5-7B,mmlu,mmlu_26,0,0.0,False
Qwen2.5-0.5B→Qwen2.5-7B,mmlu,mmlu_260,0,0.0,False
Qwen2.5-0.5B→Qwen2.5-7B,mmlu,mmlu_261,0,0.0,False
Qwen2.5-0.5B→Qwen2.5-7B,mmlu,mmlu_262,0,0.0,False
Qwen2.5-0.5B→Qwen2.5-7B,mmlu,mmlu_263,0,0.0,False
Qwen2.5-0.5B→Qwen2.5-7B,mmlu,mmlu_264,0,0.0,False
Qwen2.5-0.5B→Qwen2.5-7B,mmlu,mmlu_265,0,0.0,False
Qwen2.5-0.5B→Qwen2.5-7B,mmlu,mmlu_266,1,0.24000000000000005,False
Qwen2.5-0.5B→Qwen2.5-7B,mmlu,mmlu_267,0,0.0,False
Qwen2.5-0.5B→Qwen2.5-7B,mmlu,mmlu_268,1,0.24000000000000005,False
Qwen2.5-0.5B→Qwen2.5-7B,mmlu,mmlu_269,0,0.0,False
Qwen2.5-0.5B→Qwen2.5-7B,mmlu,mmlu_27,1,0.16,False
Qwen2.5-0.5B→Qwen2.5-7B,mmlu,mmlu_270,1,0.16,False
Qwen2.5-0.5B→Qwen2.5-7B,mmlu,mmlu_271,0,0.0,False
Qwen2.5-0.5B→Qwen2.5-7B,mmlu,mmlu_272,1,0.16,False
Qwen2.5-0.5B→Qwen2.5-7B,mmlu,mmlu_273,0,0.0,False
Qwen2.5-0.5B→Qwen2.5-7B,mmlu,mmlu_274,0,0.0,False
Qwen2.5-0.5B→Qwen2.5-7B,mmlu,mmlu_275,0,0.0,False
Qwen2.5-0.5B→Qwen2.5-7B,mmlu,mmlu_276,0,0.0,False
Qwen2.5-0.5B→Qwen2.5-7B,mmlu,mmlu_277,0,0.0,False
Qwen2.5-0.5B→Qwen2.5-7B,mmlu,mmlu_278,0,0.0,False
Qwen2.5-0.5B→Qwen2.5-7B,mmlu,mmlu_279,0,0.0,False
Qwen2.5-0.5B→Qwen2.5-7B,mmlu,mmlu_28,0,0.0,False
Qwen2.5-0.5B→Qwen2.5-7B,mmlu,mmlu_280,1,0.24000000000000005,False
Qwen2.5-0.5B→Qwen2.5-7B,mmlu,mmlu_281,0,0.0,False
Qwen2.5-0.5B→Qwen2.5-7B,mmlu,mmlu_282,0,0.0,False
Qwen2.5-0.5B→Qwen2.5-7B,mmlu,mmlu_283,0,0.0,False
Qwen2.5-0.5B→Qwen2.5-7B,mmlu,mmlu_284,0,0.0,False
Qwen2.5-0.5B→Qwen2.5-7B,mmlu,mmlu_285,0,0.0,False
Qwen2.5-0.5B→Qwen2.5-7B,mmlu,mmlu_286,1,0.16000000000000006,False
Qwen2.5-0.5B→Qwen2.5-7B,mmlu,mmlu_287,0,0.0,False
Qwen2.5-0.5B→Qwen2.5-7B,mmlu,mmlu_288,0,0.0,False
Qwen2.5-0.5B→Qwen2.5-7B,mmlu,mmlu_289,0,0.0,False
Qwen2.5-0.5B→Qwen2.5-7B,mmlu,mmlu_29,0,0.0,False
Qwen2.5-0.5B→Qwen2.5-7B,mmlu,mmlu_290,0,0.0,False
Qwen2.5-0.5B→Qwen2.5-7B,mmlu,mmlu_291,0,0.0,False
Qwen2.5-0.5B→Qwen2.5-7B,mmlu,mmlu_292,1,0.24000000000000005,False
Qwen2.5-0.5B→Qwen2.5-7B,mmlu,mmlu_293,1,0.16000000000000006,False
Qwen2.5-0.5B→Qwen2.5-7B,mmlu,mmlu_294,0,0.0,False
Qwen2.5-0.5B→Qwen2.5-7B,mmlu,mmlu_295,0,0.0,False
Qwen2.5-0.5B→Qwen2.5-7B,mmlu,mmlu_296,0,0.0,False
Qwen2.5-0.5B→Qwen2.5-7B,mmlu,mmlu_297,0,0.0,False
Qwen2.5-0.5B→Qwen2.5-7B,mmlu,mmlu_298,0,0.0,False
Qwen2.5-0.5B→Qwen2.5-7B,mmlu,mmlu_299,0,0.0,False
Qwen2.5-0.5B→Qwen2.5-7B,mmlu,mmlu_3,0,0.0,False
Qwen2.5-0.5B→Qwen2.5-7B,mmlu,mmlu_30,0,0.0,False
Qwen2.5-0.5B→Qwen2.5-7B,mmlu,mmlu_300,0,0.0,False
Qwen2.5-0.5B→Qwen2.5-7B,mmlu,mmlu_301,0,0.0,False
Qwen2.5-0.5B→Qwen2.5-7B,mmlu,mmlu_302,0,0.0,False
Qwen2.5-0.5B→Qwen2.5-7B,mmlu,mmlu_303,0,0.0,False
Qwen2.5-0.5B→Qwen2.5-7B,mmlu,mmlu_304,1,0.24000000000000005,False
Qwen2.5-0.5B→Qwen2.5-7B,mmlu,mmlu_305,0,0.0,False
Qwen2.5-0.5B→Qwen2.5-7B,mmlu,mmlu_306,0,0.0,False
Qwen2.5-0.5B→Qwen2.5-7B,mmlu,mmlu_307,0,0.0,False
Qwen2.5-0.5B→Qwen2.5-7B,mmlu,mmlu_308,1,0.16,False
Qwen2.5-0.5B→Qwen2.5-7B,mmlu,mmlu_309,1,0.16,False
Qwen2.5-0.5B→Qwen2.5-7B,mmlu,mmlu_31,0,0.0,False
Qwen2.5-0.5B→Qwen2.5-7B,mmlu,mmlu_310,0,0.0,False
Qwen2.5-0.5B→Qwen2.5-7B,mmlu,mmlu_311,0,0.0,False
Qwen2.5-0.5B→Qwen2.5-7B,mmlu,mmlu_312,1,0.16000000000000006,False
Qwen2.5-0.5B→Qwen2.5-7B,mmlu,mmlu_313,0,0.0,False
Qwen2.5-0.5B→Qwen2.5-7B,mmlu,mmlu_314,0,0.0,False
Qwen2.5-0.5B→Qwen2.5-7B,mmlu,mmlu_315,0,0.0,False
Qwen2.5-0.5B→Qwen2.5-7B,mmlu,mmlu_316,0,0.0,False
Qwen2.5-0.5B→Qwen2.5-7B,mmlu,mmlu_317,0,0.0,False
Qwen2.5-0.5B→Qwen2.5-7B,mmlu,mmlu_318,0,0.0,False
Qwen2.5-0.5B→Qwen2.5-7B,mmlu,mmlu_319,0,0.0,False
Qwen2.5-0.5B→Qwen2.5-7B,mmlu,mmlu_32,0,0.0,False
Qwen2.5-0.5B→Qwen2.5-7B,mmlu,mmlu_320,0,0.0,False
Qwen2.5-0.5B→Qwen2.5-7B,mmlu,mmlu_321,0,0.0,False
Qwen2.5-0.5B→Qwen2.5-7B,mmlu,mmlu_322,1,0.16,False
Qwen2.5-0.5B→Qwen2.5-7B,mmlu,mmlu_323,1,0.24000000000000005,False
Qwen2.5-0.5B→Qwen2.5-7B,mmlu,mmlu_324,1,0.16,False
Qwen2.5-0.5B→Qwen2.5-7B,mmlu,mmlu_325,0,0.0,False
Qwen2.5-0.5B→Qwen2.5-7B,mmlu,mmlu_326,1,0.16,False
Qwen2.5-0.5B→Qwen2.5-7B,mmlu,mmlu_327,1,0.16,False
Qwen2.5-0.5B→Qwen2.5-7B,mmlu,mmlu_328,0,0.0,False
Qwen2.5-0.5B→Qwen2.5-7B,mmlu,mmlu_329,0,0.0,False
Qwen2.5-0.5B→Qwen2.5-7B,mmlu,mmlu_33,0,0.0,False
Qwen2.5-0.5B→Qwen2.5-7B,mmlu,mmlu_330,0,0.0,False
Qwen2.5-0.5B→Qwen2.5-7B,mmlu,mmlu_331,0,0.0,False
Qwen2.5-0.5B→Qwen2.5-7B,mmlu,mmlu_332,0,0.0,False
Qwen2.5-0.5B→Qwen2.5-7B,mmlu,mmlu_333,2,0.24000000000000005,True
Qwen2.5-0.5B→Qwen2.5-7B,mmlu,mmlu_334,1,0.16000000000000006,False
Qwen2.5-0.5B→Qwen2.5-7B,mmlu,mmlu_335,0,0.0,False
Qwen2.5-0.5B→Qwen2.5-7B,mmlu,mmlu_336,0,0.0,False
Qwen2.5-0.5B→Qwen2.5-7B,mmlu,mmlu_337,0,0.0,False
Qwen2.5-0.5B→Qwen2.5-7B,mmlu,mmlu_338,1,0.24000000000000005,False
Qwen2.5-0.5B→Qwen2.5-7B,mmlu,mmlu_339,0,0.0,False
Qwen2.5-0.5B→Qwen2.5-7B,mmlu,mmlu_34,0,0.0,False
Qwen2.5-0.5B→Qwen2.5-7B,mmlu,mmlu_340,1,0.16,False
Qwen2.5-0.5B→Qwen2.5-7B,mmlu,mmlu_341,1,0.16,False
Qwen2.5-0.5B→Qwen2.5-7B,mmlu,mmlu_342,0,0.0,False
Qwen2.5-0.5B→Qwen2.5-7B,mmlu,mmlu_343,0,0.0,False
Qwen2.5-0.5B→Qwen2.5-7B,mmlu,mmlu_344,0,0.0,False
Qwen2.5-0.5B→Qwen2.5-7B,mmlu,mmlu_345,1,0.24000000000000005,False
Qwen2.5-0.5B→Qwen2.5-7B,mmlu,mmlu_346,0,0.0,False
Qwen2.5-0.5B→Qwen2.5-7B,mmlu,mmlu_347,0,0.0,False
Qwen2.5-0.5B→Qwen2.5-7B,mmlu,mmlu_348,1,0.16000000000000003,False
Qwen2.5-0.5B→Qwen2.5-7B,mmlu,mmlu_349,1,0.24000000000000005,False
Qwen2.5-0.5B→Qwen2.5-7B,mmlu,mmlu_35,0,0.0,False
Qwen2.5-0.5B→Qwen2.5-7B,mmlu,mmlu_350,0,0.0,False
Qwen2.5-0.5B→Qwen2.5-7B,mmlu,mmlu_351,0,0.0,False
Qwen2.5-0.5B→Qwen2.5-7B,mmlu,mmlu_352,0,0.0,False
Qwen2.5-0.5B→Qwen2.5-7B,mmlu,mmlu_353,0,0.0,False
Qwen2.5-0.5B→Qwen2.5-7B,mmlu,mmlu_354,0,0.0,False
Qwen2.5-0.5B→Qwen2.5-7B,mmlu,mmlu_355,0,0.0,False
Qwen2.5-0.5B→Qwen2.5-7B,mmlu,mmlu_356,0,0.0,False
Qwen2.5-0.5B→Qwen2.5-7B,mmlu,mmlu_357,0,0.0,False
Qwen2.5-0.5B→Qwen2.5-7B,mmlu,mmlu_358,0,0.0,False
Qwen2.5-0.5B→Qwen2.5-7B,mmlu,mmlu_359,0,0.0,False
Qwen2.5-0.5B→Qwen2.5-7B,mmlu,mmlu_36,1,0.16,False
Qwen2.5-0.5B→Qwen2.5-7B,mmlu,mmlu_360,1,0.24000000000000005,False
Qwen2.5-0.5B→Qwen2.5-7B,mmlu,mmlu_361,0,0.0,False
Qwen2.5-0.5B→Qwen2.5-7B,mmlu,mmlu_362,0,0.0,False
Qwen2.5-0.5B→Qwen2.5-7B,mmlu,mmlu_363,1,0.16,False
Qwen2.5-0.5B→Qwen2.5-7B,mmlu,mmlu_364,0,0.0,False
Qwen2.5-0.5B→Qwen2.5-7B,mmlu,mmlu_365,0,0.0,False
Qwen2.5-0.5B→Qwen2.5-7B,mmlu,mmlu_366,0,0.0,False
Qwen2.5-0.5B→Qwen2.5-7B,mmlu,mmlu_367,0,0.0,False
Qwen2.5-0.5B→Qwen2.5-7B,mmlu,mmlu_368,0,0.0,False
Qwen2.5-0.5B→Qwen2.5-7B,mmlu,mmlu_369,1,0.16,False
Qwen2.5-0.5B→Qwen2.5-7B,mmlu,mmlu_37,0,0.0,False
Qwen2.5-0.5B→Qwen2.5-7B,mmlu,mmlu_370,1,0.16,False
Qwen2.5-0.5B→Qwen2.5-7B,mmlu,mmlu_371,0,0.0,False
Qwen2.5-0.5B→Qwen2.5-7B,mmlu,mmlu_372,1,0.16,False
Qwen2.5-0.5B→Qwen2.5-7B,mmlu,mmlu_373,0,0.0,False
Qwen2.5-0.5B→Qwen2.5-7B,mmlu,mmlu_374,0,0.0,False
Qwen2.5-0.5B→Qwen2.5-7B,mmlu,mmlu_375,0,0.0,False
Qwen2.5-0.5B→Qwen2.5-7B,mmlu,mmlu_376,1,0.16000000000000006,False
Qwen2.5-0.5B→Qwen2.5-7B,mmlu,mmlu_377,0,0.0,False
Qwen2.5-0.5B→Qwen2.5-7B,mmlu,mmlu_378,0,0.0,False
Qwen2.5-0.5B→Qwen2.5-7B,mmlu,mmlu_379,1,0.24000000000000005,False
Qwen2.5-0.5B→Qwen2.5-7B,mmlu,mmlu_38,1,0.16000000000000003,False
Qwen2.5-0.5B→Qwen2.5-7B,mmlu,mmlu_380,0,0.0,False
Qwen2.5-0.5B→Qwen2.5-7B,mmlu,mmlu_381,1,0.24000000000000005,False
Qwen2.5-0.5B→Qwen2.5-7B,mmlu,mmlu_382,0,0.0,False
Qwen2.5-0.5B→Qwen2.5-7B,mmlu,mmlu_383,0,0.0,False
Qwen2.5-0.5B→Qwen2.5-7B,mmlu,mmlu_384,0,0.0,False
Qwen2.5-0.5B→Qwen2.5-7B,mmlu,mmlu_385,1,0.24000000000000005,False
Qwen2.5-0.5B→Qwen2.5-7B,mmlu,mmlu_386,0,0.0,False
Qwen2.5-0.5B→Qwen2.5-7B,mmlu,mmlu_387,1,0.24000000000000005,False
Qwen2.5-0.5B→Qwen2.5-7B,mmlu,mmlu_388,1,0.16,False
Qwen2.5-0.5B→Qwen2.5-7B,mmlu,mmlu_389,1,0.16000000000000003,False
Qwen2.5-0.5B→Qwen2.5-7B,mmlu,mmlu_39,0,0.0,False
Qwen2.5-0.5B→Qwen2.5-7B,mmlu,mmlu_390,0,0.0,False
Qwen2.5-0.5B→Qwen2.5-7B,mmlu,mmlu_391,1,0.24000000000000005,False
Qwen2.5-0.5B→Qwen2.5-7B,mmlu,mmlu_392,0,0.0,False
Qwen2.5-0.5B→Qwen2.5-7B,mmlu,mmlu_393,0,0.0,False
Qwen2.5-0.5B→Qwen2.5-7B,mmlu,mmlu_394,1,0.16000000000000006,False
Qwen2.5-0.5B→Qwen2.5-7B,mmlu,mmlu_395,0,0.0,False
Qwen2.5-0.5B→Qwen2.5-7B,mmlu,mmlu_396,1,0.16,False
Qwen2.5-0.5B→Qwen2.5-7B,mmlu,mmlu_397,0,0.0,False
Qwen2.5-0.5B→Qwen2.5-7B,mmlu,mmlu_398,0,0.0,False
Qwen2.5-0.5B→Qwen2.5-7B,mmlu,mmlu_399,0,0.0,False
Qwen2.5-0.5B→Qwen2.5-7B,mmlu,mmlu_4,1,0.24000000000000005,False
Qwen2.5-0.5B→Qwen2.5-7B,mmlu,mmlu_40,1,0.16,False
Qwen2.5-0.5B→Qwen2.5-7B,mmlu,mmlu_400,1,0.16,False
Qwen2.5-0.5B→Qwen2.5-7B,mmlu,mmlu_401,1,0.16,False
Qwen2.5-0.5B→Qwen2.5-7B,mmlu,mmlu_402,0,0.0,False
Qwen2.5-0.5B→Qwen2.5-7B,mmlu,mmlu_403,0,0.0,False
Qwen2.5-0.5B→Qwen2.5-7B,mmlu,mmlu_404,0,0.0,False
Qwen2.5-0.5B→Qwen2.5-7B,mmlu,mmlu_405,1,0.24000000000000005,False
Qwen2.5-0.5B→Qwen2.5-7B,mmlu,mmlu_406,0,0.0,False
Qwen2.5-0.5B→Qwen2.5-7B,mmlu,mmlu_407,0,0.0,False
Qwen2.5-0.5B→Qwen2.5-7B,mmlu,mmlu_408,0,0.0,False
Qwen2.5-0.5B→Qwen2.5-7B,mmlu,mmlu_409,0,0.0,False
Qwen2.5-0.5B→Qwen2.5-7B,mmlu,mmlu_41,0,0.0,False
Qwen2.5-0.5B→Qwen2.5-7B,mmlu,mmlu_410,0,0.0,False
Qwen2.5-0.5B→Qwen2.5-7B,mmlu,mmlu_411,0,0.0,False
Qwen2.5-0.5B→Qwen2.5-7B,mmlu,mmlu_412,1,0.24000000000000005,False
Qwen2.5-0.5B→Qwen2.5-7B,mmlu,mmlu_413,0,0.0,False
Qwen2.5-0.5B→Qwen2.5-7B,mmlu,mmlu_414,0,0.0,False
Qwen2.5-0.5B→Qwen2.5-7B,mmlu,mmlu_415,0,0.0,False
Qwen2.5-0.5B→Qwen2.5-7B,mmlu,mmlu_416,0,0.0,False
Qwen2.5-0.5B→Qwen2.5-7B,mmlu,mmlu_417,0,0.0,False
Qwen2.5-0.5B→Qwen2.5-7B,mmlu,mmlu_418,1,0.16,False
Qwen2.5-0.5B→Qwen2.5-7B,mmlu,mmlu_419,0,0.0,False
Qwen2.5-0.5B→Qwen2.5-7B,mmlu,mmlu_42,0,0.0,False
Qwen2.5-0.5B→Qwen2.5-7B,mmlu,mmlu_420,0,0.0,False
Qwen2.5-0.5B→Qwen2.5-7B,mmlu,mmlu_421,1,0.16,False
Qwen2.5-0.5B→Qwen2.5-7B,mmlu,mmlu_422,1,0.16,False
Qwen2.5-0.5B→Qwen2.5-7B,mmlu,mmlu_423,0,0.0,False
Qwen2.5-0.5B→Qwen2.5-7B,mmlu,mmlu_424,1,0.16,False
Qwen2.5-0.5B→Qwen2.5-7B,mmlu,mmlu_425,0,0.0,False
Qwen2.5-0.5B→Qwen2.5-7B,mmlu,mmlu_426,1,0.24000000000000005,False
Qwen2.5-0.5B→Qwen2.5-7B,mmlu,mmlu_427,2,0.16000000000000003,True
Qwen2.5-0.5B→Qwen2.5-7B,mmlu,mmlu_428,1,0.16,False
Qwen2.5-0.5B→Qwen2.5-7B,mmlu,mmlu_429,1,0.24000000000000005,False
Qwen2.5-0.5B→Qwen2.5-7B,mmlu,mmlu_43,1,0.24000000000000005,False
Qwen2.5-0.5B→Qwen2.5-7B,mmlu,mmlu_430,0,0.0,False
Qwen2.5-0.5B→Qwen2.5-7B,mmlu,mmlu_431,0,0.0,False
Qwen2.5-0.5B→Qwen2.5-7B,mmlu,mmlu_432,0,0.0,False
Qwen2.5-0.5B→Qwen2.5-7B,mmlu,mmlu_433,2,0.24000000000000005,True
Qwen2.5-0.5B→Qwen2.5-7B,mmlu,mmlu_434,1,0.16,False
Qwen2.5-0.5B→Qwen2.5-7B,mmlu,mmlu_435,0,0.0,False
Qwen2.5-0.5B→Qwen2.5-7B,mmlu,mmlu_436,1,0.16000000000000006,False
Qwen2.5-0.5B→Qwen2.5-7B,mmlu,mmlu_437,0,0.0,False
Qwen2.5-0.5B→Qwen2.5-7B,mmlu,mmlu_438,0,0.0,False
Qwen2.5-0.5B→Qwen2.5-7B,mmlu,mmlu_439,0,0.0,False
Qwen2.5-0.5B→Qwen2.5-7B,mmlu,mmlu_44,1,0.16,False
Qwen2.5-0.5B→Qwen2.5-7B,mmlu,mmlu_440,0,0.0,False
Qwen2.5-0.5B→Qwen2.5-7B,mmlu,mmlu_441,1,0.24000000000000005,False
Qwen2.5-0.5B→Qwen2.5-7B,mmlu,mmlu_442,0,0.0,False
Qwen2.5-0.5B→Qwen2.5-7B,mmlu,mmlu_443,1,0.24000000000000005,False
Qwen2.5-0.5B→Qwen2.5-7B,mmlu,mmlu_444,0,0.0,False
Qwen2.5-0.5B→Qwen2.5-7B,mmlu,mmlu_445,0,0.0,False
Qwen2.5-0.5B→Qwen2.5-7B,mmlu,mmlu_446,1,0.24000000000000005,False
Qwen2.5-0.5B→Qwen2.5-7B,mmlu,mmlu_447,1,0.24000000000000005,False
Qwen2.5-0.5B→Qwen2.5-7B,mmlu,mmlu_448,1,0.16,False
Qwen2.5-0.5B→Qwen2.5-7B,mmlu,mmlu_449,0,0.0,False
Qwen2.5-0.5B→Qwen2.5-7B,mmlu,mmlu_45,0,0.0,False
Qwen2.5-0.5B→Qwen2.5-7B,mmlu,mmlu_450,1,0.16000000000000006,False
Qwen2.5-0.5B→Qwen2.5-7B,mmlu,mmlu_451,2,0.24000000000000005,True
Qwen2.5-0.5B→Qwen2.5-7B,mmlu,mmlu_452,0,0.0,False
Qwen2.5-0.5B→Qwen2.5-7B,mmlu,mmlu_453,1,0.16000000000000003,False
Qwen2.5-0.5B→Qwen2.5-7B,mmlu,mmlu_454,0,0.0,False
Qwen2.5-0.5B→Qwen2.5-7B,mmlu,mmlu_455,0,0.0,False
Qwen2.5-0.5B→Qwen2.5-7B,mmlu,mmlu_456,1,0.24000000000000005,False
Qwen2.5-0.5B→Qwen2.5-7B,mmlu,mmlu_457,1,0.16,False
Qwen2.5-0.5B→Qwen2.5-7B,mmlu,mmlu_458,0,0.0,False
Qwen2.5-0.5B→Qwen2.5-7B,mmlu,mmlu_459,0,0.0,False
Qwen2.5-0.5B→Qwen2.5-7B,mmlu,mmlu_46,0,0.0,False
Qwen2.5-0.5B→Qwen2.5-7B,mmlu,mmlu_460,0,0.0,False
Qwen2.5-0.5B→Qwen2.5-7B,mmlu,mmlu_461,0,0.0,False
Qwen2.5-0.5B→Qwen2.5-7B,mmlu,mmlu_462,1,0.24000000000000005,False
Qwen2.5-0.5B→Qwen2.5-7B,mmlu,mmlu_463,0,0.0,False
Qwen2.5-0.5B→Qwen2.5-7B,mmlu,mmlu_464,0,0.0,False
Qwen2.5-0.5B→Qwen2.5-7B,mmlu,mmlu_465,0,0.0,False
Qwen2.5-0.5B→Qwen2.5-7B,mmlu,mmlu_466,0,0.0,False
Qwen2.5-0.5B→Qwen2.5-7B,mmlu,mmlu_467,0,0.0,False
Qwen2.5-0.5B→Qwen2.5-7B,mmlu,mmlu_468,0,0.0,False
Qwen2.5-0.5B→Qwen2.5-7B,mmlu,mmlu_469,0,0.0,False
Qwen2.5-0.5B→Qwen2.5-7B,mmlu,mmlu_47,0,0.0,False
Qwen2.5-0.5B→Qwen2.5-7B,mmlu,mmlu_470,1,0.24000000000000005,False
Qwen2.5-0.5B→Qwen2.5-7B,mmlu,mmlu_471,1,0.16000000000000006,False
Qwen2.5-0.5B→Qwen2.5-7B,mmlu,mmlu_472,0,0.0,False
Qwen2.5-0.5B→Qwen2.5-7B,mmlu,mmlu_473,1,0.24000000000000005,False
Qwen2.5-0.5B→Qwen2.5-7B,mmlu,mmlu_474,1,0.16000000000000006,False
Qwen2.5-0.5B→Qwen2.5-7B,mmlu,mmlu_475,0,0.0,False
Qwen2.5-0.5B→Qwen2.5-7B,mmlu,mmlu_476,0,0.0,False
Qwen2.5-0.5B→Qwen2.5-7B,mmlu,mmlu_477,1,0.16,False
Qwen2.5-0.5B→Qwen2.5-7B,mmlu,mmlu_478,1,0.24000000000000005,False
Qwen2.5-0.5B→Qwen2.5-7B,mmlu,mmlu_479,0,0.0,False
Qwen2.5-0.5B→Qwen2.5-7B,mmlu,mmlu_48,0,0.0,False
Qwen2.5-0.5B→Qwen2.5-7B,mmlu,mmlu_480,0,0.0,False
Qwen2.5-0.5B→Qwen2.5-7B,mmlu,mmlu_481,0,0.0,False
Qwen2.5-0.5B→Qwen2.5-7B,mmlu,mmlu_482,0,0.0,False
Qwen2.5-0.5B→Qwen2.5-7B,mmlu,mmlu_483,0,0.0,False
Qwen2.5-0.5B→Qwen2.5-7B,mmlu,mmlu_484,1,0.16000000000000006,False
Qwen2.5-0.5B→Qwen2.5-7B,mmlu,mmlu_485,1,0.16,False
Qwen2.5-0.5B→Qwen2.5-7B,mmlu,mmlu_486,0,0.0,False
Qwen2.5-0.5B→Qwen2.5-7B,mmlu,mmlu_487,0,0.0,False
Qwen2.5-0.5B→Qwen2.5-7B,mmlu,mmlu_488,0,0.0,False
Qwen2.5-0.5B→Qwen2.5-7B,mmlu,mmlu_489,0,0.0,False
Qwen2.5-0.5B→Qwen2.5-7B,mmlu,mmlu_49,0,0.0,False
Qwen2.5-0.5B→Qwen2.5-7B,mmlu,mmlu_490,0,0.0,False
Qwen2.5-0.5B→Qwen2.5-7B,mmlu,mmlu_491,0,0.0,False
Qwen2.5-0.5B→Qwen2.5-7B,mmlu,mmlu_492,0,0.0,False
Qwen2.5-0.5B→Qwen2.5-7B,mmlu,mmlu_493,1,0.16,False
Qwen2.5-0.5B→Qwen2.5-7B,mmlu,mmlu_494,0,0.0,False
Qwen2.5-0.5B→Qwen2.5-7B,mmlu,mmlu_495,0,0.0,False
Qwen2.5-0.5B→Qwen2.5-7B,mmlu,mmlu_496,0,0.0,False
Qwen2.5-0.5B→Qwen2.5-7B,mmlu,mmlu_497,0,0.0,False
Qwen2.5-0.5B→Qwen2.5-7B,mmlu,mmlu_498,0,0.0,False
Qwen2.5-0.5B→Qwen2.5-7B,mmlu,mmlu_499,0,0.0,False
Qwen2.5-0.5B→Qwen2.5-7B,mmlu,mmlu_5,0,0.0,False
Qwen2.5-0.5B→Qwen2.5-7B,mmlu,mmlu_50,0,0.0,False
Qwen2.5-0.5B→Qwen2.5-7B,mmlu,mmlu_51,1,0.16,False
Qwen2.5-0.5B→Qwen2.5-7B,mmlu,mmlu_52,1,0.16000000000000006,False
Qwen2.5-0.5B→Qwen2.5-7B,mmlu,mmlu_53,2,0.24000000000000005,True
Qwen2.5-0.5B→Qwen2.5-7B,mmlu,mmlu_54,0,0.0,False
Qwen2.5-0.5B→Qwen2.5-7B,mmlu,mmlu_55,0,0.0,False
Qwen2.5-0.5B→Qwen2.5-7B,mmlu,mmlu_56,0,0.0,False
Qwen2.5-0.5B→Qwen2.5-7B,mmlu,mmlu_57,0,0.0,False
Qwen2.5-0.5B→Qwen2.5-7B,mmlu,mmlu_58,0,0.0,False
Qwen2.5-0.5B→Qwen2.5-7B,mmlu,mmlu_59,0,0.0,False
Qwen2.5-0.5B→Qwen2.5-7B,mmlu,mmlu_6,0,0.0,False
Qwen2.5-0.5B→Qwen2.5-7B,mmlu,mmlu_60,0,0.0,False
Qwen2.5-0.5B→Qwen2.5-7B,mmlu,mmlu_61,0,0.0,False
Qwen2.5-0.5B→Qwen2.5-7B,mmlu,mmlu_62,0,0.0,False
Qwen2.5-0.5B→Qwen2.5-7B,mmlu,mmlu_63,1,0.16,False
Qwen2.5-0.5B→Qwen2.5-7B,mmlu,mmlu_64,1,0.24000000000000005,False
Qwen2.5-0.5B→Qwen2.5-7B,mmlu,mmlu_65,0,0.0,False
Qwen2.5-0.5B→Qwen2.5-7B,mmlu,mmlu_66,0,0.0,False
Qwen2.5-0.5B→Qwen2.5-7B,mmlu,mmlu_67,0,0.0,False
Qwen2.5-0.5B→Qwen2.5-7B,mmlu,mmlu_68,1,0.16,False
Qwen2.5-0.5B→Qwen2.5-7B,mmlu,mmlu_69,0,0.0,False
Qwen2.5-0.5B→Qwen2.5-7B,mmlu,mmlu_7,0,0.0,False
Qwen2.5-0.5B→Qwen2.5-7B,mmlu,mmlu_70,0,0.0,False
Qwen2.5-0.5B→Qwen2.5-7B,mmlu,mmlu_71,0,0.0,False
Qwen2.5-0.5B→Qwen2.5-7B,mmlu,mmlu_72,0,0.0,False
Qwen2.5-0.5B→Qwen2.5-7B,mmlu,mmlu_73,0,0.0,False
Qwen2.5-0.5B→Qwen2.5-7B,mmlu,mmlu_74,1,0.24000000000000005,False
Qwen2.5-0.5B→Qwen2.5-7B,mmlu,mmlu_75,0,0.0,False
Qwen2.5-0.5B→Qwen2.5-7B,mmlu,mmlu_76,0,0.0,False
Qwen2.5-0.5B→Qwen2.5-7B,mmlu,mmlu_77,0,0.0,False
Qwen2.5-0.5B→Qwen2.5-7B,mmlu,mmlu_78,0,0.0,False
Qwen2.5-0.5B→Qwen2.5-7B,mmlu,mmlu_79,0,0.0,False
Qwen2.5-0.5B→Qwen2.5-7B,mmlu,mmlu_8,1,0.24000000000000005,False
Qwen2.5-0.5B→Qwen2.5-7B,mmlu,mmlu_80,0,0.0,False
Qwen2.5-0.5B→Qwen2.5-7B,mmlu,mmlu_81,0,0.0,False
Qwen2.5-0.5B→Qwen2.5-7B,mmlu,mmlu_82,0,0.0,False
Qwen2.5-0.5B→Qwen2.5-7B,mmlu,mmlu_83,0,0.0,False
Qwen2.5-0.5B→Qwen2.5-7B,mmlu,mmlu_84,0,0.0,False
Qwen2.5-0.5B→Qwen2.5-7B,mmlu,mmlu_85,1,0.16000000000000006,False
Qwen2.5-0.5B→Qwen2.5-7B,mmlu,mmlu_86,1,0.16,False
Qwen2.5-0.5B→Qwen2.5-7B,mmlu,mmlu_87,1,0.24000000000000005,False
Qwen2.5-0.5B→Qwen2.5-7B,mmlu,mmlu_88,1,0.24000000000000005,False
Qwen2.5-0.5B→Qwen2.5-7B,mmlu,mmlu_89,0,0.0,False
Qwen2.5-0.5B→Qwen2.5-7B,mmlu,mmlu_9,0,0.0,False
Qwen2.5-0.5B→Qwen2.5-7B,mmlu,mmlu_90,2,0.16000000000000006,True
Qwen2.5-0.5B→Qwen2.5-7B,mmlu,mmlu_91,0,0.0,False
Qwen2.5-0.5B→Qwen2.5-7B,mmlu,mmlu_92,0,0.0,False
Qwen2.5-0.5B→Qwen2.5-7B,mmlu,mmlu_93,1,0.24000000000000005,False
Qwen2.5-0.5B→Qwen2.5-7B,mmlu,mmlu_94,0,0.0,False
Qwen2.5-0.5B→Qwen2.5-7B,mmlu,mmlu_95,0,0.0,False
Qwen2.5-0.5B→Qwen2.5-7B,mmlu,mmlu_96,1,0.16000000000000006,False
Qwen2.5-0.5B→Qwen2.5-7B,mmlu,mmlu_97,0,0.0,False
Qwen2.5-0.5B→Qwen2.5-7B,mmlu,mmlu_98,2,0.16000000000000006,True
Qwen2.5-0.5B→Qwen2.5-7B,mmlu,mmlu_99,0,0.0,False
